{"HPLUS":"WEAPONS STAVES","model":{"on_false":{"on_false":{"on_false":{"on_false":{"model":"item/allium","type":"model"},"on_true":{"cases":[{"model":{"model":"hplus:skyblock/weapons/staves/staff_of_the_rising_moon","type":"model"},"when":"gui"}],"fallback":{"model":"hplus:skyblock/weapons/staves/staff_of_the_rising_moon_hand","type":"model"},"property":"display_context","type":"select"},"predicate":"custom_data","property":"component","type":"condition","value":{"id":"STAFF_OF_THE_RISING_MOON"}},"on_true":{"cases":[{"model":{"model":"hplus:skyblock/weapons/staves/starred_bat_wand","type":"model"},"when":"gui"}],"fallback":{"model":"hplus:skyblock/weapons/staves/starred_bat_wand_hand","type":"model"},"property":"display_context","type":"select"},"predicate":"custom_data","property":"component","type":"condition","value":{"id":"STARRED_BAT_WAND"}},"on_true":{"cases":[{"model":{"model":"hplus:skyblock/weapons/staves/bat_wand","type":"model"},"when":"gui"}],"fallback":{"model":"hplus:skyblock/weapons/staves/bat_wand_hand","type":"model"},"property":"display_context","type":"select"},"predicate":"custom_data","property":"component","type":"condition","value":{"id":"BAT_WAND"}},"on_true":{"cases":[{"model":{"model":"hplus:skyblock/weapons/staves/alchemists_staff","type":"model"},"when":"gui"}],"fallback":{"model":"hplus:skyblock/weapons/staves/alchemists_staff_hand","type":"model"},"property":"display_context","type":"select"},"predicate":"custom_data","property":"component","type":"condition","value":{"id":"ALCHEMISTS_STAFF"}}}