{"model":{"HPLUS":"ITEMS REFORGE_STONES","cases":[{"model":{"model":"hplus:ui/buttons/arrow_circle_red","type":"model"},"when":[{"extra":[{"color":"green","text":"Reset Settings"}],"italic":false,"text":""}]},{"model":{"model":"hplus:skyblock/items/reforge_stones/anvil_hammer","type":"model"},"when":[{"extra":[{"color":"yellow","text":"Reforge Item"}],"italic":false,"text":""}]},{"model":{"model":"hplus:skyblock/items/reforge_stones/anvil_hammer","type":"model"},"when":[{"extra":[{"color":"green","text":"Combine Items"}],"italic":false,"text":""}]},{"model":{"model":"hplus:skyblock/items/reforge_stones/anvil_hammer","type":"model"},"when":[{"extra":[{"color":"red","text":"Upgrade Item"}],"italic":false,"text":""}]},{"model":{"model":"hplus:skyblock/items/reforge_stones/anvil_hammer","type":"model"},"when":[{"extra":[{"color":"yellow","text":"Upgrade Item"}],"italic":false,"text":""}]},{"model":{"model":"hplus:skyblock/items/reforge_stones/anvil_hammer","type":"model"},"when":[{"extra":[{"color":"green","text":"Upgrade Item"}],"italic":false,"text":""}]},{"model":{"model":"hplus:skyblock/items/reforge_stones/anvil_hammer","type":"model"},"when":[{"extra":[{"color":"red","text":"Convert to Dungeon Item"}],"italic":false,"text":""}]},{"model":{"model":"hplus:skyblock/items/reforge_stones/anvil_hammer","type":"model"},"when":[{"extra":[{"color":"green","text":"Convert to Dungeon Item"}],"italic":false,"text":""}]},{"model":{"model":"hplus:skyblock/items/reforge_stones/anvil_hammer","type":"model"},"when":[{"extra":[{"color":"green","text":"Account Status"}],"italic":false,"text":""}]},{"model":{"model":"hplus:skyblock/items/mining/crystal_hollows/dwarven_gold_hammer","type":"model"},"when":[{"extra":[{"color":"green","text":"Increase Price"}],"italic":false,"text":""}]},{"model":{"model":"hplus:skyblock/items/reforge_stones/reforge_anvil","type":"model"},"when":[{"extra":[{"color":"green","text":"Reforge Anvil"}],"italic":false,"text":""}]},{"model":{"model":"hplus:ui/icons/lobby/prototype","type":"model"},"when":[{"extra":[{"color":"green","text":"Prototype "}],"italic":false,"text":""}]}],"component":"custom_name","fallback":{"HPLUS":"ITEMS RIFT","on_false":{"HPLUS":"ITEMS PET_ITEMS","on_false":{"on_false":{"model":"block/anvil","type":"model"},"on_true":{"model":"hplus:skyblock/items/pet_items/zog_anvil","type":"model"},"predicate":"custom_data","property":"component","type":"condition","value":{"id":"ZOG_ANVIL"}},"on_true":{"model":"hplus:skyblock/items/rift/living_metal_anvil","type":"model"},"predicate":"custom_data","property":"component","type":"condition","value":{"id":"LIVING_METAL_ANVIL"}},"on_true":{"model":"hplus:skyblock/items/reforge_stones/reforge_anvil","type":"model"},"predicate":"custom_data","property":"component","type":"condition","value":{"id":"REFORGE_ANVIL"}},"property":"component","type":"select"}}