{"model":{"HPLUS":"TOOLS MINING","cases":[{"model":{"model":"hplus:ui/icons/lobby/gestures","type":"model"},"when":[{"extra":[{"bold":true,"color":"light_purple","text":"Gestures "},{"color":"gray","text":"(Right Click)"}],"italic":false,"text":""}]}],"component":"custom_name","fallback":{"on_false":{"on_false":{"on_false":{"on_false":{"model":"item/armor_stand","type":"model"},"on_true":{"model":"hplus:skyblock/tools/mining/perfect_chisel","type":"model"},"predicate":"custom_data","property":"component","type":"condition","value":{"id":"PERFECT_CHISEL"}},"on_true":{"model":"hplus:skyblock/tools/mining/glacite_chisel","type":"model"},"predicate":"custom_data","property":"component","type":"condition","value":{"id":"GLACITE_CHISEL"}},"on_true":{"model":"hplus:skyblock/tools/mining/reinforced_chisel","type":"model"},"predicate":"custom_data","property":"component","type":"condition","value":{"id":"REINFORCED_CHISEL"}},"on_true":{"model":"hplus:skyblock/tools/mining/chisel","type":"model"},"predicate":"custom_data","property":"component","type":"condition","value":{"id":"CHISEL"}},"property":"component","type":"select"}}