{"model":{"HPLUS":"TOOLS ARROWS","cases":[{"model":{"model":"hplus:ui/buttons/arrow_down","type":"model"},"when":[{"extra":[{"color":"green","text":"Go Back"}],"italic":false,"text":""}]},{"model":{"model":"hplus:ui/buttons/arrow_down","type":"model"},"when":[{"extra":[{"color":"yellow","text":"Back"}],"italic":false,"text":""}]},{"model":{"model":"hplus:ui/buttons/arrow_down","type":"model"},"when":[{"extra":[{"color":"green","text":"Scroll Down"}],"italic":false,"text":""}]},{"model":{"model":"hplus:ui/buttons/arrow_up","type":"model"},"when":[{"extra":[{"color":"green","text":"Scroll Up"}],"italic":false,"text":""}]},{"model":{"model":"hplus:ui/buttons/arrow_left","type":"model"},"when":[{"extra":[{"color":"green","text":"Previous Page"}],"italic":false,"text":""}]},{"model":{"model":"hplus:ui/buttons/arrow_left","type":"model"},"when":[{"extra":[{"color":"green","text":"Previous Recipe"}],"italic":false,"text":""}]},{"model":{"model":"hplus:ui/buttons/arrow_left_double","type":"model"},"when":[{"extra":[{"color":"green","text":"Scroll Left"}],"italic":false,"text":""}]},{"model":{"model":"hplus:ui/buttons/arrow_right","type":"model"},"when":[{"extra":[{"color":"green","text":"Next Page"}],"italic":false,"text":""}]},{"model":{"model":"hplus:ui/buttons/arrow_right","type":"model"},"when":[{"extra":[{"color":"green","text":"Next Recipe"}],"italic":false,"text":""}]},{"model":{"model":"hplus:ui/buttons/arrow_right_double","type":"model"},"when":[{"extra":[{"color":"green","text":"Levels 1 - 25"}],"italic":false,"text":""}]},{"model":{"model":"hplus:ui/buttons/arrow_right_double","type":"model"},"when":[{"extra":[{"color":"green","text":"Mastery 1 - 25"}],"italic":false,"text":""}]},{"model":{"model":"hplus:ui/buttons/arrow_right_double","type":"model"},"when":[{"extra":[{"color":"green","text":"Levels 26 - 50"}],"italic":false,"text":""}]},{"model":{"model":"hplus:ui/buttons/arrow_right_double","type":"model"},"when":[{"extra":[{"color":"green","text":"Mastery 26 - 50"}],"italic":false,"text":""}]},{"model":{"model":"hplus:ui/buttons/arrow_right_double","type":"model"},"when":[{"extra":[{"color":"green","text":"Levels 51 - 60"}],"italic":false,"text":""}]},{"model":{"model":"hplus:ui/buttons/arrow_right_double","type":"model"},"when":[{"extra":[{"color":"green","text":"Levels 51 - 75"}],"italic":false,"text":""}]},{"model":{"model":"hplus:ui/buttons/arrow_right_double","type":"model"},"when":[{"extra":[{"color":"green","text":"Scroll Right"}],"italic":false,"text":""}]}],"component":"custom_name","fallback":{"on_false":{"on_false":{"on_false":{"on_false":{"on_false":{"on_false":{"on_false":{"on_false":{"on_false":{"on_false":{"HPLUS":"ITEMS RIFT","on_false":{"on_false":{"model":"item/arrow","type":"model"},"on_true":{"model":"hplus:skyblock/items/rift/deadgehog_spine","type":"model"},"predicate":"custom_data","property":"component","type":"condition","value":{"id":"DEADGEHOG_SPINE"}},"on_true":{"model":"hplus:skyblock/tools/arrows/redstone_tipped_arrow","type":"model"},"predicate":"custom_data","property":"component","type":"condition","value":{"id":"REDSTONE_TIPPED_ARROW"}},"on_true":{"model":"hplus:skyblock/tools/arrows/nansorb_arrow","type":"model"},"predicate":"custom_data","property":"component","type":"condition","value":{"id":"NANSORB_ARROW"}},"on_true":{"model":"hplus:skyblock/tools/arrows/magma_arrow","type":"model"},"predicate":"custom_data","property":"component","type":"condition","value":{"id":"MAGMA_ARROW"}},"on_true":{"model":"hplus:skyblock/tools/arrows/icy_arrow","type":"model"},"predicate":"custom_data","property":"component","type":"condition","value":{"id":"ICY_ARROW"}},"on_true":{"model":"hplus:skyblock/tools/arrows/gold_tipped_arrow","type":"model"},"predicate":"custom_data","property":"component","type":"condition","value":{"id":"GOLD_TIPPED_ARROW"}},"on_true":{"model":"hplus:skyblock/tools/arrows/glue_arrow","type":"model"},"predicate":"custom_data","property":"component","type":"condition","value":{"id":"GLUE_ARROW"}},"on_true":{"model":"hplus:skyblock/tools/arrows/flint_arrow","type":"model"},"predicate":"custom_data","property":"component","type":"condition","value":{"id":"ARROW"}},"on_true":{"model":"hplus:skyblock/tools/arrows/explosive_arrow","type":"model"},"predicate":"custom_data","property":"component","type":"condition","value":{"id":"EXPLOSIVE_ARROW"}},"on_true":{"model":"hplus:skyblock/tools/arrows/emerald_tipped_arrow","type":"model"},"predicate":"custom_data","property":"component","type":"condition","value":{"id":"EMERALD_TIPPED_ARROW"}},"on_true":{"model":"hplus:skyblock/tools/arrows/bouncy_arrow","type":"model"},"predicate":"custom_data","property":"component","type":"condition","value":{"id":"BOUNCY_ARROW"}},"on_true":{"model":"hplus:skyblock/tools/arrows/armorshred_arrow","type":"model"},"predicate":"custom_data","property":"component","type":"condition","value":{"id":"ARMORSHRED_ARROW"}},"property":"component","type":"select"}}