{"model":{"HPLUS":"BEDWARS","cases":[{"model":{"model":"hplus:bedwars/heal_pool","type":"model"},"when":[{"extra":[{"color":"red","text":"Heal Pool"}],"italic":false,"text":""}]},{"model":{"model":"hplus:bedwars/heal_pool","type":"model"},"when":[{"extra":[{"color":"yellow","text":"Heal Pool"}],"italic":false,"text":""}]},{"model":{"model":"hplus:bedwars/heal_pool","type":"model"},"when":[{"extra":[{"color":"green","text":"Heal Pool"}],"italic":false,"text":""}]}],"component":"custom_name","fallback":{"on_false":{"model":"block/beacon","type":"model"},"on_true":{"model":"hplus:ui/buttons/random","type":"model"},"predicate":"custom_data","property":"component","type":"condition","value":{"random_team_upgrade":1}},"property":"component","type":"select"}}