{"HPLUS":"ITEMS SLAYER VOIDGLOOM_SERAPH","model":{"on_false":{"model":"item/birch_sapling","type":"model"},"on_true":{"on_false":{"model":"hplus:skyblock/items/slayer/voidgloom_seraph/soul_esoward","type":"model"},"on_true":{"keybind":"key.use","on_false":{"model":"hplus:skyblock/items/slayer/voidgloom_seraph/soul_esoward","type":"model"},"on_true":{"model":"hplus:skyblock/items/slayer/voidgloom_seraph/soul_esoward_blink","type":"model"},"property":"keybind_down","type":"condition"},"property":"selected","type":"condition"},"predicate":"custom_data","property":"component","type":"condition","value":{"id":"SOUL_ESOWARD"}}}