{"model":{"HPLUS":"ITEMS CRIMSON_ISLE","cases":[{"model":{"model":"hplus:ui/buttons/search","type":"model"},"when":[{"extra":[{"color":"green","text":"Island Browser"}],"italic":false,"text":""}]},{"model":{"model":"hplus:skyblock/items/slayer/inferno_demonlord/derelict_ashe","type":"model"},"when":[{"extra":[{"color":"red","text":"☠ "},{"color":"yellow","text":"Inferno Demonlord"}],"italic":false,"text":""}]},{"model":{"model":"hplus:skyblock/items/slayer/inferno_demonlord/derelict_ashe_locked","type":"model"},"when":[{"extra":[{"color":"red","text":"☠ "},{"color":"red","text":"Inferno Demonlord"}],"italic":false,"text":""}]},{"model":{"model":"hplus:skyblock/items/slayer/inferno_demonlord/derelict_ashe","type":"model"},"when":[{"extra":[{"color":"green","text":"Inferno Demonlord I"}],"italic":false,"text":""}]},{"model":{"model":"hplus:skyblock/items/slayer/inferno_demonlord/derelict_ashe","type":"model"},"when":[{"extra":[{"color":"yellow","text":"Inferno Demonlord II"}],"italic":false,"text":""}]},{"model":{"model":"hplus:skyblock/items/slayer/inferno_demonlord/derelict_ashe","type":"model"},"when":[{"extra":[{"color":"red","text":"Inferno Demonlord III"}],"italic":false,"text":""}]},{"model":{"model":"hplus:skyblock/items/slayer/inferno_demonlord/derelict_ashe","type":"model"},"when":[{"extra":[{"color":"dark_red","text":"Inferno Demonlord IV"}],"italic":false,"text":""}]},{"model":{"model":"hplus:skyblock/items/slayer/inferno_demonlord/derelict_ashe","type":"model"},"when":[{"extra":[{"color":"dark_purple","text":"Inferno Demonlord V"}],"italic":false,"text":""}]}],"component":"custom_name","fallback":{"HPLUS":"ITEMS CRIMSON_ISLE MOB_LOOT","on_false":{"HPLUS":"ITEMS MISC MINION_ITEMS","on_false":{"on_false":{"HPLUS":"ITEMS SLAYER INFERNO_DEMONLORD","on_false":{"on_false":{"model":"item/blaze_powder","type":"model"},"on_true":{"model":"hplus:skyblock/items/slayer/inferno_demonlord/molten_powder","type":"model"},"predicate":"custom_data","property":"component","type":"condition","value":{"id":"MOLTEN_POWDER"}},"on_true":{"model":"hplus:skyblock/items/misc/minion_items/free_will","type":"model"},"predicate":"custom_data","property":"component","type":"condition","value":{"id":"FREE_WILL_REFUND"}},"on_true":{"model":"hplus:skyblock/items/misc/minion_items/free_will","type":"model"},"predicate":"custom_data","property":"component","type":"condition","value":{"id":"FREE_WILL"}},"on_true":{"model":"hplus:skyblock/items/crimson_isle/mob_loot/flames","type":"model"},"predicate":"custom_data","property":"component","type":"condition","value":{"id":"FLAMES"}},"on_true":{"model":"hplus:skyblock/items/crimson_isle/fire_soul","type":"model"},"predicate":"custom_data","property":"component","type":"condition","value":{"id":"FIRE_SOUL"}},"property":"component","type":"select"}}