{"HPLUS":"WEAPONS SWORDS","model":{"HPLUS":"WEAPONS WANDS","on_false":{"on_false":{"HPLUS":"WEAPONS STAVES","on_false":{"on_false":{"on_false":{"on_false":{"HPLUS":"TOOLS COMBAT","on_false":{"HPLUS":"TOOLS FARMING","on_false":{"on_false":{"HPLUS":"ITEMS END","on_false":{"HPLUS":"ITEMS RIFT","on_false":{"HPLUS":"ITEMS SPECIAL","on_false":{"on_false":{"model":"item/blaze_rod","type":"model"},"on_true":{"model":"hplus:skyblock/items/special/wizard_wand","type":"model"},"predicate":"custom_data","property":"component","type":"condition","value":{"id":"WIZARD_WAND"}},"on_true":{"model":"hplus:skyblock/items/rift/emmett_pointer","type":"model"},"predicate":"custom_data","property":"component","type":"condition","value":{"id":"EMMETT_POINTER"}},"on_true":{"model":"hplus:skyblock/items/end/draconic_blade","type":"model"},"predicate":"custom_data","property":"component","type":"condition","value":{"id":"DRACONIC_BLADE"}},"on_true":{"model":"hplus:skyblock/tools/farming/builders_wand","type":"model"},"predicate":"custom_data","property":"component","type":"condition","value":{"id":"BUILDERS_WAND"}},"on_true":{"model":"hplus:skyblock/tools/farming/builders_ruler","type":"model"},"predicate":"custom_data","property":"component","type":"condition","value":{"id":"BUILDERS_RULER"}},"on_true":{"model":"hplus:skyblock/tools/combat/tactical_insertion","type":"model"},"predicate":"custom_data","property":"component","type":"condition","value":{"id":"TACTICAL_INSERTION"}},"on_true":{"cases":[{"model":{"model":"hplus:skyblock/weapons/staves/runic_staff","type":"model"},"when":"gui"}],"fallback":{"model":"hplus:skyblock/weapons/staves/runic_staff_hand","type":"model"},"property":"display_context","type":"select"},"predicate":"custom_data","property":"component","type":"condition","value":{"id":"RUNIC_STAFF"}},"on_true":{"cases":[{"model":{"model":"hplus:skyblock/weapons/staves/fire_fury_staff","type":"model"},"when":"gui"}],"fallback":{"model":"hplus:skyblock/weapons/staves/fire_fury_staff_hand","type":"model"},"property":"display_context","type":"select"},"predicate":"custom_data","property":"component","type":"condition","value":{"id":"FIRE_FURY_STAFF"}},"on_true":{"cases":[{"model":{"model":"hplus:skyblock/weapons/staves/starred_bonzo_staff","type":"model"},"when":"gui"}],"fallback":{"model":"hplus:skyblock/weapons/staves/starred_bonzo_staff_hand","type":"model"},"property":"display_context","type":"select"},"predicate":"custom_data","property":"component","type":"condition","value":{"id":"STARRED_BONZO_STAFF"}},"on_true":{"cases":[{"model":{"model":"hplus:skyblock/weapons/staves/bonzo_staff","type":"model"},"when":"gui"}],"fallback":{"model":"hplus:skyblock/weapons/staves/bonzo_staff_hand","type":"model"},"property":"display_context","type":"select"},"predicate":"custom_data","property":"component","type":"condition","value":{"id":"BONZO_STAFF"}},"on_true":{"model":"hplus:skyblock/weapons/wands/gyrokinetic_wand","type":"model"},"predicate":"custom_data","property":"component","type":"condition","value":{"id":"GYROKINETIC_WAND"}},"on_true":{"model":"hplus:skyblock/weapons/wands/fire_veil_wand","type":"model"},"predicate":"custom_data","property":"component","type":"condition","value":{"id":"FIRE_VEIL_WAND"}},"on_true":{"model":"hplus:skyblock/weapons/swords/ember_rod","type":"model"},"predicate":"custom_data","property":"component","type":"condition","value":{"id":"EMBER_ROD"}}}