{"HPLUS":"ITEMS RIFT","model":{"HPLUS":"ARMOR","on_false":{"on_false":{"model":"block/blue_carpet","type":"model"},"on_true":{"cases":[{"model":{"model":"hplus:skyblock/armor/rift/anti_bite_scarf/anti_bite_scarf_2_blue_armor","type":"model"},"when":"head"}],"fallback":{"model":"hplus:skyblock/armor/rift/anti_bite_scarf/anti_bite_scarf_2_blue","type":"model"},"property":"display_context","type":"select"},"predicate":"custom_data","property":"component","type":"condition","value":{"id":"ANTI_BITE_SCARF_2"}},"on_true":{"model":"hplus:skyblock/items/rift/nullified_metal","type":"model"},"predicate":"custom_data","property":"component","type":"condition","value":{"id":"NULLIFIED_METAL"}}}