{"model":{"HPLUS":"WEAPONS BOWS","cases":[{"model":{"model":"hplus:ui/icons/skyblock_menu/pets","type":"model"},"when":[{"extra":[{"color":"green","text":""},{"color":"green","text":"Pets"}],"italic":false,"text":""}]}],"component":"custom_name","fallback":{"on_false":{"HPLUS":"ITEMS SLAYER SVEN_PACKMASTER","on_false":{"on_false":{"model":"item/bone","type":"model"},"on_true":{"model":"hplus:skyblock/items/slayer/sven_packmaster/weak_wolf_catalyst","type":"model"},"predicate":"custom_data","property":"component","type":"condition","value":{"id":"WEAK_WOLF_CATALYST"}},"on_true":{"model":"hplus:skyblock/weapons/bows/starred_bone_boomerang","type":"model"},"predicate":"custom_data","property":"component","type":"condition","value":{"id":"STARRED_BONE_BOOMERANG"}},"on_true":{"model":"hplus:skyblock/weapons/bows/bone_boomerang","type":"model"},"predicate":"custom_data","property":"component","type":"condition","value":{"id":"BONE_BOOMERANG"}},"property":"component","type":"select"}}