{"HPLUS":"ITEMS FISHING FISHING_FESTIVAL","model":{"HPLUS":"ITEMS SPECIAL CAKE_SOUL","on_false":{"on_false":{"model":"item/bone_meal","type":"model"},"on_true":{"model":"hplus:skyblock/items/special/cake_soul/cake_soul_white","type":"model"},"predicate":"custom_data","property":"component","type":"condition","value":{"id":"CAKE_SOUL"}},"on_true":{"model":"hplus:skyblock/items/fishing/fishing_festival/great_white_tooth_meal","type":"model"},"predicate":"custom_data","property":"component","type":"condition","value":{"id":"GREAT_WHITE_TOOTH_MEAL"}}}