{"model":{"HPLUS":"ACCESSORIES","cases":[{"model":{"model":"hplus:ui/icons/skyblock_menu/recipe_book","type":"model"},"when":[{"extra":[{"color":"green","text":"Recipe Book"}],"italic":false,"text":""}]},{"model":{"model":"hplus:ui/icons/guidebooks/enchantments_guide","type":"model"},"when":[{"extra":[{"color":"green","text":""},{"color":"green","text":"Enchantments Guide"}],"italic":false,"text":""}]},{"model":{"model":"hplus:ui/icons/guidebooks/sea_creature_guide","type":"model"},"when":[{"extra":[{"color":"green","text":""},{"color":"green","text":"Sea Creature Guide"}],"italic":false,"text":""}]},{"model":{"model":"hplus:ui/icons/guidebooks/power_stones_guide","type":"model"},"when":[{"extra":[{"color":"green","text":"Power Stones Guide"}],"italic":false,"text":""}]},{"model":{"model":"hplus:ui/icons/guidebooks/visitors_logbook","type":"model"},"when":[{"extra":[{"color":"green","text":"Visitor's Logbook"}],"italic":false,"text":""}]},{"model":{"model":"hplus:ui/icons/guidebooks/bait_guide","type":"model"},"when":[{"extra":[{"color":"gold","text":"Bait Guide"}],"italic":false,"text":""}]},{"model":{"model":"hplus:ui/icons/guidebooks/rod_part_guide","type":"model"},"when":[{"extra":[{"color":"blue","text":"Rod Part Guide"}],"italic":false,"text":""}]},{"model":{"model":"hplus:ui/icons/guidebooks/fossil_guide","type":"model"},"when":[{"extra":[{"color":"gold","text":"Fossil Guide"}],"italic":false,"text":""}]},{"model":{"model":"hplus:ui/icons/guidebooks/handy_block_guide","type":"model"},"when":[{"extra":[{"color":"dark_green","text":"Handy Block Guide"}],"italic":false,"text":""}]},{"model":{"model":"hplus:skyblock/accessories/book_of_progression/book_of_progression","type":"model"},"when":[{"extra":[{"color":"dark_gray","text":"+"},{"color":"white","text":"Book of Progression"}],"italic":false,"text":""}]},{"model":{"model":"hplus:skyblock/accessories/book_of_progression/book_of_progression_uncommon","type":"model"},"when":[{"extra":[{"color":"green","text":"Upgrades Book of Progression"}],"italic":false,"text":""}]},{"model":{"model":"hplus:skyblock/accessories/book_of_progression/book_of_progression_rare","type":"model"},"when":[{"extra":[{"color":"blue","text":"Upgrades Book of Progression"}],"italic":false,"text":""}]},{"model":{"model":"hplus:skyblock/accessories/book_of_progression/book_of_progression_epic","type":"model"},"when":[{"extra":[{"color":"dark_purple","text":"Upgrades Book of Progression"}],"italic":false,"text":""}]},{"model":{"model":"hplus:skyblock/accessories/book_of_progression/book_of_progression_legendary","type":"model"},"when":[{"extra":[{"color":"gold","text":"Upgrades Book of Progression"}],"italic":false,"text":""}]},{"model":{"model":"hplus:skyblock/accessories/book_of_progression/book_of_progression_mythic","type":"model"},"when":[{"extra":[{"color":"light_purple","text":"Upgrades Book of Progression"}],"italic":false,"text":""}]},{"model":{"model":"hplus:skyblock/accessories/melody_hair","type":"model"},"when":[{"extra":[{"color":"green","text":"Harp Songs"}],"italic":false,"text":""}]},{"model":{"model":"hplus:ui/buttons/invite","type":"model"},"when":[{"extra":[{"color":"green","text":"Hello ( ﾟ◡ﾟ)/!"}],"italic":false,"text":""}]},{"model":{"model":"hplus:bedwars/quickcomm/coming_back","type":"model"},"when":[{"extra":[{"color":"green","text":"I'm coming back to base!"}],"italic":false,"text":""}]},{"model":{"model":"hplus:bedwars/heal_pool","type":"model"},"when":[{"extra":[{"color":"green","text":"Thank You!"}],"italic":false,"text":""}]},{"model":{"model":"hplus:bedwars/quickcomm/come_back","type":"model"},"when":[{"extra":[{"color":"green","text":"Get back to base!"}],"italic":false,"text":""}]}],"component":"custom_name","fallback":{"HPLUS":"ITEMS DUNGEONS","on_false":{"on_false":{"HPLUS":"ITEMS EVENTS GREAT_SPOOK","on_false":{"on_false":{"HPLUS":"ITEMS FISHING BACKWATER_BAYOU","on_false":{"on_false":{"HPLUS":"ITEMS MODIFIERS","on_false":{"on_false":{"on_false":{"on_false":{"on_false":{"on_false":{"on_false":{"on_false":{"on_false":{"HPLUS":"ITEMS PET_ITEMS","on_false":{"HPLUS":"ITEMS SLAYER VOIDGLOOM_SERAPH","on_false":{"HPLUS":"ITEMS SPECIAL","on_false":{"HPLUS":"ITEMS SPECIAL MEMENTO","on_false":{"on_false":{"model":"item/book","type":"model"},"on_true":{"model":"hplus:skyblock/items/special/memento/rift_completion_memento","type":"model"},"predicate":"custom_data","property":"component","type":"condition","value":{"id":"RIFT_COMPLETION_MEMENTO"}},"on_true":{"model":"hplus:skyblock/items/special/wiki_journal","type":"model"},"predicate":"custom_data","property":"component","type":"condition","value":{"id":"WIKI_JOURNAL"}},"on_true":{"model":"hplus:skyblock/items/slayer/voidgloom_seraph/gloomlock_grimoire","type":"model"},"predicate":"custom_data","property":"component","type":"condition","value":{"id":"GLOOMLOCK_GRIMOIRE"}},"on_true":{"model":"hplus:skyblock/items/pet_items/pet_item_textbook","type":"model"},"predicate":"custom_data","property":"component","type":"condition","value":{"id":"PET_ITEM_TEXTBOOK"}},"on_true":{"model":"hplus:skyblock/items/modifiers/the_art_of_war","type":"model"},"predicate":"custom_data","property":"component","type":"condition","value":{"id":"THE_ART_OF_WAR"}},"on_true":{"model":"hplus:skyblock/items/modifiers/the_art_of_peace","type":"model"},"predicate":"custom_data","property":"component","type":"condition","value":{"id":"THE_ART_OF_PEACE"}},"on_true":{"model":"hplus:skyblock/items/modifiers/polarvoid_book","type":"model"},"predicate":"custom_data","property":"component","type":"condition","value":{"id":"POLARVOID_BOOK"}},"on_true":{"model":"hplus:skyblock/items/modifiers/jalapeno_book","type":"model"},"predicate":"custom_data","property":"component","type":"condition","value":{"id":"JALAPENO_BOOK"}},"on_true":{"model":"hplus:skyblock/items/modifiers/fuming_potato_book","type":"model"},"predicate":"custom_data","property":"component","type":"condition","value":{"id":"FUMING_POTATO_BOOK"}},"on_true":{"model":"hplus:skyblock/items/modifiers/hot_potato_book","type":"model"},"predicate":"custom_data","property":"component","type":"condition","value":{"id":"HOT_POTATO_BOOK"}},"on_true":{"model":"hplus:skyblock/items/modifiers/farming_for_dummies","type":"model"},"predicate":"custom_data","property":"component","type":"condition","value":{"id":"FARMING_FOR_DUMMIES"}},"on_true":{"model":"hplus:skyblock/items/modifiers/bookworm_book","type":"model"},"predicate":"custom_data","property":"component","type":"condition","value":{"id":"BOOKWORM_BOOK"}},"on_true":{"model":"hplus:skyblock/items/modifiers/book_of_stats","type":"model"},"predicate":"custom_data","property":"component","type":"condition","value":{"id":"BOOK_OF_STATS"}},"on_true":{"model":"hplus:skyblock/items/fishing/backwater_bayou/moby_duck_collector_edition","type":"model"},"predicate":"custom_data","property":"component","type":"condition","value":{"id":"MOBY_DUCK_COLLECTOR_EDITION"}},"on_true":{"model":"hplus:skyblock/items/fishing/backwater_bayou/moby_duck","type":"model"},"predicate":"custom_data","property":"component","type":"condition","value":{"id":"MOBY_DUCK"}},"on_true":{"model":"hplus:skyblock/items/events/great_spook/great_spook_reforging_manual","type":"model"},"predicate":"custom_data","property":"component","type":"condition","value":{"id":"GREAT_SPOOK_REFORGING_MANUAL"}},"on_true":{"model":"hplus:skyblock/items/events/great_spook/sirius_book","type":"model"},"predicate":"custom_data","property":"component","type":"condition","value":{"id":"SIRIUS_BOOK"}},"on_true":{"model":"hplus:skyblock/items/dungeons/dungeon_lore_journal","type":"model"},"predicate":"custom_data","property":"component","type":"condition","value":{"id":"DUNGEON_LORE_PAPER"}},"on_true":{"model":"hplus:skyblock/items/dungeons/dungeon_lore_diary","type":"model"},"predicate":"custom_data","property":"component","type":"condition","value":{"id":"DUNGEON_LORE_DIARY"}},"on_true":{"on_false":{"on_false":{"on_false":{"on_false":{"on_false":{"model":"hplus:skyblock/accessories/book_of_progression/book_of_progression","type":"model"},"on_true":{"model":"hplus:skyblock/accessories/book_of_progression/book_of_progression_mythic","type":"model"},"predicate":"custom_data","property":"component","type":"condition","value":{"upgradedRarity":"MYTHIC"}},"on_true":{"model":"hplus:skyblock/accessories/book_of_progression/book_of_progression_legendary","type":"model"},"predicate":"custom_data","property":"component","type":"condition","value":{"upgradedRarity":"LEGENDARY"}},"on_true":{"model":"hplus:skyblock/accessories/book_of_progression/book_of_progression_epic","type":"model"},"predicate":"custom_data","property":"component","type":"condition","value":{"upgradedRarity":"EPIC"}},"on_true":{"model":"hplus:skyblock/accessories/book_of_progression/book_of_progression_rare","type":"model"},"predicate":"custom_data","property":"component","type":"condition","value":{"upgradedRarity":"RARE"}},"on_true":{"model":"hplus:skyblock/accessories/book_of_progression/book_of_progression_uncommon","type":"model"},"predicate":"custom_data","property":"component","type":"condition","value":{"upgradedRarity":"UNCOMMON"}},"predicate":"custom_data","property":"component","type":"condition","value":{"id":"BOOK_OF_PROGRESSION"}},"property":"component","type":"select"}}