{"model":{"HPLUS":"WEAPONS BOW","cases":[{"model":{"model":"hplus:skyblock/tools/abiphones/aatrox_batphone","type":"model"},"when":[{"extra":[{"color":"green","text":"Slayer Recipes"}],"italic":false,"text":""}]}],"component":"custom_name","fallback":{"on_false":{"on_false":{"on_false":{"on_false":{"on_false":{"on_false":{"on_false":{"on_false":{"on_false":{"on_false":{"on_false":{"on_false":{"on_false":{"on_false":{"on_false":{"on_false":{"on_false":{"on_false":{"on_false":{"on_false":{"on_false":{"on_false":{"on_false":{"on_false":{"on_false":{"on_false":{"on_false":{"on_false":{"on_false":{"on_false":{"on_false":{"on_false":{"on_false":{"on_false":{"on_false":{"on_false":{"on_false":{"HPLUS":"ITEMS RIFT","on_false":{"on_false":{"on_false":{"model":"item/bow","type":"model"},"on_true":{"entries":[{"model":{"model":"item/bow_pulling_1","type":"model"},"threshold":0.65},{"model":{"model":"item/bow_pulling_2","type":"model"},"threshold":0.9}],"fallback":{"model":"item/bow_pulling_0","type":"model"},"property":"use_duration","scale":0.05,"type":"range_dispatch"},"property":"using_item","type":"condition"},"on_true":{"on_false":{"model":"hplus:skyblock/items/rift/mirrored_bow","type":"model"},"on_true":{"entries":[{"model":{"model":"hplus:skyblock/items/rift/mirrored_bow_pulling_1","type":"model"},"threshold":0.65},{"model":{"model":"hplus:skyblock/items/rift/mirrored_bow_pulling_2","type":"model"},"threshold":0.9}],"fallback":{"model":"hplus:skyblock/items/rift/mirrored_bow_pulling_0","type":"model"},"property":"use_duration","scale":0.05,"type":"range_dispatch"},"property":"using_item","type":"condition"},"predicate":"custom_data","property":"component","type":"condition","value":{"id":"MIRRORED_BOW"}},"on_true":{"on_false":{"model":"hplus:skyblock/weapons/bows/wither_bow","type":"model"},"on_true":{"entries":[{"model":{"model":"hplus:skyblock/weapons/bows/wither_bow_pulling_1","type":"model"},"threshold":0.65},{"model":{"model":"hplus:skyblock/weapons/bows/wither_bow_pulling_2","type":"model"},"threshold":0.9}],"fallback":{"model":"hplus:skyblock/weapons/bows/wither_bow_pulling_0","type":"model"},"property":"use_duration","scale":0.05,"type":"range_dispatch"},"property":"using_item","type":"condition"},"predicate":"custom_data","property":"component","type":"condition","value":{"id":"WITHER_BOW"}},"on_true":{"on_false":{"model":"hplus:skyblock/weapons/bows/starred_venoms_touch","type":"model"},"on_true":{"entries":[{"model":{"model":"hplus:skyblock/weapons/bows/starred_venoms_touch_pulling_1","type":"model"},"threshold":0.65},{"model":{"model":"hplus:skyblock/weapons/bows/starred_venoms_touch_pulling_2","type":"model"},"threshold":0.9}],"fallback":{"model":"hplus:skyblock/weapons/bows/starred_venoms_touch_pulling_0","type":"model"},"property":"use_duration","scale":0.05,"type":"range_dispatch"},"property":"using_item","type":"condition"},"predicate":"custom_data","property":"component","type":"condition","value":{"id":"STARRED_VENOMS_TOUCH"}},"on_true":{"on_false":{"model":"hplus:skyblock/weapons/bows/venoms_touch","type":"model"},"on_true":{"entries":[{"model":{"model":"hplus:skyblock/weapons/bows/venoms_touch_pulling_1","type":"model"},"threshold":0.65},{"model":{"model":"hplus:skyblock/weapons/bows/venoms_touch_pulling_2","type":"model"},"threshold":0.9}],"fallback":{"model":"hplus:skyblock/weapons/bows/venoms_touch_pulling_0","type":"model"},"property":"use_duration","scale":0.05,"type":"range_dispatch"},"property":"using_item","type":"condition"},"predicate":"custom_data","property":"component","type":"condition","value":{"id":"VENOMS_TOUCH"}},"on_true":{"on_false":{"model":"hplus:skyblock/weapons/bows/undead_bow","type":"model"},"on_true":{"entries":[{"model":{"model":"hplus:skyblock/weapons/bows/undead_bow_pulling_1","type":"model"},"threshold":0.65},{"model":{"model":"hplus:skyblock/weapons/bows/undead_bow_pulling_2","type":"model"},"threshold":0.9}],"fallback":{"model":"hplus:skyblock/weapons/bows/undead_bow_pulling_0","type":"model"},"property":"use_duration","scale":0.05,"type":"range_dispatch"},"property":"using_item","type":"condition"},"predicate":"custom_data","property":"component","type":"condition","value":{"id":"UNDEAD_BOW"}},"on_true":{"on_false":{"on_false":{"model":"hplus:skyblock/weapons/bows/terminator","type":"model"},"on_true":{"keybind":"key.attack","on_false":{"keybind":"key.use","on_false":{"model":"hplus:skyblock/weapons/bows/terminator","type":"model"},"on_true":{"model":"hplus:skyblock/weapons/bows/terminator_pulling_2","type":"model"},"property":"keybind_down","type":"condition"},"on_true":{"model":"hplus:skyblock/weapons/bows/terminator_pulling_2","type":"model"},"property":"keybind_down","type":"condition"},"property":"selected","type":"condition"},"on_true":{"entries":[{"model":{"model":"hplus:skyblock/weapons/bows/terminator_pulling_1","type":"model"},"threshold":0.65},{"model":{"model":"hplus:skyblock/weapons/bows/terminator_pulling_2","type":"model"},"threshold":0.9}],"fallback":{"model":"hplus:skyblock/weapons/bows/terminator_pulling_0","type":"model"},"property":"use_duration","scale":0.05,"type":"range_dispatch"},"property":"using_item","type":"condition"},"predicate":"custom_data","property":"component","type":"condition","value":{"id":"TERMINATOR"}},"on_true":{"on_false":{"model":"hplus:skyblock/weapons/bows/super_undead_bow","type":"model"},"on_true":{"entries":[{"model":{"model":"hplus:skyblock/weapons/bows/super_undead_bow_pulling_1","type":"model"},"threshold":0.65},{"model":{"model":"hplus:skyblock/weapons/bows/super_undead_bow_pulling_2","type":"model"},"threshold":0.9}],"fallback":{"model":"hplus:skyblock/weapons/bows/super_undead_bow_pulling_0","type":"model"},"property":"use_duration","scale":0.05,"type":"range_dispatch"},"property":"using_item","type":"condition"},"predicate":"custom_data","property":"component","type":"condition","value":{"id":"SUPER_UNDEAD_BOW"}},"on_true":{"on_false":{"model":"hplus:skyblock/weapons/bows/sulphur_bow","type":"model"},"on_true":{"entries":[{"model":{"model":"hplus:skyblock/weapons/bows/sulphur_bow_pulling_1","type":"model"},"threshold":0.65},{"model":{"model":"hplus:skyblock/weapons/bows/sulphur_bow_pulling_2","type":"model"},"threshold":0.9}],"fallback":{"model":"hplus:skyblock/weapons/bows/sulphur_bow_pulling_0","type":"model"},"property":"use_duration","scale":0.05,"type":"range_dispatch"},"property":"using_item","type":"condition"},"predicate":"custom_data","property":"component","type":"condition","value":{"id":"SULPHUR_BOW"}},"on_true":{"on_false":{"model":"hplus:skyblock/weapons/bows/stun_bow","type":"model"},"on_true":{"entries":[{"model":{"model":"hplus:skyblock/weapons/bows/stun_bow_pulling_1","type":"model"},"threshold":0.65},{"model":{"model":"hplus:skyblock/weapons/bows/stun_bow_pulling_2","type":"model"},"threshold":0.9}],"fallback":{"model":"hplus:skyblock/weapons/bows/stun_bow_pulling_0","type":"model"},"property":"use_duration","scale":0.05,"type":"range_dispatch"},"property":"using_item","type":"condition"},"predicate":"custom_data","property":"component","type":"condition","value":{"id":"ARCHER_DUNGEON_ABILITY_2"}},"on_true":{"on_false":{"model":"hplus:skyblock/weapons/bows/stinger_bow","type":"model"},"on_true":{"entries":[{"model":{"model":"hplus:skyblock/weapons/bows/stinger_bow_pulling_1","type":"model"},"threshold":0.65},{"model":{"model":"hplus:skyblock/weapons/bows/stinger_bow_pulling_2","type":"model"},"threshold":0.9}],"fallback":{"model":"hplus:skyblock/weapons/bows/stinger_bow_pulling_0","type":"model"},"property":"use_duration","scale":0.05,"type":"range_dispatch"},"property":"using_item","type":"condition"},"predicate":"custom_data","property":"component","type":"condition","value":{"id":"STINGER_BOW"}},"on_true":{"on_false":{"model":"hplus:skyblock/weapons/bows/starred_spider_queens_stinger","type":"model"},"on_true":{"entries":[{"model":{"model":"hplus:skyblock/weapons/bows/starred_spider_queens_stinger_pulling_1","type":"model"},"threshold":0.65},{"model":{"model":"hplus:skyblock/weapons/bows/starred_spider_queens_stinger_pulling_2","type":"model"},"threshold":0.9}],"fallback":{"model":"hplus:skyblock/weapons/bows/starred_spider_queens_stinger_pulling_0","type":"model"},"property":"use_duration","scale":0.05,"type":"range_dispatch"},"property":"using_item","type":"condition"},"predicate":"custom_data","property":"component","type":"condition","value":{"id":"STARRED_SPIDER_QUEENS_STINGER"}},"on_true":{"on_false":{"model":"hplus:skyblock/weapons/bows/spider_queens_stinger","type":"model"},"on_true":{"entries":[{"model":{"model":"hplus:skyblock/weapons/bows/spider_queens_stinger_pulling_1","type":"model"},"threshold":0.65},{"model":{"model":"hplus:skyblock/weapons/bows/spider_queens_stinger_pulling_2","type":"model"},"threshold":0.9}],"fallback":{"model":"hplus:skyblock/weapons/bows/spider_queens_stinger_pulling_0","type":"model"},"property":"use_duration","scale":0.05,"type":"range_dispatch"},"property":"using_item","type":"condition"},"predicate":"custom_data","property":"component","type":"condition","value":{"id":"SPIDER_QUEENS_STINGER"}},"on_true":{"on_false":{"model":"hplus:skyblock/weapons/bows/souls_rebound","type":"model"},"on_true":{"entries":[{"model":{"model":"hplus:skyblock/weapons/bows/souls_rebound_pulling_1","type":"model"},"threshold":0.65},{"model":{"model":"hplus:skyblock/weapons/bows/souls_rebound_pulling_2","type":"model"},"threshold":0.9}],"fallback":{"model":"hplus:skyblock/weapons/bows/souls_rebound_pulling_0","type":"model"},"property":"use_duration","scale":0.05,"type":"range_dispatch"},"property":"using_item","type":"condition"},"predicate":"custom_data","property":"component","type":"condition","value":{"id":"SOULS_REBOUND"}},"on_true":{"on_false":{"model":"hplus:skyblock/weapons/bows/sniper_bow","type":"model"},"on_true":{"entries":[{"model":{"model":"hplus:skyblock/weapons/bows/sniper_bow_pulling_1","type":"model"},"threshold":0.65},{"model":{"model":"hplus:skyblock/weapons/bows/sniper_bow_pulling_2","type":"model"},"threshold":0.9}],"fallback":{"model":"hplus:skyblock/weapons/bows/sniper_bow_pulling_0","type":"model"},"property":"use_duration","scale":0.05,"type":"range_dispatch"},"property":"using_item","type":"condition"},"predicate":"custom_data","property":"component","type":"condition","value":{"id":"SNIPER_BOW"}},"on_true":{"on_false":{"model":"hplus:skyblock/weapons/bows/slime_bow","type":"model"},"on_true":{"entries":[{"model":{"model":"hplus:skyblock/weapons/bows/slime_bow_pulling_1","type":"model"},"threshold":0.65},{"model":{"model":"hplus:skyblock/weapons/bows/slime_bow_pulling_2","type":"model"},"threshold":0.9}],"fallback":{"model":"hplus:skyblock/weapons/bows/slime_bow_pulling_0","type":"model"},"property":"use_duration","scale":0.05,"type":"range_dispatch"},"property":"using_item","type":"condition"},"predicate":"custom_data","property":"component","type":"condition","value":{"id":"SLIME_BOW"}},"on_true":{"on_false":{"model":"hplus:skyblock/weapons/bows/skeleton_lord_bow","type":"model"},"on_true":{"entries":[{"model":{"model":"hplus:skyblock/weapons/bows/skeleton_lord_bow_pulling_1","type":"model"},"threshold":0.65},{"model":{"model":"hplus:skyblock/weapons/bows/skeleton_lord_bow_pulling_2","type":"model"},"threshold":0.9}],"fallback":{"model":"hplus:skyblock/weapons/bows/skeleton_lord_bow_pulling_0","type":"model"},"property":"use_duration","scale":0.05,"type":"range_dispatch"},"property":"using_item","type":"condition"},"predicate":"custom_data","property":"component","type":"condition","value":{"id":"SKELETON_LORD_BOW"}},"on_true":{"on_false":{"model":"hplus:skyblock/weapons/bows/scorpion_bow","type":"model"},"on_true":{"entries":[{"model":{"model":"hplus:skyblock/weapons/bows/scorpion_bow_pulling_1","type":"model"},"threshold":0.65},{"model":{"model":"hplus:skyblock/weapons/bows/scorpion_bow_pulling_2","type":"model"},"threshold":0.9}],"fallback":{"model":"hplus:skyblock/weapons/bows/scorpion_bow_pulling_0","type":"model"},"property":"use_duration","scale":0.05,"type":"range_dispatch"},"property":"using_item","type":"condition"},"predicate":"custom_data","property":"component","type":"condition","value":{"id":"SCORPION_BOW"}},"on_true":{"on_false":{"model":"hplus:skyblock/weapons/bows/savana_bow","type":"model"},"on_true":{"entries":[{"model":{"model":"hplus:skyblock/weapons/bows/savana_bow_pulling_1","type":"model"},"threshold":0.65},{"model":{"model":"hplus:skyblock/weapons/bows/savana_bow_pulling_2","type":"model"},"threshold":0.9}],"fallback":{"model":"hplus:skyblock/weapons/bows/savana_bow_pulling_0","type":"model"},"property":"use_duration","scale":0.05,"type":"range_dispatch"},"property":"using_item","type":"condition"},"predicate":"custom_data","property":"component","type":"condition","value":{"id":"SAVANA_BOW"}},"on_true":{"on_false":{"model":"hplus:skyblock/weapons/bows/runaans_bow","type":"model"},"on_true":{"entries":[{"model":{"model":"hplus:skyblock/weapons/bows/runaans_bow_pulling_1","type":"model"},"threshold":0.65},{"model":{"model":"hplus:skyblock/weapons/bows/runaans_bow_pulling_2","type":"model"},"threshold":0.9}],"fallback":{"model":"hplus:skyblock/weapons/bows/runaans_bow_pulling_0","type":"model"},"property":"use_duration","scale":0.05,"type":"range_dispatch"},"property":"using_item","type":"condition"},"predicate":"custom_data","property":"component","type":"condition","value":{"id":"RUNAANS_BOW"}},"on_true":{"on_false":{"model":"hplus:skyblock/weapons/bows/prismarine_bow","type":"model"},"on_true":{"entries":[{"model":{"model":"hplus:skyblock/weapons/bows/prismarine_bow_pulling_1","type":"model"},"threshold":0.65},{"model":{"model":"hplus:skyblock/weapons/bows/prismarine_bow_pulling_2","type":"model"},"threshold":0.9}],"fallback":{"model":"hplus:skyblock/weapons/bows/prismarine_bow_pulling_0","type":"model"},"property":"use_duration","scale":0.05,"type":"range_dispatch"},"property":"using_item","type":"condition"},"predicate":"custom_data","property":"component","type":"condition","value":{"id":"PRISMARINE_BOW"}},"on_true":{"on_false":{"model":"hplus:skyblock/weapons/bows/mosquito_bow","type":"model"},"on_true":{"entries":[{"model":{"model":"hplus:skyblock/weapons/bows/mosquito_bow_pulling_1","type":"model"},"threshold":0.65},{"model":{"model":"hplus:skyblock/weapons/bows/mosquito_bow_pulling_2","type":"model"},"threshold":0.9}],"fallback":{"model":"hplus:skyblock/weapons/bows/mosquito_bow_pulling_0","type":"model"},"property":"use_duration","scale":0.05,"type":"range_dispatch"},"property":"using_item","type":"condition"},"predicate":"custom_data","property":"component","type":"condition","value":{"id":"MOSQUITO_BOW"}},"on_true":{"on_false":{"model":"hplus:skyblock/weapons/bows/magma_bow","type":"model"},"on_true":{"entries":[{"model":{"model":"hplus:skyblock/weapons/bows/magma_bow_pulling_1","type":"model"},"threshold":0.65},{"model":{"model":"hplus:skyblock/weapons/bows/magma_bow_pulling_2","type":"model"},"threshold":0.9}],"fallback":{"model":"hplus:skyblock/weapons/bows/magma_bow_pulling_0","type":"model"},"property":"use_duration","scale":0.05,"type":"range_dispatch"},"property":"using_item","type":"condition"},"predicate":"custom_data","property":"component","type":"condition","value":{"id":"MAGMA_BOW"}},"on_true":{"on_false":{"on_false":{"model":"hplus:skyblock/weapons/bows/machine_gun_bow","type":"model"},"on_true":{"keybind":"key.attack","on_false":{"keybind":"key.use","on_false":{"model":"hplus:skyblock/weapons/bows/machine_gun_bow","type":"model"},"on_true":{"model":"hplus:skyblock/weapons/bows/machine_gun_bow_pulling_2","type":"model"},"property":"keybind_down","type":"condition"},"on_true":{"model":"hplus:skyblock/weapons/bows/machine_gun_bow_pulling_2","type":"model"},"property":"keybind_down","type":"condition"},"property":"selected","type":"condition"},"on_true":{"entries":[{"model":{"model":"hplus:skyblock/weapons/bows/machine_gun_bow_pulling_1","type":"model"},"threshold":0.65},{"model":{"model":"hplus:skyblock/weapons/bows/machine_gun_bow_pulling_2","type":"model"},"threshold":0.9}],"fallback":{"model":"hplus:skyblock/weapons/bows/machine_gun_bow_pulling_0","type":"model"},"property":"use_duration","scale":0.05,"type":"range_dispatch"},"property":"using_item","type":"condition"},"predicate":"custom_data","property":"component","type":"condition","value":{"id":"MACHINE_GUN_BOW"}},"on_true":{"on_false":{"model":"hplus:skyblock/weapons/bows/starred_last_breath","type":"model"},"on_true":{"entries":[{"model":{"model":"hplus:skyblock/weapons/bows/starred_last_breath_pulling_1","type":"model"},"threshold":0.65},{"model":{"model":"hplus:skyblock/weapons/bows/starred_last_breath_pulling_2","type":"model"},"threshold":0.9}],"fallback":{"model":"hplus:skyblock/weapons/bows/starred_last_breath_pulling_0","type":"model"},"property":"use_duration","scale":0.05,"type":"range_dispatch"},"property":"using_item","type":"condition"},"predicate":"custom_data","property":"component","type":"condition","value":{"id":"STARRED_LAST_BREATH"}},"on_true":{"on_false":{"model":"hplus:skyblock/weapons/bows/last_breath","type":"model"},"on_true":{"entries":[{"model":{"model":"hplus:skyblock/weapons/bows/last_breath_pulling_1","type":"model"},"threshold":0.65},{"model":{"model":"hplus:skyblock/weapons/bows/last_breath_pulling_2","type":"model"},"threshold":0.9}],"fallback":{"model":"hplus:skyblock/weapons/bows/last_breath_pulling_0","type":"model"},"property":"use_duration","scale":0.05,"type":"range_dispatch"},"property":"using_item","type":"condition"},"predicate":"custom_data","property":"component","type":"condition","value":{"id":"LAST_BREATH"}},"on_true":{"on_false":{"on_false":{"model":"hplus:skyblock/weapons/bows/juju_shortbow","type":"model"},"on_true":{"keybind":"key.attack","on_false":{"keybind":"key.use","on_false":{"model":"hplus:skyblock/weapons/bows/juju_shortbow","type":"model"},"on_true":{"model":"hplus:skyblock/weapons/bows/juju_shortbow_pulling_2","type":"model"},"property":"keybind_down","type":"condition"},"on_true":{"model":"hplus:skyblock/weapons/bows/juju_shortbow_pulling_2","type":"model"},"property":"keybind_down","type":"condition"},"property":"selected","type":"condition"},"on_true":{"entries":[{"model":{"model":"hplus:skyblock/weapons/bows/juju_shortbow_pulling_1","type":"model"},"threshold":0.65},{"model":{"model":"hplus:skyblock/weapons/bows/juju_shortbow_pulling_2","type":"model"},"threshold":0.9}],"fallback":{"model":"hplus:skyblock/weapons/bows/juju_shortbow_pulling_0","type":"model"},"property":"use_duration","scale":0.05,"type":"range_dispatch"},"property":"using_item","type":"condition"},"predicate":"custom_data","property":"component","type":"condition","value":{"id":"JUJU_SHORTBOW"}},"on_true":{"on_false":{"on_false":{"model":"hplus:skyblock/weapons/bows/starred_item_spirit_bow","type":"model"},"on_true":{"keybind":"key.attack","on_false":{"keybind":"key.use","on_false":{"model":"hplus:skyblock/weapons/bows/starred_item_spirit_bow","type":"model"},"on_true":{"model":"hplus:skyblock/weapons/bows/starred_item_spirit_bow_pulling_2","type":"model"},"property":"keybind_down","type":"condition"},"on_true":{"model":"hplus:skyblock/weapons/bows/starred_item_spirit_bow_pulling_2","type":"model"},"property":"keybind_down","type":"condition"},"property":"selected","type":"condition"},"on_true":{"entries":[{"model":{"model":"hplus:skyblock/weapons/bows/starred_item_spirit_bow_pulling_1","type":"model"},"threshold":0.65},{"model":{"model":"hplus:skyblock/weapons/bows/starred_item_spirit_bow_pulling_2","type":"model"},"threshold":0.9}],"fallback":{"model":"hplus:skyblock/weapons/bows/starred_item_spirit_bow_pulling_0","type":"model"},"property":"use_duration","scale":0.05,"type":"range_dispatch"},"property":"using_item","type":"condition"},"predicate":"custom_data","property":"component","type":"condition","value":{"id":"STARRED_ITEM_SPIRIT_BOW"}},"on_true":{"on_false":{"on_false":{"model":"hplus:skyblock/weapons/bows/item_spirit_bow","type":"model"},"on_true":{"keybind":"key.attack","on_false":{"keybind":"key.use","on_false":{"model":"hplus:skyblock/weapons/bows/item_spirit_bow","type":"model"},"on_true":{"model":"hplus:skyblock/weapons/bows/item_spirit_bow_pulling_2","type":"model"},"property":"keybind_down","type":"condition"},"on_true":{"model":"hplus:skyblock/weapons/bows/item_spirit_bow_pulling_2","type":"model"},"property":"keybind_down","type":"condition"},"property":"selected","type":"condition"},"on_true":{"entries":[{"model":{"model":"hplus:skyblock/weapons/bows/item_spirit_bow_pulling_1","type":"model"},"threshold":0.65},{"model":{"model":"hplus:skyblock/weapons/bows/item_spirit_bow_pulling_2","type":"model"},"threshold":0.9}],"fallback":{"model":"hplus:skyblock/weapons/bows/item_spirit_bow_pulling_0","type":"model"},"property":"use_duration","scale":0.05,"type":"range_dispatch"},"property":"using_item","type":"condition"},"predicate":"custom_data","property":"component","type":"condition","value":{"id":"ITEM_SPIRIT_BOW"}},"on_true":{"on_false":{"on_false":{"model":"hplus:skyblock/weapons/bows/item_spirit_bow","type":"model"},"on_true":{"keybind":"key.attack","on_false":{"keybind":"key.use","on_false":{"model":"hplus:skyblock/weapons/bows/item_spirit_bow","type":"model"},"on_true":{"model":"hplus:skyblock/weapons/bows/item_spirit_bow_pulling_2","type":"model"},"property":"keybind_down","type":"condition"},"on_true":{"model":"hplus:skyblock/weapons/bows/item_spirit_bow_pulling_2","type":"model"},"property":"keybind_down","type":"condition"},"property":"selected","type":"condition"},"on_true":{"entries":[{"model":{"model":"hplus:skyblock/weapons/bows/item_spirit_bow_pulling_1","type":"model"},"threshold":0.65},{"model":{"model":"hplus:skyblock/weapons/bows/item_spirit_bow_pulling_2","type":"model"},"threshold":0.9}],"fallback":{"model":"hplus:skyblock/weapons/bows/item_spirit_bow_pulling_0","type":"model"},"property":"use_duration","scale":0.05,"type":"range_dispatch"},"property":"using_item","type":"condition"},"predicate":"custom_data","property":"component","type":"condition","value":{"id":"BOSS_SPIRIT_BOW"}},"on_true":{"on_false":{"model":"hplus:skyblock/weapons/bows/hurricane_bow","type":"model"},"on_true":{"entries":[{"model":{"model":"hplus:skyblock/weapons/bows/hurricane_bow_pulling_1","type":"model"},"threshold":0.65},{"model":{"model":"hplus:skyblock/weapons/bows/hurricane_bow_pulling_2","type":"model"},"threshold":0.9}],"fallback":{"model":"hplus:skyblock/weapons/bows/hurricane_bow_pulling_0","type":"model"},"property":"use_duration","scale":0.05,"type":"range_dispatch"},"property":"using_item","type":"condition"},"predicate":"custom_data","property":"component","type":"condition","value":{"id":"HURRICANE_BOW"}},"on_true":{"on_false":{"model":"hplus:skyblock/weapons/bows/healing_bow","type":"model"},"on_true":{"entries":[{"model":{"model":"hplus:skyblock/weapons/bows/healing_bow_pulling_1","type":"model"},"threshold":0.65},{"model":{"model":"hplus:skyblock/weapons/bows/healing_bow_pulling_2","type":"model"},"threshold":0.9}],"fallback":{"model":"hplus:skyblock/weapons/bows/healing_bow_pulling_0","type":"model"},"property":"use_duration","scale":0.05,"type":"range_dispatch"},"property":"using_item","type":"condition"},"predicate":"custom_data","property":"component","type":"condition","value":{"id":"ARCHER_DUNGEON_ABILITY_3"}},"on_true":{"on_false":{"model":"hplus:skyblock/weapons/bows/explosive_bow","type":"model"},"on_true":{"entries":[{"model":{"model":"hplus:skyblock/weapons/bows/explosive_bow_pulling_1","type":"model"},"threshold":0.65},{"model":{"model":"hplus:skyblock/weapons/bows/explosive_bow_pulling_2","type":"model"},"threshold":0.9}],"fallback":{"model":"hplus:skyblock/weapons/bows/explosive_bow_pulling_0","type":"model"},"property":"use_duration","scale":0.05,"type":"range_dispatch"},"property":"using_item","type":"condition"},"predicate":"custom_data","property":"component","type":"condition","value":{"id":"EXPLOSIVE_BOW"}},"on_true":{"on_false":{"model":"hplus:skyblock/weapons/bows/ender_bow","type":"model"},"on_true":{"entries":[{"model":{"model":"hplus:skyblock/weapons/bows/ender_bow_pulling_1","type":"model"},"threshold":0.65},{"model":{"model":"hplus:skyblock/weapons/bows/ender_bow_pulling_2","type":"model"},"threshold":0.9}],"fallback":{"model":"hplus:skyblock/weapons/bows/ender_bow_pulling_0","type":"model"},"property":"use_duration","scale":0.05,"type":"range_dispatch"},"property":"using_item","type":"condition"},"predicate":"custom_data","property":"component","type":"condition","value":{"id":"ENDER_BOW"}},"on_true":{"on_false":{"model":"hplus:skyblock/weapons/bows/end_stone_bow","type":"model"},"on_true":{"entries":[{"model":{"model":"hplus:skyblock/weapons/bows/end_stone_bow_pulling_1","type":"model"},"threshold":0.65},{"model":{"model":"hplus:skyblock/weapons/bows/end_stone_bow_pulling_2","type":"model"},"threshold":0.9}],"fallback":{"model":"hplus:skyblock/weapons/bows/end_stone_bow_pulling_0","type":"model"},"property":"use_duration","scale":0.05,"type":"range_dispatch"},"property":"using_item","type":"condition"},"predicate":"custom_data","property":"component","type":"condition","value":{"id":"END_STONE_BOW"}},"on_true":{"on_false":{"on_false":{"model":"hplus:skyblock/weapons/bows/dragon_shortbow","type":"model"},"on_true":{"keybind":"key.attack","on_false":{"keybind":"key.use","on_false":{"model":"hplus:skyblock/weapons/bows/dragon_shortbow","type":"model"},"on_true":{"model":"hplus:skyblock/weapons/bows/dragon_shortbow_pulling_2","type":"model"},"property":"keybind_down","type":"condition"},"on_true":{"model":"hplus:skyblock/weapons/bows/dragon_shortbow_pulling_2","type":"model"},"property":"keybind_down","type":"condition"},"property":"selected","type":"condition"},"on_true":{"entries":[{"model":{"model":"hplus:skyblock/weapons/bows/dragon_shortbow_pulling_1","type":"model"},"threshold":0.65},{"model":{"model":"hplus:skyblock/weapons/bows/dragon_shortbow_pulling_2","type":"model"},"threshold":0.9}],"fallback":{"model":"hplus:skyblock/weapons/bows/dragon_shortbow_pulling_0","type":"model"},"property":"use_duration","scale":0.05,"type":"range_dispatch"},"property":"using_item","type":"condition"},"predicate":"custom_data","property":"component","type":"condition","value":{"id":"DRAGON_SHORTBOW"}},"on_true":{"on_false":{"model":"hplus:skyblock/weapons/bows/decent_bow","type":"model"},"on_true":{"entries":[{"model":{"model":"hplus:skyblock/weapons/bows/decent_bow_pulling_1","type":"model"},"threshold":0.65},{"model":{"model":"hplus:skyblock/weapons/bows/decent_bow_pulling_2","type":"model"},"threshold":0.9}],"fallback":{"model":"hplus:skyblock/weapons/bows/decent_bow_pulling_0","type":"model"},"property":"use_duration","scale":0.05,"type":"range_dispatch"},"property":"using_item","type":"condition"},"predicate":"custom_data","property":"component","type":"condition","value":{"id":"DECENT_BOW"}},"on_true":{"on_false":{"model":"hplus:skyblock/weapons/bows/death_bow","type":"model"},"on_true":{"entries":[{"model":{"model":"hplus:skyblock/weapons/bows/death_bow_pulling_1","type":"model"},"threshold":0.65},{"model":{"model":"hplus:skyblock/weapons/bows/death_bow_pulling_2","type":"model"},"threshold":0.9}],"fallback":{"model":"hplus:skyblock/weapons/bows/death_bow_pulling_0","type":"model"},"property":"use_duration","scale":0.05,"type":"range_dispatch"},"property":"using_item","type":"condition"},"predicate":"custom_data","property":"component","type":"condition","value":{"id":"DEATH_BOW"}},"on_true":{"on_false":{"model":"hplus:skyblock/weapons/bows/crypt_bow","type":"model"},"on_true":{"entries":[{"model":{"model":"hplus:skyblock/weapons/bows/crypt_bow_pulling_1","type":"model"},"threshold":0.65},{"model":{"model":"hplus:skyblock/weapons/bows/crypt_bow_pulling_2","type":"model"},"threshold":0.9}],"fallback":{"model":"hplus:skyblock/weapons/bows/crypt_bow_pulling_0","type":"model"},"property":"use_duration","scale":0.05,"type":"range_dispatch"},"property":"using_item","type":"condition"},"predicate":"custom_data","property":"component","type":"condition","value":{"id":"CRYPT_BOW"}},"on_true":{"on_false":{"on_false":{"model":"hplus:skyblock/weapons/bows/artisanal_shortbow","type":"model"},"on_true":{"keybind":"key.attack","on_false":{"keybind":"key.use","on_false":{"model":"hplus:skyblock/weapons/bows/artisanal_shortbow","type":"model"},"on_true":{"model":"hplus:skyblock/weapons/bows/artisanal_shortbow_pulling_2","type":"model"},"property":"keybind_down","type":"condition"},"on_true":{"model":"hplus:skyblock/weapons/bows/artisanal_shortbow_pulling_2","type":"model"},"property":"keybind_down","type":"condition"},"property":"selected","type":"condition"},"on_true":{"entries":[{"model":{"model":"hplus:skyblock/weapons/bows/artisanal_shortbow_pulling_1","type":"model"},"threshold":0.65},{"model":{"model":"hplus:skyblock/weapons/bows/artisanal_shortbow_pulling_2","type":"model"},"threshold":0.9}],"fallback":{"model":"hplus:skyblock/weapons/bows/artisanal_shortbow_pulling_0","type":"model"},"property":"use_duration","scale":0.05,"type":"range_dispatch"},"property":"using_item","type":"condition"},"predicate":"custom_data","property":"component","type":"condition","value":{"id":"ARTISANAL_SHORTBOW"}},"property":"component","type":"select"}}