{"HPLUS":"ITEMS MISC","model":{"HPLUS":"ITEMS SPECIAL","on_false":{"on_false":{"on_false":{"model":"item/cake","type":"model"},"on_true":{"model":"hplus:skyblock/items/special/the_cake","type":"model"},"predicate":"custom_data","property":"component","type":"condition","value":{"id":"THE_CAKE"}},"on_true":{"model":"hplus:skyblock/items/special/new_year_cake","type":"model"},"predicate":"custom_data","property":"component","type":"condition","value":{"id":"NEW_YEAR_CAKE"}},"on_true":{"model":"hplus:skyblock/items/misc/pet_cake","type":"model"},"predicate":"custom_data","property":"component","type":"condition","value":{"id":"PET_CAKE"}}}