{"HPLUS":"GLITCH","model":{"HPLUS":"ITEMS PET_ITEMS","on_false":{"on_false":{"HPLUS":"ITEMS RIFT","on_false":{"on_false":{"on_false":{"model":"item/carrot","type":"model"},"on_true":{"model":"hplus:skyblock/items/rift/nearly_whole_carrot","type":"model"},"predicate":"custom_data","property":"component","type":"condition","value":{"id":"NEARLY_WHOLE_CARROT"}},"on_true":{"model":"hplus:skyblock/items/rift/half_eaten_carrot","type":"model"},"predicate":"custom_data","property":"component","type":"condition","value":{"id":"HALF_EATEN_CARROT"}},"on_true":{"model":"hplus:skyblock/items/pet_items/simple_carrot_candy","type":"model"},"predicate":"custom_data","property":"component","type":"condition","value":{"id":"SIMPLE_CARROT_CANDY"}},"on_true":{"model":"hplus:skyblock/items/pet_items/great_carrot_candy","type":"model"},"predicate":"custom_data","property":"component","type":"condition","value":{"id":"GREAT_CARROT_CANDY"}},"on_true":{"model":"hplus:skyblock/glitch/carrots","type":"model"},"predicate":"custom_data","property":"component","type":"condition","value":{"id":"CARROT"}}}