{"model":{"HPLUS":"WEAPONS OTHER","cases":[{"model":{"model":"hplus:skyblock/tools/farming/pumpkin_dicer","type":"model"},"when":[{"extra":[{"color":"dark_purple","text":"Pumpkin Dicer"}],"italic":false,"text":""}]}],"component":"custom_name","fallback":{"on_false":{"model":"block/carved_pumpkin","type":"model"},"on_true":{"model":"hplus:skyblock/weapons/other/pumpkin_launcher","type":"model"},"predicate":"custom_data","property":"component","type":"condition","value":{"id":"PUMPKIN_LAUNCHER"}},"property":"component","type":"select"}}