{"model":{"cases":[{"model":{"model":"hplus:ui/auction/sell_sacks","type":"model"},"when":[{"extra":[{"color":"aqua","text":"Sell Sacks Now"}],"italic":false,"text":""}]},{"model":{"model":"hplus:ui/buttons/clear","type":"model"},"when":[{"extra":[{"color":"yellow","text":"Rune Removal"}],"italic":false,"text":""}]},{"model":{"model":"hplus:ui/buttons/clear","type":"model"},"when":[{"extra":[{"color":"green","text":"Click to Remove Rune!"}],"italic":false,"text":""}]},{"model":{"model":"hplus:ui/buttons/clear","type":"model"},"when":[{"extra":[{"color":"red","text":"Delete Rule"}],"italic":false,"text":""}]},{"model":{"model":"hplus:ui/buttons/clear","type":"model"},"when":[{"extra":[{"color":"green","text":"Clear Inventory"}],"italic":false,"text":""}]}],"component":"custom_name","fallback":{"model":"item/cauldron","type":"model"},"property":"component","type":"select"}}