{"HPLUS":"ARMOR","model":{"on_false":{"on_false":{"on_false":{"on_false":{"on_false":{"on_false":{"on_false":{"on_false":{"on_false":{"cases":[{"model":{"model":"minecraft:item/chainmail_leggings_quartz_trim","type":"minecraft:model"},"when":"minecraft:quartz"},{"model":{"model":"minecraft:item/chainmail_leggings_iron_trim","type":"minecraft:model"},"when":"minecraft:iron"},{"model":{"model":"minecraft:item/chainmail_leggings_netherite_trim","type":"minecraft:model"},"when":"minecraft:netherite"},{"model":{"model":"minecraft:item/chainmail_leggings_redstone_trim","type":"minecraft:model"},"when":"minecraft:redstone"},{"model":{"model":"minecraft:item/chainmail_leggings_copper_trim","type":"minecraft:model"},"when":"minecraft:copper"},{"model":{"model":"minecraft:item/chainmail_leggings_gold_trim","type":"minecraft:model"},"when":"minecraft:gold"},{"model":{"model":"minecraft:item/chainmail_leggings_emerald_trim","type":"minecraft:model"},"when":"minecraft:emerald"},{"model":{"model":"minecraft:item/chainmail_leggings_diamond_trim","type":"minecraft:model"},"when":"minecraft:diamond"},{"model":{"model":"minecraft:item/chainmail_leggings_lapis_trim","type":"minecraft:model"},"when":"minecraft:lapis"},{"model":{"model":"minecraft:item/chainmail_leggings_amethyst_trim","type":"minecraft:model"},"when":"minecraft:amethyst"},{"model":{"model":"minecraft:item/chainmail_leggings_resin_trim","type":"minecraft:model"},"when":"minecraft:resin"}],"fallback":{"model":"minecraft:item/chainmail_leggings","type":"minecraft:model"},"property":"minecraft:trim_material","type":"minecraft:select"},"on_true":{"model":"hplus:skyblock/armor/squire/squire_leggings","type":"model"},"predicate":"custom_data","property":"component","type":"condition","value":{"id":"SQUIRE_LEGGINGS"}},"on_true":{"model":"hplus:skyblock/armor/sorrow/sorrow_leggings","type":"model"},"predicate":"custom_data","property":"component","type":"condition","value":{"id":"SORROW_LEGGINGS"}},"on_true":{"model":"hplus:skyblock/armor/skeletor/skeletor_leggings","type":"model"},"predicate":"custom_data","property":"component","type":"condition","value":{"id":"SKELETOR_LEGGINGS"}},"on_true":{"model":"hplus:skyblock/armor/rekindled_ember/rekindled_ember_leggings","type":"model"},"predicate":"custom_data","property":"component","type":"condition","value":{"id":"REKINDLED_EMBER_LEGGINGS"}},"on_true":{"model":"hplus:skyblock/armor/mercenary/mercenary_leggings","type":"model"},"predicate":"custom_data","property":"component","type":"condition","value":{"id":"MERCENARY_LEGGINGS"}},"on_true":{"model":"hplus:skyblock/armor/flamebreaker/flamebreaker_leggings","type":"model"},"predicate":"custom_data","property":"component","type":"condition","value":{"id":"FLAMEBREAKER_LEGGINGS"}},"on_true":{"model":"hplus:skyblock/armor/flame_breaker/flame_breaker_leggings","type":"model"},"predicate":"custom_data","property":"component","type":"condition","value":{"id":"FLAME_BREAKER_LEGGINGS"}},"on_true":{"model":"hplus:skyblock/armor/end/end_leggings","type":"model"},"predicate":"custom_data","property":"component","type":"condition","value":{"id":"END_LEGGINGS"}},"on_true":{"model":"hplus:skyblock/armor/ember/ember_leggings","type":"model"},"predicate":"custom_data","property":"component","type":"condition","value":{"id":"EMBER_LEGGINGS"}}}