{"HPLUS":"ARMOR","model":{"on_false":{"on_false":{"on_false":{"on_false":{"on_false":{"on_false":{"on_false":{"HPLUS":"BEDWARS","on_false":{"on_false":{"cases":[{"model":{"model":"minecraft:item/chainmail_boots_quartz_trim","type":"minecraft:model"},"when":"minecraft:quartz"},{"model":{"model":"minecraft:item/chainmail_boots_iron_trim","type":"minecraft:model"},"when":"minecraft:iron"},{"model":{"model":"minecraft:item/chainmail_boots_netherite_trim","type":"minecraft:model"},"when":"minecraft:netherite"},{"model":{"model":"minecraft:item/chainmail_boots_redstone_trim","type":"minecraft:model"},"when":"minecraft:redstone"},{"model":{"model":"minecraft:item/chainmail_boots_copper_trim","type":"minecraft:model"},"when":"minecraft:copper"},{"model":{"model":"minecraft:item/chainmail_boots_gold_trim","type":"minecraft:model"},"when":"minecraft:gold"},{"model":{"model":"minecraft:item/chainmail_boots_emerald_trim","type":"minecraft:model"},"when":"minecraft:emerald"},{"model":{"model":"minecraft:item/chainmail_boots_diamond_trim","type":"minecraft:model"},"when":"minecraft:diamond"},{"model":{"model":"minecraft:item/chainmail_boots_lapis_trim","type":"minecraft:model"},"when":"minecraft:lapis"},{"model":{"model":"minecraft:item/chainmail_boots_amethyst_trim","type":"minecraft:model"},"when":"minecraft:amethyst"},{"model":{"model":"minecraft:item/chainmail_boots_resin_trim","type":"minecraft:model"},"when":"minecraft:resin"}],"fallback":{"model":"minecraft:item/chainmail_boots","type":"minecraft:model"},"property":"minecraft:trim_material","type":"minecraft:select"},"on_true":{"model":"hplus:skyblock/armor/heat/heat_boots","type":"model"},"predicate":"custom_data","property":"component","type":"condition","value":{"heat_resistant_boots":1}},"on_true":{"model":"hplus:skyblock/armor/misc/spring_boots","type":"model"},"predicate":"custom_data","property":"component","type":"condition","value":{"id":"SPRING_BOOTS"}},"on_true":{"model":"hplus:skyblock/armor/sorrow/sorrow_boots","type":"model"},"predicate":"custom_data","property":"component","type":"condition","value":{"id":"SORROW_BOOTS"}},"on_true":{"model":"hplus:skyblock/armor/skeletor/skeletor_boots","type":"model"},"predicate":"custom_data","property":"component","type":"condition","value":{"id":"SKELETOR_BOOTS"}},"on_true":{"model":"hplus:skyblock/armor/rekindled_ember/rekindled_ember_boots","type":"model"},"predicate":"custom_data","property":"component","type":"condition","value":{"id":"REKINDLED_EMBER_BOOTS"}},"on_true":{"model":"hplus:skyblock/armor/flamebreaker/flamebreaker_boots","type":"model"},"predicate":"custom_data","property":"component","type":"condition","value":{"id":"FLAMEBREAKER_BOOTS"}},"on_true":{"model":"hplus:skyblock/armor/flame_breaker/flame_breaker_boots","type":"model"},"predicate":"custom_data","property":"component","type":"condition","value":{"id":"FLAME_BREAKER_BOOTS"}},"on_true":{"model":"hplus:skyblock/armor/end/end_boots","type":"model"},"predicate":"custom_data","property":"component","type":"condition","value":{"id":"END_BOOTS"}},"on_true":{"model":"hplus:skyblock/armor/ember/ember_boots","type":"model"},"predicate":"custom_data","property":"component","type":"condition","value":{"id":"EMBER_BOOTS"}}}