{"HPLUS":"ARMOR","model":{"on_false":{"on_false":{"on_false":{"on_false":{"on_false":{"on_false":{"on_false":{"on_false":{"on_false":{"on_false":{"cases":[{"model":{"model":"minecraft:item/chainmail_chestplate_quartz_trim","type":"minecraft:model"},"when":"minecraft:quartz"},{"model":{"model":"minecraft:item/chainmail_chestplate_iron_trim","type":"minecraft:model"},"when":"minecraft:iron"},{"model":{"model":"minecraft:item/chainmail_chestplate_netherite_trim","type":"minecraft:model"},"when":"minecraft:netherite"},{"model":{"model":"minecraft:item/chainmail_chestplate_redstone_trim","type":"minecraft:model"},"when":"minecraft:redstone"},{"model":{"model":"minecraft:item/chainmail_chestplate_copper_trim","type":"minecraft:model"},"when":"minecraft:copper"},{"model":{"model":"minecraft:item/chainmail_chestplate_gold_trim","type":"minecraft:model"},"when":"minecraft:gold"},{"model":{"model":"minecraft:item/chainmail_chestplate_emerald_trim","type":"minecraft:model"},"when":"minecraft:emerald"},{"model":{"model":"minecraft:item/chainmail_chestplate_diamond_trim","type":"minecraft:model"},"when":"minecraft:diamond"},{"model":{"model":"minecraft:item/chainmail_chestplate_lapis_trim","type":"minecraft:model"},"when":"minecraft:lapis"},{"model":{"model":"minecraft:item/chainmail_chestplate_amethyst_trim","type":"minecraft:model"},"when":"minecraft:amethyst"},{"model":{"model":"minecraft:item/chainmail_chestplate_resin_trim","type":"minecraft:model"},"when":"minecraft:resin"}],"fallback":{"model":"minecraft:item/chainmail_chestplate","type":"minecraft:model"},"property":"minecraft:trim_material","type":"minecraft:select"},"on_true":{"model":"hplus:skyblock/armor/rift/wyld/wyld_chestplate","type":"model"},"predicate":"custom_data","property":"component","type":"condition","value":{"id":"WYLD_CHESTPLATE"}},"on_true":{"model":"hplus:skyblock/armor/sorrow/sorrow_chestplate","type":"model"},"predicate":"custom_data","property":"component","type":"condition","value":{"id":"SORROW_CHESTPLATE"}},"on_true":{"model":"hplus:skyblock/armor/skeletor/skeletor_chestplate","type":"model"},"predicate":"custom_data","property":"component","type":"condition","value":{"id":"SKELETOR_CHESTPLATE"}},"on_true":{"model":"hplus:skyblock/armor/rekindled_ember/rekindled_ember_chestplate","type":"model"},"predicate":"custom_data","property":"component","type":"condition","value":{"id":"REKINDLED_EMBER_CHESTPLATE"}},"on_true":{"model":"hplus:skyblock/armor/misc/mithril_coat","type":"model"},"predicate":"custom_data","property":"component","type":"condition","value":{"id":"MITHRIL_COAT"}},"on_true":{"model":"hplus:skyblock/armor/rift/lively_sepulture_chestplate","type":"model"},"predicate":"custom_data","property":"component","type":"condition","value":{"id":"LIVELY_SEPULTURE_CHESTPLATE"}},"on_true":{"model":"hplus:skyblock/armor/flamebreaker/flamebreaker_chestplate","type":"model"},"predicate":"custom_data","property":"component","type":"condition","value":{"id":"FLAMEBREAKER_CHESTPLATE"}},"on_true":{"model":"hplus:skyblock/armor/flame_breaker/flame_breaker_chestplate","type":"model"},"predicate":"custom_data","property":"component","type":"condition","value":{"id":"FLAME_BREAKER_CHESTPLATE"}},"on_true":{"model":"hplus:skyblock/armor/end/end_chestplate","type":"model"},"predicate":"custom_data","property":"component","type":"condition","value":{"id":"END_CHESTPLATE"}},"on_true":{"model":"hplus:skyblock/armor/ember/ember_chestplate","type":"model"},"predicate":"custom_data","property":"component","type":"condition","value":{"id":"EMBER_CHESTPLATE"}}}