{"HPLUS":"ARMOR","model":{"on_false":{"on_false":{"on_false":{"on_false":{"cases":[{"model":{"model":"minecraft:item/chainmail_helmet_quartz_trim","type":"minecraft:model"},"when":"minecraft:quartz"},{"model":{"model":"minecraft:item/chainmail_helmet_iron_trim","type":"minecraft:model"},"when":"minecraft:iron"},{"model":{"model":"minecraft:item/chainmail_helmet_netherite_trim","type":"minecraft:model"},"when":"minecraft:netherite"},{"model":{"model":"minecraft:item/chainmail_helmet_redstone_trim","type":"minecraft:model"},"when":"minecraft:redstone"},{"model":{"model":"minecraft:item/chainmail_helmet_copper_trim","type":"minecraft:model"},"when":"minecraft:copper"},{"model":{"model":"minecraft:item/chainmail_helmet_gold_trim","type":"minecraft:model"},"when":"minecraft:gold"},{"model":{"model":"minecraft:item/chainmail_helmet_emerald_trim","type":"minecraft:model"},"when":"minecraft:emerald"},{"model":{"model":"minecraft:item/chainmail_helmet_diamond_trim","type":"minecraft:model"},"when":"minecraft:diamond"},{"model":{"model":"minecraft:item/chainmail_helmet_lapis_trim","type":"minecraft:model"},"when":"minecraft:lapis"},{"model":{"model":"minecraft:item/chainmail_helmet_amethyst_trim","type":"minecraft:model"},"when":"minecraft:amethyst"},{"model":{"model":"minecraft:item/chainmail_helmet_resin_trim","type":"minecraft:model"},"when":"minecraft:resin"}],"fallback":{"model":"minecraft:item/chainmail_helmet","type":"minecraft:model"},"property":"minecraft:trim_material","type":"minecraft:select"},"on_true":{"model":"hplus:skyblock/armor/squire/squire_helmet","type":"model"},"predicate":"custom_data","property":"component","type":"condition","value":{"id":"SQUIRE_HELMET"}},"on_true":{"model":"hplus:skyblock/armor/sorrow/sorrow_helmet","type":"model"},"predicate":"custom_data","property":"component","type":"condition","value":{"id":"SORROW_HELMET"}},"on_true":{"model":"hplus:skyblock/armor/flamebreaker/flamebreaker_helmet","type":"model"},"predicate":"custom_data","property":"component","type":"condition","value":{"id":"FLAMEBREAKER_HELMET"}},"on_true":{"model":"hplus:skyblock/armor/flame_breaker/flame_breaker_helmet","type":"model"},"predicate":"custom_data","property":"component","type":"condition","value":{"id":"FLAME_BREAKER_HELMET"}}}