{"model":{"HPLUS":"TOOLS FARMING","cases":[{"model":{"model":"hplus:skyblock/tools/farming/skymart_vacuum","type":"model"},"when":[{"extra":[{"color":"green","text":"Pests"}],"italic":false,"text":""}]}],"component":"custom_name","fallback":{"on_false":{"model":"item/chest_minecart","type":"model"},"on_true":{"models":[{"model":"hplus:skyblock/tools/farming/infini_vacuum","type":"model"},{"on_false":{"type":"empty"},"on_true":{"keybind":"key.use","on_false":{"type":"empty"},"on_true":{"model":"hplus:skyblock/tools/farming/vacuum_particle","type":"model"},"property":"keybind_down","type":"condition"},"property":"selected","type":"condition"}],"type":"composite"},"predicate":"custom_data","property":"component","type":"condition","value":{"id":"INFINI_VACUUM"}},"property":"component","type":"select"}}