{"model":{"cases":[{"model":{"model":"hplus:ui/icons/skyblock_menu/storage","type":"model"},"when":[{"extra":[{"color":"green","text":"Storage"}],"italic":false,"text":""}]},{"model":{"model":"hplus:ui/auction/deposit_coins","type":"model"},"when":[{"extra":[{"color":"green","text":"Deposit Coins"}],"italic":false,"text":""}]},{"model":{"model":"hplus:ui/auction/deposit_coins","type":"model"},"when":[{"extra":[{"color":"green","text":"Your whole purse"}],"italic":false,"text":""}]},{"model":{"model":"hplus:ui/auction/deposit_coins","type":"model"},"when":[{"extra":[{"color":"green","text":"Half your purse"}],"italic":false,"text":""}]},{"model":{"model":"hplus:ui/auction/sell_instantly","type":"model"},"when":[{"extra":[{"color":"green","text":"Sell Inventory Now"}],"italic":false,"text":""}]},{"model":{"model":"hplus:bedwars/quickcomm/have_resources","type":"model"},"when":[{"extra":[{"color":"green","text":"I have resources!"}],"italic":false,"text":""}]}],"component":"custom_name","fallback":{"cases":[{"model":{"base":"minecraft:item/chest","model":{"texture":"minecraft:christmas","type":"minecraft:chest"},"type":"minecraft:special"},"when":["12-24","12-25","12-26"]}],"fallback":{"base":"minecraft:item/chest","model":{"texture":"minecraft:normal","type":"minecraft:chest"},"type":"minecraft:special"},"pattern":"MM-dd","property":"minecraft:local_time","type":"minecraft:select"},"property":"component","type":"select"}}