{"model":{"HPLUS":"ITEMS SLAYER TARANTULA_BROODFATHER","cases":[{"model":{"model":"hplus:skyblock/items/slayer/tarantula_broodfather/tarantula_web","type":"model"},"when":[{"extra":[{"color":"red","text":"☠ "},{"color":"yellow","text":"Tarantula Broodfather"}],"italic":false,"text":""}]},{"model":{"model":"hplus:skyblock/items/slayer/tarantula_broodfather/tarantula_web_locked","type":"model"},"when":[{"extra":[{"color":"red","text":"☠ "},{"color":"red","text":"Tarantula Broodfather"}],"italic":false,"text":""}]},{"model":{"model":"hplus:skyblock/items/slayer/tarantula_broodfather/tarantula_web","type":"model"},"when":[{"extra":[{"color":"green","text":"Tarantula Broodfather I"}],"italic":false,"text":""}]},{"model":{"model":"hplus:skyblock/items/slayer/tarantula_broodfather/tarantula_web","type":"model"},"when":[{"extra":[{"color":"yellow","text":"Tarantula Broodfather II"}],"italic":false,"text":""}]},{"model":{"model":"hplus:skyblock/items/slayer/tarantula_broodfather/tarantula_web","type":"model"},"when":[{"extra":[{"color":"red","text":"Tarantula Broodfather III"}],"italic":false,"text":""}]},{"model":{"model":"hplus:skyblock/items/slayer/tarantula_broodfather/tarantula_web","type":"model"},"when":[{"extra":[{"color":"dark_red","text":"Tarantula Broodfather IV"}],"italic":false,"text":""}]},{"model":{"model":"hplus:skyblock/items/slayer/tarantula_broodfather/tarantula_web","type":"model"},"when":[{"extra":[{"color":"dark_purple","text":"Tarantula Broodfather V"}],"italic":false,"text":""}]}],"component":"custom_name","fallback":{"on_false":{"on_false":{"model":"item/cobweb","type":"model"},"on_true":{"model":"hplus:skyblock/items/slayer/tarantula_broodfather/tarantula_silk","type":"model"},"predicate":"custom_data","property":"component","type":"condition","value":{"id":"TARANTULA_SILK"}},"on_true":{"model":"hplus:skyblock/items/slayer/tarantula_broodfather/flycatcher_upgrade","type":"model"},"predicate":"custom_data","property":"component","type":"condition","value":{"id":"FLYCATCHER_UPGRADE"}},"property":"component","type":"select"}}