{"model":{"HPLUS":"ITEMS SPECIAL CAKE_SOUL","cases":[{"model":{"model":"hplus:skyblock/tools/farming/coco_chopper","type":"model"},"when":[{"extra":[{"color":"dark_purple","text":"Cocoa Chopper"}],"italic":false,"text":""}]}],"component":"custom_name","fallback":{"HPLUS":"ITEMS EVENTS CHUCKLETON","on_false":{"on_false":{"model":"item/cocoa_beans","type":"model"},"on_true":{"cases":[{"model":{"model":"hplus:skyblock/items/events/chuckleton/fudge_mint_core","type":"model"},"when":["gui","fixed"]}],"fallback":{"model":"hplus:skyblock/items/events/chuckleton/fudge_mint_core_blink","type":"model"},"property":"display_context","type":"select"},"predicate":"custom_data","property":"component","type":"condition","value":{"id":"FUDGE_MINT_CORE"}},"on_true":{"model":"hplus:skyblock/items/special/cake_soul/cake_soul_brown","type":"model"},"predicate":"custom_data","property":"component","type":"condition","value":{"id":"CAKE_SOUL"}},"property":"component","type":"select"}}