{"HPLUS":"ITEMS EVENTS GREAT_SPOOK","model":{"HPLUS":"ITEMS FISHING YEAR_OF_THE_SEAL","on_false":{"HPLUS":"ITEMS PET_ITEMS","on_false":{"on_false":{"on_false":{"on_false":{"on_false":{"HPLUS":"ITEMS RIFT","on_false":{"HPLUS":"ITEMS SPECIAL THE_FISH","on_false":{"on_false":{"on_false":{"on_false":{"on_false":{"on_false":{"model":"item/cod","type":"model"},"on_true":{"model":"hplus:skyblock/items/special/the_fish/stew_the_fish","type":"model"},"predicate":"custom_data","property":"component","type":"condition","value":{"id":"STEW_THE_FISH"}},"on_true":{"model":"hplus:skyblock/items/special/the_fish/shrimp_the_fish","type":"model"},"predicate":"custom_data","property":"component","type":"condition","value":{"id":"SHRIMP_THE_FISH"}},"on_true":{"model":"hplus:skyblock/items/special/the_fish/rock_the_fish","type":"model"},"predicate":"custom_data","property":"component","type":"condition","value":{"id":"ROCK_THE_FISH"}},"on_true":{"model":"hplus:skyblock/items/special/the_fish/eon_the_fish","type":"model"},"predicate":"custom_data","property":"component","type":"condition","value":{"id":"EON_THE_FISH"}},"on_true":{"model":"hplus:skyblock/items/special/the_fish/cluck_the_fish","type":"model"},"predicate":"custom_data","property":"component","type":"condition","value":{"id":"CLUCK_THE_FISH"}},"on_true":{"model":"hplus:skyblock/items/rift/pre_digestion_fish","type":"model"},"predicate":"custom_data","property":"component","type":"condition","value":{"id":"PRE_DIGESTION_FISH"}},"on_true":{"models":[{"model":"hplus:skyblock/items/pet_items/pet_item_skill_boost_legendary","type":"model"},{"model":"hplus:skyblock/items/pet_items/pet_item_fishing_skill_boost","type":"model"}],"type":"composite"},"predicate":"custom_data","property":"component","type":"condition","value":{"id":"PET_ITEM_FISHING_SKILL_BOOST_LEGENDARY"}},"on_true":{"models":[{"model":"hplus:skyblock/items/pet_items/pet_item_skill_boost_epic","type":"model"},{"model":"hplus:skyblock/items/pet_items/pet_item_fishing_skill_boost","type":"model"}],"type":"composite"},"predicate":"custom_data","property":"component","type":"condition","value":{"id":"PET_ITEM_FISHING_SKILL_BOOST_EPIC"}},"on_true":{"models":[{"model":"hplus:skyblock/items/pet_items/pet_item_skill_boost_rare","type":"model"},{"model":"hplus:skyblock/items/pet_items/pet_item_fishing_skill_boost","type":"model"}],"type":"composite"},"predicate":"custom_data","property":"component","type":"condition","value":{"id":"PET_ITEM_FISHING_SKILL_BOOST_RARE"}},"on_true":{"models":[{"model":"hplus:skyblock/items/pet_items/pet_item_skill_boost_uncommon","type":"model"},{"model":"hplus:skyblock/items/pet_items/pet_item_fishing_skill_boost","type":"model"}],"type":"composite"},"predicate":"custom_data","property":"component","type":"condition","value":{"id":"PET_ITEM_FISHING_SKILL_BOOST_UNCOMMON"}},"on_true":{"models":[{"model":"hplus:skyblock/items/pet_items/pet_item_skill_boost_common","type":"model"},{"model":"hplus:skyblock/items/pet_items/pet_item_fishing_skill_boost","type":"model"}],"type":"composite"},"predicate":"custom_data","property":"component","type":"condition","value":{"id":"PET_ITEM_FISHING_SKILL_BOOST_COMMON"}},"on_true":{"model":"hplus:skyblock/items/fishing/year_of_the_seal/fish_food","type":"model"},"predicate":"custom_data","property":"component","type":"condition","value":{"id":"FISH_FOOD"}},"on_true":{"model":"hplus:skyblock/items/events/great_spook/sewer_fish","type":"model"},"predicate":"custom_data","property":"component","type":"condition","value":{"id":"SEWER_FISH"}}}