{"model":{"cases":[{"model":{"model":"hplus:ui/buttons/search","type":"model"},"when":[{"extra":[{"color":"green","text":"Search"}],"italic":false,"text":""}]},{"model":{"model":"hplus:ui/buttons/random","type":"model"},"when":[{"extra":[{"color":"green","text":"Random Hub"}],"italic":false,"text":""}]},{"model":{"model":"hplus:ui/icons/lobby/game_menu","type":"model"},"when":[{"extra":[{"color":"green","text":"Game Menu "},{"color":"gray","text":"(Right Click)"}],"italic":false,"text":""}]},{"model":{"model":"hplus:ui/icons/lobby/teleporter","type":"model"},"when":[{"extra":[{"bold":true,"color":"green","text":"Teleporter "},{"color":"gray","text":"(Right Click)"}],"italic":false,"text":""}]},{"model":{"model":"hplus:ui/icons/lobby/teleporter","type":"model"},"when":[{"extra":[{"color":"green","text":"Enable Auto Teleport"}],"italic":false,"text":""}]},{"model":{"model":"hplus:ui/icons/lobby/teleporter_off","type":"model"},"when":[{"extra":[{"color":"red","text":"Disable Auto Teleport"}],"italic":false,"text":""}]},{"model":{"model":"hplus:ui/icons/lobby/teleporter","type":"model"},"when":[{"extra":[{"color":"gold","text":"Spectate"}],"italic":false,"text":""}]}],"component":"custom_name","fallback":{"component":"minecraft:lodestone_tracker","on_false":{"cases":[{"model":{"entries":[{"model":{"model":"minecraft:item/compass_16","type":"minecraft:model"},"threshold":0.0},{"model":{"model":"minecraft:item/compass_17","type":"minecraft:model"},"threshold":0.5},{"model":{"model":"minecraft:item/compass_18","type":"minecraft:model"},"threshold":1.5},{"model":{"model":"minecraft:item/compass_19","type":"minecraft:model"},"threshold":2.5},{"model":{"model":"minecraft:item/compass_20","type":"minecraft:model"},"threshold":3.5},{"model":{"model":"minecraft:item/compass_21","type":"minecraft:model"},"threshold":4.5},{"model":{"model":"minecraft:item/compass_22","type":"minecraft:model"},"threshold":5.5},{"model":{"model":"minecraft:item/compass_23","type":"minecraft:model"},"threshold":6.5},{"model":{"model":"minecraft:item/compass_24","type":"minecraft:model"},"threshold":7.5},{"model":{"model":"minecraft:item/compass_25","type":"minecraft:model"},"threshold":8.5},{"model":{"model":"minecraft:item/compass_26","type":"minecraft:model"},"threshold":9.5},{"model":{"model":"minecraft:item/compass_27","type":"minecraft:model"},"threshold":10.5},{"model":{"model":"minecraft:item/compass_28","type":"minecraft:model"},"threshold":11.5},{"model":{"model":"minecraft:item/compass_29","type":"minecraft:model"},"threshold":12.5},{"model":{"model":"minecraft:item/compass_30","type":"minecraft:model"},"threshold":13.5},{"model":{"model":"minecraft:item/compass_31","type":"minecraft:model"},"threshold":14.5},{"model":{"model":"minecraft:item/compass_00","type":"minecraft:model"},"threshold":15.5},{"model":{"model":"minecraft:item/compass_01","type":"minecraft:model"},"threshold":16.5},{"model":{"model":"minecraft:item/compass_02","type":"minecraft:model"},"threshold":17.5},{"model":{"model":"minecraft:item/compass_03","type":"minecraft:model"},"threshold":18.5},{"model":{"model":"minecraft:item/compass_04","type":"minecraft:model"},"threshold":19.5},{"model":{"model":"minecraft:item/compass_05","type":"minecraft:model"},"threshold":20.5},{"model":{"model":"minecraft:item/compass_06","type":"minecraft:model"},"threshold":21.5},{"model":{"model":"minecraft:item/compass_07","type":"minecraft:model"},"threshold":22.5},{"model":{"model":"minecraft:item/compass_08","type":"minecraft:model"},"threshold":23.5},{"model":{"model":"minecraft:item/compass_09","type":"minecraft:model"},"threshold":24.5},{"model":{"model":"minecraft:item/compass_10","type":"minecraft:model"},"threshold":25.5},{"model":{"model":"minecraft:item/compass_11","type":"minecraft:model"},"threshold":26.5},{"model":{"model":"minecraft:item/compass_12","type":"minecraft:model"},"threshold":27.5},{"model":{"model":"minecraft:item/compass_13","type":"minecraft:model"},"threshold":28.5},{"model":{"model":"minecraft:item/compass_14","type":"minecraft:model"},"threshold":29.5},{"model":{"model":"minecraft:item/compass_15","type":"minecraft:model"},"threshold":30.5},{"model":{"model":"minecraft:item/compass_16","type":"minecraft:model"},"threshold":31.5}],"property":"minecraft:compass","scale":32.0,"target":"spawn","type":"minecraft:range_dispatch"},"when":"minecraft:overworld"}],"fallback":{"entries":[{"model":{"model":"minecraft:item/compass_16","type":"minecraft:model"},"threshold":0.0},{"model":{"model":"minecraft:item/compass_17","type":"minecraft:model"},"threshold":0.5},{"model":{"model":"minecraft:item/compass_18","type":"minecraft:model"},"threshold":1.5},{"model":{"model":"minecraft:item/compass_19","type":"minecraft:model"},"threshold":2.5},{"model":{"model":"minecraft:item/compass_20","type":"minecraft:model"},"threshold":3.5},{"model":{"model":"minecraft:item/compass_21","type":"minecraft:model"},"threshold":4.5},{"model":{"model":"minecraft:item/compass_22","type":"minecraft:model"},"threshold":5.5},{"model":{"model":"minecraft:item/compass_23","type":"minecraft:model"},"threshold":6.5},{"model":{"model":"minecraft:item/compass_24","type":"minecraft:model"},"threshold":7.5},{"model":{"model":"minecraft:item/compass_25","type":"minecraft:model"},"threshold":8.5},{"model":{"model":"minecraft:item/compass_26","type":"minecraft:model"},"threshold":9.5},{"model":{"model":"minecraft:item/compass_27","type":"minecraft:model"},"threshold":10.5},{"model":{"model":"minecraft:item/compass_28","type":"minecraft:model"},"threshold":11.5},{"model":{"model":"minecraft:item/compass_29","type":"minecraft:model"},"threshold":12.5},{"model":{"model":"minecraft:item/compass_30","type":"minecraft:model"},"threshold":13.5},{"model":{"model":"minecraft:item/compass_31","type":"minecraft:model"},"threshold":14.5},{"model":{"model":"minecraft:item/compass_00","type":"minecraft:model"},"threshold":15.5},{"model":{"model":"minecraft:item/compass_01","type":"minecraft:model"},"threshold":16.5},{"model":{"model":"minecraft:item/compass_02","type":"minecraft:model"},"threshold":17.5},{"model":{"model":"minecraft:item/compass_03","type":"minecraft:model"},"threshold":18.5},{"model":{"model":"minecraft:item/compass_04","type":"minecraft:model"},"threshold":19.5},{"model":{"model":"minecraft:item/compass_05","type":"minecraft:model"},"threshold":20.5},{"model":{"model":"minecraft:item/compass_06","type":"minecraft:model"},"threshold":21.5},{"model":{"model":"minecraft:item/compass_07","type":"minecraft:model"},"threshold":22.5},{"model":{"model":"minecraft:item/compass_08","type":"minecraft:model"},"threshold":23.5},{"model":{"model":"minecraft:item/compass_09","type":"minecraft:model"},"threshold":24.5},{"model":{"model":"minecraft:item/compass_10","type":"minecraft:model"},"threshold":25.5},{"model":{"model":"minecraft:item/compass_11","type":"minecraft:model"},"threshold":26.5},{"model":{"model":"minecraft:item/compass_12","type":"minecraft:model"},"threshold":27.5},{"model":{"model":"minecraft:item/compass_13","type":"minecraft:model"},"threshold":28.5},{"model":{"model":"minecraft:item/compass_14","type":"minecraft:model"},"threshold":29.5},{"model":{"model":"minecraft:item/compass_15","type":"minecraft:model"},"threshold":30.5},{"model":{"model":"minecraft:item/compass_16","type":"minecraft:model"},"threshold":31.5}],"property":"minecraft:compass","scale":32.0,"target":"none","type":"minecraft:range_dispatch"},"property":"minecraft:context_dimension","type":"minecraft:select"},"on_true":{"entries":[{"model":{"model":"minecraft:item/compass_16","type":"minecraft:model"},"threshold":0.0},{"model":{"model":"minecraft:item/compass_17","type":"minecraft:model"},"threshold":0.5},{"model":{"model":"minecraft:item/compass_18","type":"minecraft:model"},"threshold":1.5},{"model":{"model":"minecraft:item/compass_19","type":"minecraft:model"},"threshold":2.5},{"model":{"model":"minecraft:item/compass_20","type":"minecraft:model"},"threshold":3.5},{"model":{"model":"minecraft:item/compass_21","type":"minecraft:model"},"threshold":4.5},{"model":{"model":"minecraft:item/compass_22","type":"minecraft:model"},"threshold":5.5},{"model":{"model":"minecraft:item/compass_23","type":"minecraft:model"},"threshold":6.5},{"model":{"model":"minecraft:item/compass_24","type":"minecraft:model"},"threshold":7.5},{"model":{"model":"minecraft:item/compass_25","type":"minecraft:model"},"threshold":8.5},{"model":{"model":"minecraft:item/compass_26","type":"minecraft:model"},"threshold":9.5},{"model":{"model":"minecraft:item/compass_27","type":"minecraft:model"},"threshold":10.5},{"model":{"model":"minecraft:item/compass_28","type":"minecraft:model"},"threshold":11.5},{"model":{"model":"minecraft:item/compass_29","type":"minecraft:model"},"threshold":12.5},{"model":{"model":"minecraft:item/compass_30","type":"minecraft:model"},"threshold":13.5},{"model":{"model":"minecraft:item/compass_31","type":"minecraft:model"},"threshold":14.5},{"model":{"model":"minecraft:item/compass_00","type":"minecraft:model"},"threshold":15.5},{"model":{"model":"minecraft:item/compass_01","type":"minecraft:model"},"threshold":16.5},{"model":{"model":"minecraft:item/compass_02","type":"minecraft:model"},"threshold":17.5},{"model":{"model":"minecraft:item/compass_03","type":"minecraft:model"},"threshold":18.5},{"model":{"model":"minecraft:item/compass_04","type":"minecraft:model"},"threshold":19.5},{"model":{"model":"minecraft:item/compass_05","type":"minecraft:model"},"threshold":20.5},{"model":{"model":"minecraft:item/compass_06","type":"minecraft:model"},"threshold":21.5},{"model":{"model":"minecraft:item/compass_07","type":"minecraft:model"},"threshold":22.5},{"model":{"model":"minecraft:item/compass_08","type":"minecraft:model"},"threshold":23.5},{"model":{"model":"minecraft:item/compass_09","type":"minecraft:model"},"threshold":24.5},{"model":{"model":"minecraft:item/compass_10","type":"minecraft:model"},"threshold":25.5},{"model":{"model":"minecraft:item/compass_11","type":"minecraft:model"},"threshold":26.5},{"model":{"model":"minecraft:item/compass_12","type":"minecraft:model"},"threshold":27.5},{"model":{"model":"minecraft:item/compass_13","type":"minecraft:model"},"threshold":28.5},{"model":{"model":"minecraft:item/compass_14","type":"minecraft:model"},"threshold":29.5},{"model":{"model":"minecraft:item/compass_15","type":"minecraft:model"},"threshold":30.5},{"model":{"model":"minecraft:item/compass_16","type":"minecraft:model"},"threshold":31.5}],"property":"minecraft:compass","scale":32.0,"target":"lodestone","type":"minecraft:range_dispatch"},"property":"minecraft:has_component","type":"minecraft:condition"},"property":"component","type":"select"}}