{"model":{"HPLUS":"ITEMS MISC","cases":[{"model":{"model":"hplus:skyblock/tools/foraging/tuning_fork","type":"model"},"when":[{"extra":[{"color":"green","text":"Stats Tuning"}],"italic":false,"text":""}]},{"model":{"model":"hplus:ui/buttons/settings","type":"model"},"when":[{"extra":[{"color":"green","text":"Settings & Visibility"}],"italic":false,"text":""}]},{"model":{"model":"hplus:ui/buttons/settings","type":"model"},"when":[{"extra":[{"bold":true,"color":"aqua","text":"Spectator Settings "},{"color":"gray","text":"(Right Click)"}],"italic":false,"text":""}]},{"model":{"model":"hplus:ui/buttons/settings","type":"model"},"when":[{"extra":[{"color":"green","text":"Private Game Settings"}],"italic":false,"text":""}]}],"component":"custom_name","fallback":{"HPLUS":"ITEMS MISC ENRICHMENTS","on_false":{"on_false":{"model":"item/comparator","type":"model"},"on_true":{"model":"hplus:skyblock/items/misc/enrichments/talisman_enrichment_swapper","type":"model"},"predicate":"custom_data","property":"component","type":"condition","value":{"id":"TALISMAN_ENRICHMENT_SWAPPER"}},"on_true":{"model":"hplus:skyblock/items/misc/trio_contacts_addon","type":"model"},"predicate":"custom_data","property":"component","type":"condition","value":{"id":"TRIO_CONTACTS_ADDON"}},"property":"component","type":"select"}}