{"model":{"HPLUS":"ITEMS MISC","cases":[{"model":{"model":"hplus:skyblock/items/misc/booster_cookie","type":"model"},"when":[{"extra":[{"color":"gold","text":"Booster Cookie"}],"italic":false,"text":""}]},{"model":{"model":"hplus:skyblock/items/misc/booster_cookie","type":"model"},"when":[{"extra":[{"color":"gold","text":"Cookie Jar"}],"italic":false,"text":""}]}],"component":"custom_name","fallback":{"on_false":{"on_false":{"HPLUS":"ITEMS REFORGE_STONES POWER_STONES","on_false":{"on_false":{"model":"item/cookie","type":"model"},"on_true":{"model":"hplus:skyblock/items/reforge_stones/power_stones/chocolate_chip","type":"model"},"predicate":"custom_data","property":"component","type":"condition","value":{"id":"CHOCOLATE_CHIP"}},"on_true":{"model":"hplus:skyblock/items/misc/booster_cookie","type":"model"},"predicate":"custom_data","property":"component","type":"condition","value":{"id":"FREE_COOKIE"}},"on_true":{"model":"hplus:skyblock/items/misc/booster_cookie","type":"model"},"predicate":"custom_data","property":"component","type":"condition","value":{"id":"REFUND_COOKIE"}},"on_true":{"model":"hplus:skyblock/items/misc/booster_cookie","type":"model"},"predicate":"custom_data","property":"component","type":"condition","value":{"id":"BOOSTER_COOKIE"}},"property":"component","type":"select"}}