{"HPLUS":"ITEMS MINING DWARVEN_MINES","model":{"HPLUS":"ITEMS RIFT","on_false":{"HPLUS":"ITEMS SPECIAL THE_FISH","on_false":{"on_false":{"on_false":{"on_false":{"on_false":{"model":"item/cooked_cod","type":"model"},"on_true":{"model":"hplus:skyblock/items/special/the_fish/skeleton_the_fish","type":"model"},"predicate":"custom_data","property":"component","type":"condition","value":{"id":"SKELETON_THE_FISH"}},"on_true":{"model":"hplus:skyblock/items/special/the_fish/chill_the_fish","type":"model"},"predicate":"custom_data","property":"component","type":"condition","value":{"id":"CHILL_THE_FISH_2"}},"on_true":{"model":"hplus:skyblock/items/special/the_fish/chill_the_fish","type":"model"},"predicate":"custom_data","property":"component","type":"condition","value":{"id":"CHILL_THE_FISH"}},"on_true":{"model":"hplus:skyblock/items/special/the_fish/bat_the_fish","type":"model"},"predicate":"custom_data","property":"component","type":"condition","value":{"id":"BAT_THE_FISH"}},"on_true":{"cases":[{"model":{"model":"hplus:skyblock/items/rift/tasty_cat_food","type":"model"},"when":[{"extra":[{"color":"white","text":""},{"color":"white","text":""},{"color":"blue","text":"Tasty Cat Food"}],"italic":false,"text":""},{"extra":[{"color":"white","text":""},{"color":"white","text":""},{"color":"dark_purple","text":"Tasty Cat Food"}],"italic":false,"text":""}]}],"component":"custom_name","fallback":{"model":"hplus:skyblock/items/rift/dead_cat_food","type":"model"},"property":"component","type":"select"},"predicate":"custom_data","property":"component","type":"condition","value":{"id":"DEAD_CAT_FOOD"}},"on_true":{"model":"hplus:skyblock/items/mining/dwarven_mines/filet_o_fortune","type":"model"},"predicate":"custom_data","property":"component","type":"condition","value":{"id":"FILET_O_FORTUNE"}}}