{"HPLUS":"ITEMS SLAYER REVENANT_HORROR","model":{"HPLUS":"ITEMS EVENTS CHUCKLETON","on_false":{"on_false":{"model":"item/cooked_porkchop","type":"model"},"on_true":{"model":"hplus:skyblock/items/events/chuckleton/blazetekk_ham","type":"model"},"predicate":"custom_data","property":"component","type":"condition","value":{"id":"BLAZETEKK_HAM"}},"on_true":{"model":"hplus:skyblock/items/slayer/revenant_horror/revenant_viscera","type":"model"},"predicate":"custom_data","property":"component","type":"condition","value":{"id":"REVENANT_VISCERA"}}}