{"HPLUS":"ITEMS SPECIAL THE_FISH","model":{"on_false":{"on_false":{"on_false":{"on_false":{"on_false":{"model":"item/cooked_salmon","type":"model"},"on_true":{"model":"hplus:skyblock/items/special/the_fish/snowflake_the_fish","type":"model"},"predicate":"custom_data","property":"component","type":"condition","value":{"id":"SNOWFLAKE_THE_FISH"}},"on_true":{"model":"hplus:skyblock/items/special/the_fish/fossil_the_fish","type":"model"},"predicate":"custom_data","property":"component","type":"condition","value":{"id":"FOSSIL_THE_FISH"}},"on_true":{"model":"hplus:skyblock/items/special/the_fish/egg_the_fish","type":"model"},"predicate":"custom_data","property":"component","type":"condition","value":{"id":"EGG_THE_FISH"}},"on_true":{"model":"hplus:skyblock/items/special/the_fish/dust_the_fish","type":"model"},"predicate":"custom_data","property":"component","type":"condition","value":{"id":"DUST_THE_FISH"}},"on_true":{"model":"hplus:skyblock/items/special/the_fish/diamond_the_fish","type":"model"},"predicate":"custom_data","property":"component","type":"condition","value":{"id":"DIAMOND_THE_FISH"}}}