{"HPLUS":"ITEMS MINING DWARVEN_MINES","model":{"on_false":{"HPLUS":"ITEMS MINING GEMSTONES","on_false":{"HPLUS":"ITEMS SPECIAL CAKE_SOUL","on_false":{"on_false":{"model":"item/cyan_dye","type":"model"},"on_true":{"model":"hplus:skyblock/items/special/cake_soul/cake_soul_cyan","type":"model"},"predicate":"custom_data","property":"component","type":"condition","value":{"id":"CAKE_SOUL"}},"on_true":{"model":"hplus:skyblock/items/mining/gemstones/gemstone_powder","type":"model"},"predicate":"custom_data","property":"component","type":"condition","value":{"id":"GEMSTONE_POWDER_TIER_2"}},"on_true":{"model":"hplus:skyblock/items/mining/dwarven_mines/mithril_powder","type":"model"},"predicate":"custom_data","property":"component","type":"condition","value":{"id":"MITHRIL_POWDER_TIER_2"}},"on_true":{"model":"hplus:skyblock/items/mining/dwarven_mines/mithril_gourmand","type":"model"},"predicate":"custom_data","property":"component","type":"condition","value":{"id":"MITHRIL_GOURMAND"}}}