{"HPLUS":"WEAPONS STAVES","model":{"HPLUS":"ITEMS PET_ITEMS","on_false":{"on_false":{"model":"item/dandelion","type":"model"},"on_true":{"model":"hplus:skyblock/items/pet_items/pet_item_exp_share","type":"model"},"predicate":"custom_data","property":"component","type":"condition","value":{"id":"PET_ITEM_EXP_SHARE"}},"on_true":{"cases":[{"model":{"model":"hplus:skyblock/weapons/staves/fire_freeze_staff","type":"model"},"when":"gui"}],"fallback":{"model":"hplus:skyblock/weapons/staves/fire_freeze_staff_hand","type":"model"},"property":"display_context","type":"select"},"predicate":"custom_data","property":"component","type":"condition","value":{"id":"FIRE_FREEZE_STAFF"}}}