{"HPLUS":"ITEMS MISC","model":{"on_false":{"HPLUS":"ITEMS MISC MINION_ITEMS","on_false":{"on_false":{"model":"block/daylight_detector","type":"model"},"on_true":{"model":"hplus:skyblock/items/misc/minion_items/solar_panel","type":"model"},"predicate":"custom_data","property":"component","type":"condition","value":{"id":"SOLAR_PANEL"}},"on_true":{"model":"hplus:skyblock/items/misc/night_saver","type":"model"},"predicate":"custom_data","property":"component","type":"condition","value":{"id":"NIGHT_SAVER"}},"on_true":{"model":"hplus:skyblock/items/misc/day_saver","type":"model"},"predicate":"custom_data","property":"component","type":"condition","value":{"id":"DAY_SAVER"}}}