{"HPLUS":"WEAPONS STAVES","model":{"HPLUS":"ITEMS CRIMSON_ISLE","on_false":{"HPLUS":"ITEMS MINING GLACITE_TUNNELS","on_false":{"HPLUS":"ITEMS MISC","on_false":{"HPLUS":"ITEMS RIFT","on_false":{"on_false":{"HPLUS":"ITEMS SPECIAL","on_false":{"on_false":{"model":"item/dead_bush","type":"model"},"on_true":{"model":"hplus:skyblock/items/special/dead_bush_of_love","type":"model"},"predicate":"custom_data","property":"component","type":"condition","value":{"id":"DEAD_BUSH_OF_LOVE"}},"on_true":{"model":"hplus:skyblock/items/rift/wilted_berberis_bunch","type":"model"},"predicate":"custom_data","property":"component","type":"condition","value":{"id":"WILTED_BERBERIS_BUNCH"}},"on_true":{"model":"hplus:skyblock/items/rift/wilted_berberis","type":"model"},"predicate":"custom_data","property":"component","type":"condition","value":{"id":"WILTED_BERBERIS"}},"on_true":{"model":"hplus:skyblock/items/misc/mysterious_crop","type":"model"},"predicate":"custom_data","property":"component","type":"condition","value":{"id":"MYSTERIOUS_CROP"}},"on_true":{"model":"hplus:skyblock/items/mining/glacite_tunnels/umber_key","type":"model"},"predicate":"custom_data","property":"component","type":"condition","value":{"id":"UMBER_KEY"}},"on_true":{"model":"hplus:skyblock/items/crimson_isle/red_thornleaf","type":"model"},"predicate":"custom_data","property":"component","type":"condition","value":{"id":"RED_THORNLEAF"}},"on_true":{"cases":[{"model":{"on_false":{"model":"hplus:skyblock/weapons/staves/great_spook_staff","type":"model"},"on_true":{"model":"hplus:skyblock/weapons/staves/great_spook_staff_1st","type":"model"},"predicate":"custom_data","property":"component","type":"condition","value":{"edition":"1"}},"when":"gui"}],"fallback":{"on_false":{"model":"hplus:skyblock/weapons/staves/great_spook_staff_hand","type":"model"},"on_true":{"model":"hplus:skyblock/weapons/staves/great_spook_staff_1st_hand","type":"model"},"predicate":"custom_data","property":"component","type":"condition","value":{"edition":"1"}},"property":"display_context","type":"select"},"predicate":"custom_data","property":"component","type":"condition","value":{"id":"GREAT_SPOOK_STAFF"}}}