{"HPLUS":"ARMOR","model":{"on_false":{"on_false":{"on_false":{"on_false":{"on_false":{"on_false":{"on_false":{"on_false":{"on_false":{"on_false":{"on_false":{"on_false":{"on_false":{"on_false":{"on_false":{"on_false":{"on_false":{"on_false":{"on_false":{"on_false":{"on_false":{"cases":[{"model":{"model":"minecraft:item/diamond_leggings_quartz_trim","type":"minecraft:model"},"when":"minecraft:quartz"},{"model":{"model":"minecraft:item/diamond_leggings_iron_trim","type":"minecraft:model"},"when":"minecraft:iron"},{"model":{"model":"minecraft:item/diamond_leggings_netherite_trim","type":"minecraft:model"},"when":"minecraft:netherite"},{"model":{"model":"minecraft:item/diamond_leggings_redstone_trim","type":"minecraft:model"},"when":"minecraft:redstone"},{"model":{"model":"minecraft:item/diamond_leggings_copper_trim","type":"minecraft:model"},"when":"minecraft:copper"},{"model":{"model":"minecraft:item/diamond_leggings_gold_trim","type":"minecraft:model"},"when":"minecraft:gold"},{"model":{"model":"minecraft:item/diamond_leggings_emerald_trim","type":"minecraft:model"},"when":"minecraft:emerald"},{"model":{"model":"minecraft:item/diamond_leggings_diamond_trim","type":"minecraft:model"},"when":"minecraft:diamond"},{"model":{"model":"minecraft:item/diamond_leggings_lapis_trim","type":"minecraft:model"},"when":"minecraft:lapis"},{"model":{"model":"minecraft:item/diamond_leggings_amethyst_trim","type":"minecraft:model"},"when":"minecraft:amethyst"},{"model":{"model":"minecraft:item/diamond_leggings_resin_trim","type":"minecraft:model"},"when":"minecraft:resin"}],"fallback":{"model":"minecraft:item/diamond_leggings","type":"minecraft:model"},"property":"minecraft:trim_material","type":"minecraft:select"},"on_true":{"model":"hplus:skyblock/armor/zombie/zombie_leggings","type":"model"},"predicate":"custom_data","property":"component","type":"condition","value":{"id":"ZOMBIE_LEGGINGS"}},"on_true":{"model":"hplus:skyblock/armor/admin/titan_leggings","type":"model"},"predicate":"custom_data","property":"component","type":"condition","value":{"id":"TITAN_LEGGINGS"}},"on_true":{"model":"hplus:skyblock/armor/tank_miner/tank_miner_leggings","type":"model"},"predicate":"custom_data","property":"component","type":"condition","value":{"id":"TANK_MINER_LEGGINGS"}},"on_true":{"model":"hplus:skyblock/armor/rosetta/rosetta_leggings","type":"model"},"predicate":"custom_data","property":"component","type":"condition","value":{"id":"ROSETTA_LEGGINGS"}},"on_true":{"model":"hplus:skyblock/armor/revenant/revenant_leggings","type":"model"},"predicate":"custom_data","property":"component","type":"condition","value":{"id":"REVENANT_LEGGINGS"}},"on_true":{"model":"hplus:skyblock/armor/perfect/perfect_9/perfect_leggings_9","type":"model"},"predicate":"custom_data","property":"component","type":"condition","value":{"id":"PERFECT_LEGGINGS_9"}},"on_true":{"model":"hplus:skyblock/armor/perfect/perfect_8/perfect_leggings_8","type":"model"},"predicate":"custom_data","property":"component","type":"condition","value":{"id":"PERFECT_LEGGINGS_8"}},"on_true":{"model":"hplus:skyblock/armor/perfect/perfect_7/perfect_leggings_7","type":"model"},"predicate":"custom_data","property":"component","type":"condition","value":{"id":"PERFECT_LEGGINGS_7"}},"on_true":{"model":"hplus:skyblock/armor/perfect/perfect_6/perfect_leggings_6","type":"model"},"predicate":"custom_data","property":"component","type":"condition","value":{"id":"PERFECT_LEGGINGS_6"}},"on_true":{"model":"hplus:skyblock/armor/perfect/perfect_5/perfect_leggings_5","type":"model"},"predicate":"custom_data","property":"component","type":"condition","value":{"id":"PERFECT_LEGGINGS_5"}},"on_true":{"model":"hplus:skyblock/armor/perfect/perfect_4/perfect_leggings_4","type":"model"},"predicate":"custom_data","property":"component","type":"condition","value":{"id":"PERFECT_LEGGINGS_4"}},"on_true":{"model":"hplus:skyblock/armor/perfect/perfect_3/perfect_leggings_3","type":"model"},"predicate":"custom_data","property":"component","type":"condition","value":{"id":"PERFECT_LEGGINGS_3"}},"on_true":{"model":"hplus:skyblock/armor/perfect/perfect_2/perfect_leggings_2","type":"model"},"predicate":"custom_data","property":"component","type":"condition","value":{"id":"PERFECT_LEGGINGS_2"}},"on_true":{"model":"hplus:skyblock/armor/perfect/perfect_13/perfect_leggings_13","type":"model"},"predicate":"custom_data","property":"component","type":"condition","value":{"id":"PERFECT_LEGGINGS_13"}},"on_true":{"model":"hplus:skyblock/armor/perfect/perfect_12/perfect_leggings_12","type":"model"},"predicate":"custom_data","property":"component","type":"condition","value":{"id":"PERFECT_LEGGINGS_12"}},"on_true":{"model":"hplus:skyblock/armor/perfect/perfect_11/perfect_leggings_11","type":"model"},"predicate":"custom_data","property":"component","type":"condition","value":{"id":"PERFECT_LEGGINGS_11"}},"on_true":{"model":"hplus:skyblock/armor/perfect/perfect_10/perfect_leggings_10","type":"model"},"predicate":"custom_data","property":"component","type":"condition","value":{"id":"PERFECT_LEGGINGS_10"}},"on_true":{"model":"hplus:skyblock/armor/perfect/perfect_1/perfect_leggings_1","type":"model"},"predicate":"custom_data","property":"component","type":"condition","value":{"id":"PERFECT_LEGGINGS_1"}},"on_true":{"model":"hplus:skyblock/armor/mastiff/mastiff_leggings","type":"model"},"predicate":"custom_data","property":"component","type":"condition","value":{"id":"MASTIFF_LEGGINGS"}},"on_true":{"model":"hplus:skyblock/armor/hardened_diamond/hardened_diamond_leggings","type":"model"},"predicate":"custom_data","property":"component","type":"condition","value":{"id":"HARDENED_DIAMOND_LEGGINGS"}},"on_true":{"model":"hplus:skyblock/armor/hunter/diamond/diamond_hunter_leggings","type":"model"},"predicate":"custom_data","property":"component","type":"condition","value":{"id":"DIAMOND_HUNTER_LEGGINGS"}}}