{"model":{"HPLUS":"WEAPONS SCYTHES","cases":[{"model":{"model":"hplus:skyblock/tools/farming/advanced_gardening_hoe","type":"model"},"when":[{"extra":[{"color":"green","text":"Farming Essentials"}],"italic":false,"text":""}]},{"model":{"model":"hplus:murder/the_scythe","type":"model"},"when":[{"extra":[{"color":"green","text":"The Scythe"}],"italic":false,"text":""}]},{"model":{"model":"hplus:murder/the_scythe","type":"model"},"when":[{"extra":[{"color":"red","text":"The Scythe"}],"italic":false,"text":""}]}],"component":"custom_name","fallback":{"on_false":{"on_false":{"on_false":{"HPLUS":"TOOLS FARMING","on_false":{"on_false":{"on_false":{"HPLUS":"TOOLS FARMING THEORETICAL_HOE","on_false":{"on_false":{"on_false":{"on_false":{"on_false":{"HPLUS":"MURDER","on_false":{"on_false":{"model":"item/diamond_hoe","type":"model"},"on_true":{"cases":[{"model":{"model":"hplus:murder/the_scythe","type":"model"},"when":"gui"}],"fallback":{"model":"hplus:murder/the_scythe_hand","type":"model"},"property":"display_context","type":"select"},"predicate":"custom_data","property":"component","type":"condition","value":{"KNIFE":1}},"on_true":{"model":"hplus:skyblock/tools/farming/theoretical_hoe/theoretical_hoe_wheat_3","type":"model"},"predicate":"custom_data","property":"component","type":"condition","value":{"id":"THEORETICAL_HOE_WHEAT_3"}},"on_true":{"model":"hplus:skyblock/tools/farming/theoretical_hoe/theoretical_hoe_warts_3","type":"model"},"predicate":"custom_data","property":"component","type":"condition","value":{"id":"THEORETICAL_HOE_WARTS_3"}},"on_true":{"model":"hplus:skyblock/tools/farming/theoretical_hoe/theoretical_hoe_potato_3","type":"model"},"predicate":"custom_data","property":"component","type":"condition","value":{"id":"THEORETICAL_HOE_POTATO_3"}},"on_true":{"model":"hplus:skyblock/tools/farming/theoretical_hoe/theoretical_hoe_carrot_3","type":"model"},"predicate":"custom_data","property":"component","type":"condition","value":{"id":"THEORETICAL_HOE_CARROT_3"}},"on_true":{"model":"hplus:skyblock/tools/farming/theoretical_hoe/theoretical_hoe_cane_3","type":"model"},"predicate":"custom_data","property":"component","type":"condition","value":{"id":"THEORETICAL_HOE_CANE_3"}},"on_true":{"model":"hplus:skyblock/tools/farming/hoe_of_greatest_tilling","type":"model"},"predicate":"custom_data","property":"component","type":"condition","value":{"id":"HOE_OF_GREATEST_TILLING"}},"on_true":{"model":"hplus:skyblock/tools/farming/hoe_of_greater_tilling","type":"model"},"predicate":"custom_data","property":"component","type":"condition","value":{"id":"HOE_OF_GREATER_TILLING"}},"on_true":{"model":"hplus:skyblock/tools/farming/advanced_gardening_hoe","type":"model"},"predicate":"custom_data","property":"component","type":"condition","value":{"id":"ADVANCED_GARDENING_HOE"}},"on_true":{"cases":[{"model":{"model":"hplus:skyblock/weapons/scythes/reaper_scythe","type":"model"},"when":"gui"}],"fallback":{"model":"hplus:skyblock/weapons/scythes/reaper_scythe_hand","type":"model"},"property":"display_context","type":"select"},"predicate":"custom_data","property":"component","type":"condition","value":{"id":"REAPER_SCYTHE"}},"on_true":{"cases":[{"model":{"model":"hplus:skyblock/weapons/scythes/starred_glacial_scythe","type":"model"},"when":"gui"}],"fallback":{"model":"hplus:skyblock/weapons/scythes/starred_glacial_scythe_hand","type":"model"},"property":"display_context","type":"select"},"predicate":"custom_data","property":"component","type":"condition","value":{"id":"STARRED_GLACIAL_SCYTHE"}},"on_true":{"cases":[{"model":{"model":"hplus:skyblock/weapons/scythes/glacial_scythe","type":"model"},"when":"gui"}],"fallback":{"model":"hplus:skyblock/weapons/scythes/glacial_scythe_hand","type":"model"},"property":"display_context","type":"select"},"predicate":"custom_data","property":"component","type":"condition","value":{"id":"GLACIAL_SCYTHE"}},"on_true":{"cases":[{"model":{"model":"hplus:skyblock/weapons/scythes/ghoul_buster","type":"model"},"when":"gui"}],"fallback":{"model":"hplus:skyblock/weapons/scythes/ghoul_buster_hand","type":"model"},"property":"display_context","type":"select"},"predicate":"custom_data","property":"component","type":"condition","value":{"id":"HORSEMAN_SCYTHE"}},"property":"component","type":"select"}}