{"HPLUS":"WEAPONS SWORDS","model":{"HPLUS":"TOOLS MINING","on_false":{"on_false":{"on_false":{"model":"item/diamond_shovel","type":"model"},"on_true":{"model":"hplus:skyblock/tools/mining/snow_shovel","type":"model"},"predicate":"custom_data","property":"component","type":"condition","value":{"id":"SNOW_SHOVEL"}},"on_true":{"model":"hplus:skyblock/tools/mining/carnival_shovel_anchor","type":"model"},"predicate":"custom_data","property":"component","type":"condition","value":{"id":"CARNIVAL_SHOVEL"}},"on_true":{"on_false":{"on_false":{"model":"hplus:skyblock/weapons/swords/aspect_of_the_void","type":"model"},"on_true":{"keybind":"key.use","on_false":{"model":"hplus:skyblock/weapons/swords/aspect_of_the_void","type":"model"},"on_true":{"model":"hplus:skyblock/weapons/swords/aspect_of_the_void_transmission","type":"model"},"property":"keybind_down","type":"condition"},"property":"selected","type":"condition"},"on_true":{"on_false":{"model":"hplus:skyblock/weapons/swords/aspect_of_the_void_etherwarp","type":"model"},"on_true":{"keybind":"key.sneak","on_false":{"keybind":"key.use","on_false":{"model":"hplus:skyblock/weapons/swords/aspect_of_the_void_etherwarp","type":"model"},"on_true":{"model":"hplus:skyblock/weapons/swords/aspect_of_the_void_etherwarp_transmission","type":"model"},"property":"keybind_down","type":"condition"},"on_true":{"keybind":"key.use","on_false":{"model":"hplus:skyblock/weapons/swords/aspect_of_the_void_etherwarp_open","type":"model"},"on_true":{"model":"hplus:skyblock/weapons/swords/aspect_of_the_void_etherwarp_teleport","type":"model"},"property":"keybind_down","type":"condition"},"property":"keybind_down","type":"condition"},"property":"selected","type":"condition"},"predicate":"custom_data","property":"component","type":"condition","value":{"ethermerge":1}},"predicate":"custom_data","property":"component","type":"condition","value":{"id":"ASPECT_OF_THE_VOID"}}}