{"HPLUS":"ARMOR","model":{"on_false":{"on_false":{"on_false":{"on_false":{"on_false":{"on_false":{"on_false":{"on_false":{"on_false":{"on_false":{"on_false":{"on_false":{"on_false":{"on_false":{"on_false":{"on_false":{"on_false":{"on_false":{"on_false":{"on_false":{"on_false":{"cases":[{"model":{"model":"minecraft:item/diamond_boots_quartz_trim","type":"minecraft:model"},"when":"minecraft:quartz"},{"model":{"model":"minecraft:item/diamond_boots_iron_trim","type":"minecraft:model"},"when":"minecraft:iron"},{"model":{"model":"minecraft:item/diamond_boots_netherite_trim","type":"minecraft:model"},"when":"minecraft:netherite"},{"model":{"model":"minecraft:item/diamond_boots_redstone_trim","type":"minecraft:model"},"when":"minecraft:redstone"},{"model":{"model":"minecraft:item/diamond_boots_copper_trim","type":"minecraft:model"},"when":"minecraft:copper"},{"model":{"model":"minecraft:item/diamond_boots_gold_trim","type":"minecraft:model"},"when":"minecraft:gold"},{"model":{"model":"minecraft:item/diamond_boots_emerald_trim","type":"minecraft:model"},"when":"minecraft:emerald"},{"model":{"model":"minecraft:item/diamond_boots_diamond_trim","type":"minecraft:model"},"when":"minecraft:diamond"},{"model":{"model":"minecraft:item/diamond_boots_lapis_trim","type":"minecraft:model"},"when":"minecraft:lapis"},{"model":{"model":"minecraft:item/diamond_boots_amethyst_trim","type":"minecraft:model"},"when":"minecraft:amethyst"},{"model":{"model":"minecraft:item/diamond_boots_resin_trim","type":"minecraft:model"},"when":"minecraft:resin"}],"fallback":{"model":"minecraft:item/diamond_boots","type":"minecraft:model"},"property":"minecraft:trim_material","type":"minecraft:select"},"on_true":{"model":"hplus:skyblock/armor/zombie/zombie_boots","type":"model"},"predicate":"custom_data","property":"component","type":"condition","value":{"id":"ZOMBIE_BOOTS"}},"on_true":{"model":"hplus:skyblock/armor/admin/titan_boots","type":"model"},"predicate":"custom_data","property":"component","type":"condition","value":{"id":"TITAN_BOOTS"}},"on_true":{"model":"hplus:skyblock/armor/tank_miner/tank_miner_boots","type":"model"},"predicate":"custom_data","property":"component","type":"condition","value":{"id":"TANK_MINER_BOOTS"}},"on_true":{"model":"hplus:skyblock/armor/rosetta/rosetta_boots","type":"model"},"predicate":"custom_data","property":"component","type":"condition","value":{"id":"ROSETTA_BOOTS"}},"on_true":{"model":"hplus:skyblock/armor/revenant/revenant_boots","type":"model"},"predicate":"custom_data","property":"component","type":"condition","value":{"id":"REVENANT_BOOTS"}},"on_true":{"model":"hplus:skyblock/armor/perfect/perfect_9/perfect_boots_9","type":"model"},"predicate":"custom_data","property":"component","type":"condition","value":{"id":"PERFECT_BOOTS_9"}},"on_true":{"model":"hplus:skyblock/armor/perfect/perfect_8/perfect_boots_8","type":"model"},"predicate":"custom_data","property":"component","type":"condition","value":{"id":"PERFECT_BOOTS_8"}},"on_true":{"model":"hplus:skyblock/armor/perfect/perfect_7/perfect_boots_7","type":"model"},"predicate":"custom_data","property":"component","type":"condition","value":{"id":"PERFECT_BOOTS_7"}},"on_true":{"model":"hplus:skyblock/armor/perfect/perfect_6/perfect_boots_6","type":"model"},"predicate":"custom_data","property":"component","type":"condition","value":{"id":"PERFECT_BOOTS_6"}},"on_true":{"model":"hplus:skyblock/armor/perfect/perfect_5/perfect_boots_5","type":"model"},"predicate":"custom_data","property":"component","type":"condition","value":{"id":"PERFECT_BOOTS_5"}},"on_true":{"model":"hplus:skyblock/armor/perfect/perfect_4/perfect_boots_4","type":"model"},"predicate":"custom_data","property":"component","type":"condition","value":{"id":"PERFECT_BOOTS_4"}},"on_true":{"model":"hplus:skyblock/armor/perfect/perfect_3/perfect_boots_3","type":"model"},"predicate":"custom_data","property":"component","type":"condition","value":{"id":"PERFECT_BOOTS_3"}},"on_true":{"model":"hplus:skyblock/armor/perfect/perfect_2/perfect_boots_2","type":"model"},"predicate":"custom_data","property":"component","type":"condition","value":{"id":"PERFECT_BOOTS_2"}},"on_true":{"model":"hplus:skyblock/armor/perfect/perfect_13/perfect_boots_13","type":"model"},"predicate":"custom_data","property":"component","type":"condition","value":{"id":"PERFECT_BOOTS_13"}},"on_true":{"model":"hplus:skyblock/armor/perfect/perfect_12/perfect_boots_12","type":"model"},"predicate":"custom_data","property":"component","type":"condition","value":{"id":"PERFECT_BOOTS_12"}},"on_true":{"model":"hplus:skyblock/armor/perfect/perfect_11/perfect_boots_11","type":"model"},"predicate":"custom_data","property":"component","type":"condition","value":{"id":"PERFECT_BOOTS_11"}},"on_true":{"model":"hplus:skyblock/armor/perfect/perfect_10/perfect_boots_10","type":"model"},"predicate":"custom_data","property":"component","type":"condition","value":{"id":"PERFECT_BOOTS_10"}},"on_true":{"model":"hplus:skyblock/armor/perfect/perfect_1/perfect_boots_1","type":"model"},"predicate":"custom_data","property":"component","type":"condition","value":{"id":"PERFECT_BOOTS_1"}},"on_true":{"model":"hplus:skyblock/armor/mastiff/mastiff_boots","type":"model"},"predicate":"custom_data","property":"component","type":"condition","value":{"id":"MASTIFF_BOOTS"}},"on_true":{"model":"hplus:skyblock/armor/hardened_diamond/hardened_diamond_boots","type":"model"},"predicate":"custom_data","property":"component","type":"condition","value":{"id":"HARDENED_DIAMOND_BOOTS"}},"on_true":{"model":"hplus:skyblock/armor/hunter/diamond/diamond_hunter_boots","type":"model"},"predicate":"custom_data","property":"component","type":"condition","value":{"id":"DIAMOND_HUNTER_BOOTS"}}}