{"HPLUS":"WEAPONS SWORDS","model":{"HPLUS":"TOOLS FARMING","on_false":{"on_false":{"on_false":{"on_false":{"HPLUS":"ITEMS_MINING CRYSTAL_HOLLOWS","on_false":{"on_false":{"model":"item/diamond_axe","type":"model"},"on_true":{"model":"hplus:skyblock/items/mining/crystal_hollows/dwarven_diamond_axe","type":"model"},"predicate":"custom_data","property":"component","type":"condition","value":{"id":"DWARVEN_DIAMOND_AXE"}},"on_true":{"model":"hplus:skyblock/tools/farming/melon_dicer_3","type":"model"},"predicate":"custom_data","property":"component","type":"condition","value":{"id":"MELON_DICER_3"}},"on_true":{"model":"hplus:skyblock/tools/farming/melon_dicer_2","type":"model"},"predicate":"custom_data","property":"component","type":"condition","value":{"id":"MELON_DICER_2"}},"on_true":{"model":"hplus:skyblock/tools/farming/melon_dicer","type":"model"},"predicate":"custom_data","property":"component","type":"condition","value":{"id":"MELON_DICER"}},"on_true":{"model":"hplus:skyblock/tools/farming/advanced_gardening_axe","type":"model"},"predicate":"custom_data","property":"component","type":"condition","value":{"id":"ADVANCED_GARDENING_AXE"}},"on_true":{"model":"hplus:skyblock/weapons/swords/axe_of_the_shredded","type":"model"},"predicate":"custom_data","property":"component","type":"condition","value":{"id":"AXE_OF_THE_SHREDDED"}}}