{"model":{"HPLUS":"WEAPONS SWORDS","cases":[{"model":{"model":"hplus:ui/icons/skyblock_menu/your_skills","type":"model"},"when":[{"extra":[{"color":"green","text":"Your Skills"}],"italic":false,"text":""}]},{"model":{"model":"hplus:ui/icons/skyblock_menu/your_skills","type":"model"},"when":[{"extra":[{"color":"gold","text":"Max Skills"}],"italic":false,"text":""}]},{"model":{"models":[{"model":"hplus:skyblock/items/pet_items/pet_item_skill_boost_legendary","type":"model"},{"model":"hplus:skyblock/items/pet_items/pet_item_combat_skill_boost","type":"model"}],"type":"composite"},"when":[{"extra":[{"color":"gold","text":"Max Items"}],"italic":false,"text":""}]}],"component":"custom_name","fallback":{"on_false":{"on_false":{"on_false":{"on_false":{"on_false":{"on_false":{"on_false":{"on_false":{"on_false":{"on_false":{"on_false":{"on_false":{"HPLUS":"WEAPONS LONGSWORDS","on_false":{"on_false":{"on_false":{"HPLUS":"BEDWARS","on_false":{"on_false":{"model":"item/diamond_sword","type":"model"},"on_true":{"model":"hplus:skyblock/weapons/swords/necron_blade","type":"model"},"predicate":"custom_data","property":"component","type":"condition","value":{"wither_warrior_blitz":1}},"on_true":{"cases":[{"model":{"model":"hplus:skyblock/weapons/longswords/vorpal_katana","type":"model"},"when":"gui"}],"fallback":{"model":"hplus:skyblock/weapons/longswords/vorpal_katana_hand","type":"model"},"property":"display_context","type":"select"},"predicate":"custom_data","property":"component","type":"condition","value":{"id":"VORPAL_KATANA"}},"on_true":{"cases":[{"model":{"model":"hplus:skyblock/weapons/longswords/voidedge_katana","type":"model"},"when":"gui"}],"fallback":{"model":"hplus:skyblock/weapons/longswords/voidedge_katana_hand","type":"model"},"property":"display_context","type":"select"},"predicate":"custom_data","property":"component","type":"condition","value":{"id":"VOIDEDGE_KATANA"}},"on_true":{"cases":[{"model":{"model":"hplus:skyblock/weapons/longswords/atomsplit_katana","type":"model"},"when":"gui"}],"fallback":{"model":"hplus:skyblock/weapons/longswords/atomsplit_katana_hand","type":"model"},"property":"display_context","type":"select"},"predicate":"custom_data","property":"component","type":"condition","value":{"id":"ATOMSPLIT_KATANA"}},"on_true":{"model":"hplus:skyblock/weapons/swords/void_sword","type":"model"},"predicate":"custom_data","property":"component","type":"condition","value":{"id":"VOID_SWORD"}},"on_true":{"model":"hplus:skyblock/weapons/swords/starred_shadow_fury","type":"model"},"predicate":"custom_data","property":"component","type":"condition","value":{"id":"STARRED_SHADOW_FURY"}},"on_true":{"model":"hplus:skyblock/weapons/swords/shadow_fury","type":"model"},"predicate":"custom_data","property":"component","type":"condition","value":{"id":"SHADOW_FURY"}},"on_true":{"model":"hplus:skyblock/weapons/swords/revenant_sword","type":"model"},"predicate":"custom_data","property":"component","type":"condition","value":{"id":"REVENANT_SWORD"}},"on_true":{"model":"hplus:skyblock/weapons/swords/reaper_sword","type":"model"},"predicate":"custom_data","property":"component","type":"condition","value":{"id":"REAPER_SWORD"}},"on_true":{"model":"hplus:skyblock/weapons/swords/mawdust_dagger_crystal","type":"model"},"predicate":"custom_data","property":"component","type":"condition","value":{"id":"MAWDUST_DAGGER"}},"on_true":{"model":"hplus:skyblock/weapons/swords/heartmaw_dagger_crystal","type":"model"},"predicate":"custom_data","property":"component","type":"condition","value":{"id":"HEARTMAW_DAGGER"}},"on_true":{"model":"hplus:skyblock/weapons/swords/end_sword","type":"model"},"predicate":"custom_data","property":"component","type":"condition","value":{"id":"END_SWORD"}},"on_true":{"model":"hplus:skyblock/weapons/swords/crypt_witherlord_sword","type":"model"},"predicate":"custom_data","property":"component","type":"condition","value":{"id":"CRYPT_WITHERLORD_SWORD"}},"on_true":{"model":"hplus:skyblock/weapons/swords/burstmaw_dagger_crystal","type":"model"},"predicate":"custom_data","property":"component","type":"condition","value":{"id":"BURSTMAW_DAGGER"}},"on_true":{"on_false":{"on_false":{"model":"hplus:skyblock/weapons/swords/aspect_of_the_end","type":"model"},"on_true":{"keybind":"key.use","on_false":{"model":"hplus:skyblock/weapons/swords/aspect_of_the_end","type":"model"},"on_true":{"model":"hplus:skyblock/weapons/swords/aspect_of_the_end_transmission","type":"model"},"property":"keybind_down","type":"condition"},"property":"selected","type":"condition"},"on_true":{"on_false":{"model":"hplus:skyblock/weapons/swords/aspect_of_the_end_etherwarp","type":"model"},"on_true":{"keybind":"key.sneak","on_false":{"keybind":"key.use","on_false":{"model":"hplus:skyblock/weapons/swords/aspect_of_the_end_etherwarp","type":"model"},"on_true":{"model":"hplus:skyblock/weapons/swords/aspect_of_the_end_etherwarp_transmission","type":"model"},"property":"keybind_down","type":"condition"},"on_true":{"keybind":"key.use","on_false":{"model":"hplus:skyblock/weapons/swords/aspect_of_the_end_etherwarp_open","type":"model"},"on_true":{"model":"hplus:skyblock/weapons/swords/aspect_of_the_end_etherwarp_teleport","type":"model"},"property":"keybind_down","type":"condition"},"property":"keybind_down","type":"condition"},"property":"selected","type":"condition"},"predicate":"custom_data","property":"component","type":"condition","value":{"ethermerge":1}},"predicate":"custom_data","property":"component","type":"condition","value":{"id":"ASPECT_OF_THE_END"}},"on_true":{"model":"hplus:skyblock/weapons/swords/aspect_of_the_dragon","type":"model"},"predicate":"custom_data","property":"component","type":"condition","value":{"id":"ASPECT_OF_THE_DRAGON"}},"on_true":{"model":"hplus:skyblock/weapons/swords/aspect_of_the_draconic","type":"model"},"predicate":"custom_data","property":"component","type":"condition","value":{"id":"ASPECT_OF_THE_DRACONIC"}},"property":"component","type":"select"}}