{"HPLUS":"ARMOR","model":{"on_false":{"on_false":{"on_false":{"on_false":{"on_false":{"on_false":{"on_false":{"on_false":{"on_false":{"on_false":{"on_false":{"on_false":{"on_false":{"on_false":{"on_false":{"on_false":{"on_false":{"on_false":{"on_false":{"on_false":{"cases":[{"model":{"model":"minecraft:item/diamond_chestplate_quartz_trim","type":"minecraft:model"},"when":"minecraft:quartz"},{"model":{"model":"minecraft:item/diamond_chestplate_iron_trim","type":"minecraft:model"},"when":"minecraft:iron"},{"model":{"model":"minecraft:item/diamond_chestplate_netherite_trim","type":"minecraft:model"},"when":"minecraft:netherite"},{"model":{"model":"minecraft:item/diamond_chestplate_redstone_trim","type":"minecraft:model"},"when":"minecraft:redstone"},{"model":{"model":"minecraft:item/diamond_chestplate_copper_trim","type":"minecraft:model"},"when":"minecraft:copper"},{"model":{"model":"minecraft:item/diamond_chestplate_gold_trim","type":"minecraft:model"},"when":"minecraft:gold"},{"model":{"model":"minecraft:item/diamond_chestplate_emerald_trim","type":"minecraft:model"},"when":"minecraft:emerald"},{"model":{"model":"minecraft:item/diamond_chestplate_diamond_trim","type":"minecraft:model"},"when":"minecraft:diamond"},{"model":{"model":"minecraft:item/diamond_chestplate_lapis_trim","type":"minecraft:model"},"when":"minecraft:lapis"},{"model":{"model":"minecraft:item/diamond_chestplate_amethyst_trim","type":"minecraft:model"},"when":"minecraft:amethyst"},{"model":{"model":"minecraft:item/diamond_chestplate_resin_trim","type":"minecraft:model"},"when":"minecraft:resin"}],"fallback":{"model":"minecraft:item/diamond_chestplate","type":"minecraft:model"},"property":"minecraft:trim_material","type":"minecraft:select"},"on_true":{"model":"hplus:skyblock/armor/zombie/zombie_chestplate","type":"model"},"predicate":"custom_data","property":"component","type":"condition","value":{"id":"ZOMBIE_CHESTPLATE"}},"on_true":{"model":"hplus:skyblock/armor/admin/titan_chestplate","type":"model"},"predicate":"custom_data","property":"component","type":"condition","value":{"id":"TITAN_CHESTPLATE"}},"on_true":{"model":"hplus:skyblock/armor/tank_miner/tank_miner_chestplate","type":"model"},"predicate":"custom_data","property":"component","type":"condition","value":{"id":"TANK_MINER_CHESTPLATE"}},"on_true":{"model":"hplus:skyblock/armor/rosetta/rosetta_chestplate","type":"model"},"predicate":"custom_data","property":"component","type":"condition","value":{"id":"ROSETTA_CHESTPLATE"}},"on_true":{"model":"hplus:skyblock/armor/revenant/revenant_chestplate","type":"model"},"predicate":"custom_data","property":"component","type":"condition","value":{"id":"REVENANT_CHESTPLATE"}},"on_true":{"model":"hplus:skyblock/armor/perfect/perfect_9/perfect_chestplate_9","type":"model"},"predicate":"custom_data","property":"component","type":"condition","value":{"id":"PERFECT_CHESTPLATE_9"}},"on_true":{"model":"hplus:skyblock/armor/perfect/perfect_8/perfect_chestplate_8","type":"model"},"predicate":"custom_data","property":"component","type":"condition","value":{"id":"PERFECT_CHESTPLATE_8"}},"on_true":{"model":"hplus:skyblock/armor/perfect/perfect_7/perfect_chestplate_7","type":"model"},"predicate":"custom_data","property":"component","type":"condition","value":{"id":"PERFECT_CHESTPLATE_7"}},"on_true":{"model":"hplus:skyblock/armor/perfect/perfect_6/perfect_chestplate_6","type":"model"},"predicate":"custom_data","property":"component","type":"condition","value":{"id":"PERFECT_CHESTPLATE_6"}},"on_true":{"model":"hplus:skyblock/armor/perfect/perfect_5/perfect_chestplate_5","type":"model"},"predicate":"custom_data","property":"component","type":"condition","value":{"id":"PERFECT_CHESTPLATE_5"}},"on_true":{"model":"hplus:skyblock/armor/perfect/perfect_4/perfect_chestplate_4","type":"model"},"predicate":"custom_data","property":"component","type":"condition","value":{"id":"PERFECT_CHESTPLATE_4"}},"on_true":{"model":"hplus:skyblock/armor/perfect/perfect_3/perfect_chestplate_3","type":"model"},"predicate":"custom_data","property":"component","type":"condition","value":{"id":"PERFECT_CHESTPLATE_3"}},"on_true":{"model":"hplus:skyblock/armor/perfect/perfect_2/perfect_chestplate_2","type":"model"},"predicate":"custom_data","property":"component","type":"condition","value":{"id":"PERFECT_CHESTPLATE_2"}},"on_true":{"model":"hplus:skyblock/armor/perfect/perfect_13/perfect_chestplate_13","type":"model"},"predicate":"custom_data","property":"component","type":"condition","value":{"id":"PERFECT_CHESTPLATE_13"}},"on_true":{"model":"hplus:skyblock/armor/perfect/perfect_12/perfect_chestplate_12","type":"model"},"predicate":"custom_data","property":"component","type":"condition","value":{"id":"PERFECT_CHESTPLATE_12"}},"on_true":{"model":"hplus:skyblock/armor/perfect/perfect_11/perfect_chestplate_11","type":"model"},"predicate":"custom_data","property":"component","type":"condition","value":{"id":"PERFECT_CHESTPLATE_11"}},"on_true":{"model":"hplus:skyblock/armor/perfect/perfect_10/perfect_chestplate_10","type":"model"},"predicate":"custom_data","property":"component","type":"condition","value":{"id":"PERFECT_CHESTPLATE_10"}},"on_true":{"model":"hplus:skyblock/armor/perfect/perfect_1/perfect_chestplate_1","type":"model"},"predicate":"custom_data","property":"component","type":"condition","value":{"id":"PERFECT_CHESTPLATE_1"}},"on_true":{"model":"hplus:skyblock/armor/hardened_diamond/hardened_diamond_chestplate","type":"model"},"predicate":"custom_data","property":"component","type":"condition","value":{"id":"HARDENED_DIAMOND_CHESTPLATE"}},"on_true":{"model":"hplus:skyblock/armor/hunter/diamond/diamond_hunter_chestplate","type":"model"},"predicate":"custom_data","property":"component","type":"condition","value":{"id":"DIAMOND_HUNTER_CHESTPLATE"}}}