{"model":{"HPLUS":"WEAPONS SWORDS","cases":[{"model":{"model":"hplus:ui/icons/skyblock_menu/your_skills","type":"model"},"when":[{"extra":[{"color":"gold","text":"Max Skills"}],"italic":false,"text":""}]},{"model":{"models":[{"model":"hplus:skyblock/items/pet_items/pet_item_skill_boost_legendary","type":"model"},{"model":"hplus:skyblock/items/pet_items/pet_item_combat_skill_boost","type":"model"}],"type":"composite"},"when":[{"extra":[{"color":"gold","text":"Max Items"}],"italic":false,"text":""}]},{"model":{"model":"hplus:murder/double_death_scythe","type":"model"},"when":[{"extra":[{"color":"green","text":"Double Death Scythe"}],"italic":false,"text":""}]},{"model":{"model":"hplus:murder/double_death_scythe","type":"model"},"when":[{"extra":[{"color":"red","text":"Double Death Scythe"}],"italic":false,"text":""}]}],"component":"custom_name","fallback":{"HPLUS":"TOOLS MINING","on_false":{"on_false":{"on_false":{"on_false":{"HPLUS":"MURDER","on_false":{"on_false":{"model":"item/diamond_pickaxe","type":"model"},"on_true":{"cases":[{"model":{"model":"hplus:murder/double_death_scythe","type":"model"},"when":"gui"}],"fallback":{"model":"hplus:murder/double_death_scythe_hand","type":"model"},"property":"display_context","type":"select"},"predicate":"custom_data","property":"component","type":"condition","value":{"KNIFE":1}},"on_true":{"model":"hplus:skyblock/tools/mining/refined_mithril_pickaxe","type":"model"},"predicate":"custom_data","property":"component","type":"condition","value":{"id":"REFINED_MITHRIL_PICKAXE"}},"on_true":{"model":"hplus:skyblock/tools/mining/pickonimbus","type":"model"},"predicate":"custom_data","property":"component","type":"condition","value":{"id":"PICKONIMBUS"}},"on_true":{"model":"hplus:skyblock/tools/mining/mithril_pickaxe","type":"model"},"predicate":"custom_data","property":"component","type":"condition","value":{"id":"MITHRIL_PICKAXE"}},"on_true":{"model":"hplus:skyblock/tools/mining/lapis_pickaxe","type":"model"},"predicate":"custom_data","property":"component","type":"condition","value":{"id":"LAPIS_PICKAXE"}},"on_true":{"model":"hplus:skyblock/weapons/swords/self_recursive_pickaxe","type":"model"},"predicate":"custom_data","property":"component","type":"condition","value":{"id":"SELF_RECURSIVE_PICKAXE"}},"property":"component","type":"select"}}