{"model":{"HPLUS":"TOOLS COMBAT","cases":[{"model":{"model":"hplus:ui/icons/skyblock_menu/pets","type":"model"},"when":[{"extra":[{"color":"green","text":"Pet Score Rewards"}],"italic":false,"text":""}]},{"model":{"model":"hplus:ui/buttons/arrow_up_gold","type":"model"},"when":[{"extra":[{"color":"green","text":"Quick-Upgrade Minion"}],"italic":false,"text":""}]},{"model":{"model":"hplus:ui/currency/bits","type":"model"},"when":[{"extra":[{"color":"aqua","text":"Bits"}],"italic":false,"text":""}]},{"model":{"model":"hplus:ui/currency/bits","type":"model"},"when":[{"extra":[{"color":"aqua","text":"Bits Shop"}],"italic":false,"text":""}]},{"model":{"model":"hplus:ui/bank_upgrades/super_deluxe_account","type":"model"},"when":[{"extra":[{"color":"gold","text":"Generate 1M Coins"}],"italic":false,"text":""}]},{"model":{"model":"hplus:ui/icons/profiles/coop","type":"model"},"when":[{"extra":[{"color":"green","text":"Co-op Request"}],"italic":false,"text":""}]},{"model":{"model":"hplus:bedwars/quickcomm/need_resources","type":"model"},"when":[{"extra":[{"color":"green","text":"We need resources!"}],"italic":false,"text":""}]},{"model":{"model":"hplus:bedwars/quickcomm/collecting","type":"model"},"when":[{"extra":[{"color":"green","text":"I'm collecting resources!"}],"italic":false,"text":""}]}],"component":"custom_name","fallback":{"HPLUS":"TOOLS MINING","on_false":{"HPLUS":"ITEMS MISC MINION_ITEMS","on_false":{"HPLUS":"ITEMS PET_ITEMS","on_false":{"on_false":{"on_false":{"on_false":{"on_false":{"on_false":{"HPLUS":"ITEMS RIFT","on_false":{"HPLUS":"ITEMS SLAYER REVENANT_HORROR","on_false":{"on_false":{"model":"item/diamond","type":"model"},"on_true":{"model":"hplus:skyblock/items/slayer/revenant_horror/scythe_blade","type":"model"},"predicate":"custom_data","property":"component","type":"condition","value":{"id":"SCYTHE_BLADE"}},"on_true":{"model":"hplus:skyblock/items/rift/wand_of_warding","type":"model"},"predicate":"custom_data","property":"component","type":"condition","value":{"id":"WAND_OF_WARDING"}},"on_true":{"models":[{"model":"hplus:skyblock/items/pet_items/pet_item_all_skills_boost","type":"model"},{"model":"hplus:skyblock/items/pet_items/pet_item_skill_boost_legendary","type":"model"}],"type":"composite"},"predicate":"custom_data","property":"component","type":"condition","value":{"id":"PET_ITEM_ALL_SKILLS_BOOST_LEGENDARY"}},"on_true":{"models":[{"model":"hplus:skyblock/items/pet_items/pet_item_all_skills_boost","type":"model"},{"model":"hplus:skyblock/items/pet_items/pet_item_skill_boost_epic","type":"model"}],"type":"composite"},"predicate":"custom_data","property":"component","type":"condition","value":{"id":"PET_ITEM_ALL_SKILLS_BOOST_EPIC"}},"on_true":{"models":[{"model":"hplus:skyblock/items/pet_items/pet_item_all_skills_boost","type":"model"},{"model":"hplus:skyblock/items/pet_items/pet_item_skill_boost_rare","type":"model"}],"type":"composite"},"predicate":"custom_data","property":"component","type":"condition","value":{"id":"PET_ITEM_ALL_SKILLS_BOOST_RARE"}},"on_true":{"models":[{"model":"hplus:skyblock/items/pet_items/pet_item_all_skills_boost","type":"model"},{"model":"hplus:skyblock/items/pet_items/pet_item_skill_boost_uncommon","type":"model"}],"type":"composite"},"predicate":"custom_data","property":"component","type":"condition","value":{"id":"PET_ITEM_ALL_SKILLS_BOOST_UNCOMMON"}},"on_true":{"models":[{"model":"hplus:skyblock/items/pet_items/pet_item_all_skills_boost","type":"model"},{"model":"hplus:skyblock/items/pet_items/pet_item_skill_boost_common","type":"model"}],"type":"composite"},"predicate":"custom_data","property":"component","type":"condition","value":{"id":"PET_ITEM_ALL_SKILLS_BOOST_COMMON"}},"on_true":{"models":[{"model":"hplus:skyblock/items/pet_items/all_skills_super_boost","type":"model"},{"model":"hplus:skyblock/items/pet_items/pet_item_skill_boost_common","type":"model"}],"type":"composite"},"predicate":"custom_data","property":"component","type":"condition","value":{"id":"ALL_SKILLS_SUPER_BOOST"}},"on_true":{"model":"hplus:skyblock/items/misc/minion_items/diamond_spreading","type":"model"},"predicate":"custom_data","property":"component","type":"condition","value":{"id":"DIAMOND_SPREADING"}},"on_true":{"model":"hplus:skyblock/tools/mining/fallen_star_tracker","type":"model"},"predicate":"custom_data","property":"component","type":"condition","value":{"id":"FALLEN_STAR_TRACKER"}},"on_true":{"on_false":{"model":"hplus:skyblock/tools/combat/holy_ice","type":"model"},"on_true":{"keybind":"key.use","on_false":{"model":"hplus:skyblock/tools/combat/holy_ice","type":"model"},"on_true":{"model":"hplus:skyblock/tools/combat/holy_ice_splash","type":"model"},"property":"keybind_down","type":"condition"},"property":"selected","type":"condition"},"predicate":"custom_data","property":"component","type":"condition","value":{"id":"HOLY_ICE"}},"property":"component","type":"select"}}