{"HPLUS":"ARMOR","model":{"on_false":{"on_false":{"on_false":{"on_false":{"on_false":{"on_false":{"on_false":{"on_false":{"on_false":{"on_false":{"on_false":{"on_false":{"on_false":{"on_false":{"on_false":{"on_false":{"on_false":{"on_false":{"cases":[{"model":{"model":"minecraft:item/diamond_helmet_quartz_trim","type":"minecraft:model"},"when":"minecraft:quartz"},{"model":{"model":"minecraft:item/diamond_helmet_iron_trim","type":"minecraft:model"},"when":"minecraft:iron"},{"model":{"model":"minecraft:item/diamond_helmet_netherite_trim","type":"minecraft:model"},"when":"minecraft:netherite"},{"model":{"model":"minecraft:item/diamond_helmet_redstone_trim","type":"minecraft:model"},"when":"minecraft:redstone"},{"model":{"model":"minecraft:item/diamond_helmet_copper_trim","type":"minecraft:model"},"when":"minecraft:copper"},{"model":{"model":"minecraft:item/diamond_helmet_gold_trim","type":"minecraft:model"},"when":"minecraft:gold"},{"model":{"model":"minecraft:item/diamond_helmet_emerald_trim","type":"minecraft:model"},"when":"minecraft:emerald"},{"model":{"model":"minecraft:item/diamond_helmet_diamond_trim","type":"minecraft:model"},"when":"minecraft:diamond"},{"model":{"model":"minecraft:item/diamond_helmet_lapis_trim","type":"minecraft:model"},"when":"minecraft:lapis"},{"model":{"model":"minecraft:item/diamond_helmet_amethyst_trim","type":"minecraft:model"},"when":"minecraft:amethyst"},{"model":{"model":"minecraft:item/diamond_helmet_resin_trim","type":"minecraft:model"},"when":"minecraft:resin"}],"fallback":{"model":"minecraft:item/diamond_helmet","type":"minecraft:model"},"property":"minecraft:trim_material","type":"minecraft:select"},"on_true":{"model":"hplus:skyblock/armor/tank_miner/tank_miner_helmet","type":"model"},"predicate":"custom_data","property":"component","type":"condition","value":{"id":"TANK_MINER_HELMET"}},"on_true":{"model":"hplus:skyblock/armor/rosetta/rosetta_helmet","type":"model"},"predicate":"custom_data","property":"component","type":"condition","value":{"id":"ROSETTA_HELMET"}},"on_true":{"model":"hplus:skyblock/armor/perfect/perfect_9/perfect_helmet_9","type":"model"},"predicate":"custom_data","property":"component","type":"condition","value":{"id":"PERFECT_HELMET_9"}},"on_true":{"model":"hplus:skyblock/armor/perfect/perfect_8/perfect_helmet_8","type":"model"},"predicate":"custom_data","property":"component","type":"condition","value":{"id":"PERFECT_HELMET_8"}},"on_true":{"model":"hplus:skyblock/armor/perfect/perfect_7/perfect_helmet_7","type":"model"},"predicate":"custom_data","property":"component","type":"condition","value":{"id":"PERFECT_HELMET_7"}},"on_true":{"model":"hplus:skyblock/armor/perfect/perfect_6/perfect_helmet_6","type":"model"},"predicate":"custom_data","property":"component","type":"condition","value":{"id":"PERFECT_HELMET_6"}},"on_true":{"model":"hplus:skyblock/armor/perfect/perfect_5/perfect_helmet_5","type":"model"},"predicate":"custom_data","property":"component","type":"condition","value":{"id":"PERFECT_HELMET_5"}},"on_true":{"model":"hplus:skyblock/armor/perfect/perfect_4/perfect_helmet_4","type":"model"},"predicate":"custom_data","property":"component","type":"condition","value":{"id":"PERFECT_HELMET_4"}},"on_true":{"model":"hplus:skyblock/armor/perfect/perfect_3/perfect_helmet_3","type":"model"},"predicate":"custom_data","property":"component","type":"condition","value":{"id":"PERFECT_HELMET_3"}},"on_true":{"model":"hplus:skyblock/armor/perfect/perfect_2/perfect_helmet_2","type":"model"},"predicate":"custom_data","property":"component","type":"condition","value":{"id":"PERFECT_HELMET_2"}},"on_true":{"model":"hplus:skyblock/armor/perfect/perfect_13/perfect_helmet_13","type":"model"},"predicate":"custom_data","property":"component","type":"condition","value":{"id":"PERFECT_HELMET_13"}},"on_true":{"model":"hplus:skyblock/armor/perfect/perfect_12/perfect_helmet_12","type":"model"},"predicate":"custom_data","property":"component","type":"condition","value":{"id":"PERFECT_HELMET_12"}},"on_true":{"model":"hplus:skyblock/armor/perfect/perfect_11/perfect_helmet_11","type":"model"},"predicate":"custom_data","property":"component","type":"condition","value":{"id":"PERFECT_HELMET_11"}},"on_true":{"model":"hplus:skyblock/armor/perfect/perfect_10/perfect_helmet_10","type":"model"},"predicate":"custom_data","property":"component","type":"condition","value":{"id":"PERFECT_HELMET_10"}},"on_true":{"model":"hplus:skyblock/armor/perfect/perfect_1/perfect_helmet_1","type":"model"},"predicate":"custom_data","property":"component","type":"condition","value":{"id":"PERFECT_HELMET_1"}},"on_true":{"model":"hplus:skyblock/armor/hardened_diamond/hardened_diamond_helmet","type":"model"},"predicate":"custom_data","property":"component","type":"condition","value":{"id":"HARDENED_DIAMOND_HELMET"}},"on_true":{"model":"hplus:skyblock/armor/hunter/diamond/diamond_hunter_helmet","type":"model"},"predicate":"custom_data","property":"component","type":"condition","value":{"id":"DIAMOND_HUNTER_HELMET"}},"on_true":{"model":"hplus:skyblock/armor/angler/angler_helmet","type":"model"},"predicate":"custom_data","property":"component","type":"condition","value":{"id":"ANGLER_HELMET"}}}