{"HPLUS":"ACCESSORIES","model":{"on_false":{"on_false":{"on_false":{"on_false":{"model":"block/dispenser","type":"model"},"on_true":{"model":"hplus:skyblock/accessories/personal_deletor/personal_deletor_7000","type":"model"},"predicate":"custom_data","property":"component","type":"condition","value":{"id":"PERSONAL_DELETOR_7000"}},"on_true":{"model":"hplus:skyblock/accessories/personal_deletor/personal_deletor_6000","type":"model"},"predicate":"custom_data","property":"component","type":"condition","value":{"id":"PERSONAL_DELETOR_6000"}},"on_true":{"model":"hplus:skyblock/accessories/personal_deletor/personal_deletor_5000","type":"model"},"predicate":"custom_data","property":"component","type":"condition","value":{"id":"PERSONAL_DELETOR_5000"}},"on_true":{"model":"hplus:skyblock/accessories/personal_deletor/personal_deletor_4000","type":"model"},"predicate":"custom_data","property":"component","type":"condition","value":{"id":"PERSONAL_DELETOR_4000"}}}