{"model":{"HPLUS":"ACCESSORIES","cases":[{"model":{"model":"hplus:ui/auction/withdraw_coins","type":"model"},"when":[{"extra":[{"color":"green","text":"Withdraw Coins"}],"italic":false,"text":""}]},{"model":{"model":"hplus:ui/auction/withdraw_coins","type":"model"},"when":[{"extra":[{"color":"green","text":"Everything in the account"}],"italic":false,"text":""}]},{"model":{"model":"hplus:ui/auction/withdraw_coins","type":"model"},"when":[{"extra":[{"color":"green","text":"Half the account"}],"italic":false,"text":""}]},{"model":{"model":"hplus:ui/auction/withdraw_coins","type":"model"},"when":[{"extra":[{"color":"green","text":"Withdraw 20%"}],"italic":false,"text":""}]}],"component":"custom_name","fallback":{"on_false":{"on_false":{"on_false":{"HPLUS":"ITEMS MISC MINION_ITEMS","on_false":{"on_false":{"on_false":{"on_false":{"model":"block/dropper","type":"model"},"on_true":{"model":"hplus:skyblock/items/misc/minion_items/dwarven_compactor","type":"model"},"predicate":"custom_data","property":"component","type":"condition","value":{"id":"DWARVEN_COMPACTOR"}},"on_true":{"model":"hplus:skyblock/items/misc/minion_items/super_compactor_3000","type":"model"},"predicate":"custom_data","property":"component","type":"condition","value":{"id":"SUPER_COMPACTOR_3000"}},"on_true":{"model":"hplus:skyblock/items/misc/minion_items/compactor","type":"model"},"predicate":"custom_data","property":"component","type":"condition","value":{"id":"COMPACTOR"}},"on_true":{"model":"hplus:skyblock/accessories/personal_compactor/personal_compactor_7000","type":"model"},"predicate":"custom_data","property":"component","type":"condition","value":{"id":"PERSONAL_COMPACTOR_7000"}},"on_true":{"model":"hplus:skyblock/accessories/personal_compactor/personal_compactor_6000","type":"model"},"predicate":"custom_data","property":"component","type":"condition","value":{"id":"PERSONAL_COMPACTOR_6000"}},"on_true":{"model":"hplus:skyblock/accessories/personal_compactor/personal_compactor_5000","type":"model"},"predicate":"custom_data","property":"component","type":"condition","value":{"id":"PERSONAL_COMPACTOR_5000"}},"on_true":{"model":"hplus:skyblock/accessories/personal_compactor/personal_compactor_4000","type":"model"},"predicate":"custom_data","property":"component","type":"condition","value":{"id":"PERSONAL_COMPACTOR_4000"}},"property":"component","type":"select"}}