{"model":{"HPLUS":"ITEMS MISC","cases":[{"model":{"model":"hplus:skyblock/items/misc/bridge_egg","type":"model"},"when":[{"extra":[{"color":"red","text":"Bridge Egg"}],"italic":false,"text":""}]},{"model":{"model":"hplus:skyblock/items/misc/bridge_egg","type":"model"},"when":[{"extra":[{"color":"green","text":"Bridge Egg"}],"italic":false,"text":""}]},{"model":{"model":"hplus:skyblock/items/misc/bridge_egg","type":"model"},"when":[{"extra":[{"color":"aqua","text":"Bridge Egg"}],"italic":false,"text":""}]}],"component":"custom_name","fallback":{"on_false":{"HPLUS":"ITEMS RIFT","on_false":{"on_false":{"model":"item/egg","type":"model"},"on_true":{"model":"hplus:skyblock/items/rift/metaphoric_egg","type":"model"},"predicate":"custom_data","property":"component","type":"condition","value":{"id":"METAPHORIC_EGG"}},"on_true":{"model":"hplus:skyblock/items/misc/stone_bridge","type":"model"},"predicate":"custom_data","property":"component","type":"condition","value":{"id":"STONE_BRIDGE"}},"on_true":{"model":"hplus:skyblock/items/misc/bridge_egg","type":"model"},"predicate":"custom_data","property":"component","type":"condition","value":{"id":"BRIDGE_EGG"}},"property":"component","type":"select"}}