{"model":{"HPLUS":"WEAPONS SWORDS","cases":[{"model":{"model":"hplus:ui/buttons/trade","type":"model"},"when":[{"extra":[{"color":"green","text":"Trades"}],"italic":false,"text":""}]},{"model":{"model":"hplus:ui/auction/buy_instantly","type":"model"},"when":[{"extra":[{"color":"aqua","text":"Bingo Shop"}],"italic":false,"text":""}]},{"model":{"model":"hplus:ui/auction/buy_instantly","type":"model"},"when":[{"extra":[{"color":"green","text":"SkyMart"}],"italic":false,"text":""}]},{"model":{"model":"hplus:ui/auction/buy_instantly","type":"model"},"when":[{"extra":[{"color":"green","text":"Event Shop"}],"italic":false,"text":""}]},{"model":{"model":"hplus:ui/auction/buy_instantly","type":"model"},"when":[{"extra":[{"color":"gold","text":"Chocolate Shop"}],"italic":false,"text":""}]},{"model":{"model":"hplus:ui/buttons/trade","type":"model"},"when":[{"extra":[{"color":"green","text":"Trade Request"}],"italic":false,"text":""}]},{"model":{"model":"hplus:ui/bank_upgrades/luxurious_account","type":"model"},"when":[{"extra":[{"color":"gold","text":"Generate 100M Coins"}],"italic":false,"text":""}]}],"component":"custom_name","fallback":{"on_false":{"model":"item/emerald","type":"model"},"on_true":{"model":"hplus:skyblock/weapons/swords/emerald_blade","type":"model"},"predicate":"custom_data","property":"component","type":"condition","value":{"id":"EMERALD_BLADE"}},"property":"component","type":"select"}}