{"model":{"HPLUS":"BEDWARS","cases":[{"model":{"model":"hplus:ui/icons/misc_skyblock_ui/runecrafting","type":"model"},"when":[{"extra":[{"color":"green","text":"Combine Items"}],"italic":false,"text":""}]},{"model":{"model":"hplus:ui/icons/misc_skyblock_ui/runecrafting","type":"model"},"when":[{"extra":[{"color":"green","text":"Apply a Rune or Fuse Two Runes"}],"italic":false,"text":""}]},{"model":{"model":"hplus:ui/icons/misc_skyblock_ui/runecrafting","type":"model"},"when":[{"extra":[{"color":"green","text":"Attempt to Fuse Runes"}],"italic":false,"text":""}]}],"component":"custom_name","fallback":{"on_false":{"model":"block/end_portal_frame","type":"model"},"on_true":{"model":"hplus:bedwars/lucky_blocks/wildcard","type":"model"},"predicate":"custom_data","property":"component","type":"condition","value":{"wildcard":1}},"property":"component","type":"select"}}