{"model":{"HPLUS":"ITEMS DUNGEONS","cases":[{"model":{"model":"hplus:skyblock/items/slayer/voidgloom_seraph/null_sphere","type":"model"},"when":[{"extra":[{"color":"red","text":"☠ "},{"color":"yellow","text":"Voidgloom Seraph"}],"italic":false,"text":""}]},{"model":{"model":"hplus:skyblock/items/slayer/voidgloom_seraph/null_sphere_locked","type":"model"},"when":[{"extra":[{"color":"red","text":"☠ "},{"color":"red","text":"Voidgloom Seraph"}],"italic":false,"text":""}]},{"model":{"model":"hplus:skyblock/items/slayer/voidgloom_seraph/null_sphere","type":"model"},"when":[{"extra":[{"color":"green","text":"Voidgloom Seraph I"}],"italic":false,"text":""}]},{"model":{"model":"hplus:skyblock/items/slayer/voidgloom_seraph/null_sphere","type":"model"},"when":[{"extra":[{"color":"yellow","text":"Voidgloom Seraph II"}],"italic":false,"text":""}]},{"model":{"model":"hplus:skyblock/items/slayer/voidgloom_seraph/null_sphere","type":"model"},"when":[{"extra":[{"color":"red","text":"Voidgloom Seraph III"}],"italic":false,"text":""}]},{"model":{"model":"hplus:skyblock/items/slayer/voidgloom_seraph/null_sphere","type":"model"},"when":[{"extra":[{"color":"dark_red","text":"Voidgloom Seraph IV"}],"italic":false,"text":""}]},{"model":{"model":"hplus:skyblock/items/slayer/voidgloom_seraph/null_sphere","type":"model"},"when":[{"extra":[{"color":"dark_purple","text":"Voidgloom Seraph V"}],"italic":false,"text":""}]},{"model":{"model":"hplus:ui/icons/lobby/spectator_night_vision_off","type":"model"},"when":[{"extra":[{"color":"red","text":"Disable Night Vision"}],"italic":false,"text":""}]}],"component":"custom_name","fallback":{"on_false":{"HPLUS":"ITEMS END","on_false":{"HPLUS":"ITEMS EVENTS CHUCKLETON","on_false":{"HPLUS":"BEDWARS","on_false":{"on_false":{"model":"item/ender_pearl","type":"model"},"on_true":{"model":"hplus:bedwars/lucky_blocks/rush_pearl","type":"model"},"predicate":"custom_data","property":"component","type":"condition","value":{"rush_pearl":1}},"on_true":{"model":"hplus:skyblock/items/events/chuckleton/noisy_pearl","type":"model"},"predicate":"custom_data","property":"component","type":"condition","value":{"id":"NOISY_PEARL"}},"on_true":{"model":"hplus:skyblock/items/end/silent_pearl","type":"model"},"predicate":"custom_data","property":"component","type":"condition","value":{"id":"SILENT_PEARL"}},"on_true":{"model":"hplus:skyblock/items/dungeons/spirit_leap","type":"model"},"predicate":"custom_data","property":"component","type":"condition","value":{"id":"SPIRIT_LEAP"}},"on_true":{"model":"hplus:skyblock/items/dungeons/fel_pearl","type":"model"},"predicate":"custom_data","property":"component","type":"condition","value":{"id":"FEL_PEARL"}},"property":"component","type":"select"}}