{"HPLUS":"ITEMS RIFT","model":{"HPLUS":"ITEMS SLAYER VOIDGLOOM_SERAPH","on_false":{"on_false":{"model":"item/enderman_spawn_egg","type":"model"},"on_true":{"model":"hplus:skyblock/items/slayer/voidgloom_seraph/null_ovoid","type":"model"},"predicate":"custom_data","property":"component","type":"condition","value":{"id":"NULL_OVOID"}},"on_true":{"model":"hplus:skyblock/items/rift/lm_egg_boots","type":"model"},"predicate":"custom_data","property":"component","type":"condition","value":{"id":"LM_EGG_BOOTS"}}}