{"model":{"HPLUS":"ITEMS DUNGEONS","cases":[{"model":{"model":"hplus:ui/icons/lobby/spectator_night_vision","type":"model"},"when":[{"extra":[{"color":"green","text":"Enable Night Vision"}],"italic":false,"text":""}]}],"component":"custom_name","fallback":{"HPLUS":"BEDWARS","on_false":{"on_false":{"model":"item/ender_eye","type":"model"},"on_true":{"model":"hplus:bedwars/lucky_blocks/bed_pointer","type":"model"},"predicate":"custom_data","property":"component","type":"condition","value":{"bed_pointer":1}},"on_true":{"model":"hplus:skyblock/items/dungeons/giant_fragment_laser","type":"model"},"predicate":"custom_data","property":"component","type":"condition","value":{"id":"GIANT_FRAGMENT_LASER"}},"property":"component","type":"select"}}