{"HPLUS":"ITEMS MISC","model":{"on_false":{"on_false":{"HPLUS":"ITEMS RIFT","on_false":{"on_false":{"model":"item/experience_bottle","type":"model"},"on_true":{"cases":[{"model":{"model":"hplus:skyblock/items/rift/bottled_odonata","type":"model"},"when":["gui","fixed"]}],"fallback":{"model":"hplus:skyblock/items/rift/bottled_odonata_blink","type":"model"},"property":"display_context","type":"select"},"predicate":"custom_data","property":"component","type":"condition","value":{"id":"BOTTLED_ODONATA"}},"on_true":{"model":"hplus:skyblock/items/misc/titanic_exp_bottle","type":"model"},"predicate":"custom_data","property":"component","type":"condition","value":{"id":"TITANIC_EXP_BOTTLE"}},"on_true":{"model":"hplus:skyblock/items/misc/grand_exp_bottle","type":"model"},"predicate":"custom_data","property":"component","type":"condition","value":{"id":"GRAND_EXP_BOTTLE"}},"on_true":{"model":"hplus:skyblock/items/misc/colossal_exp_bottle","type":"model"},"predicate":"custom_data","property":"component","type":"condition","value":{"id":"COLOSSAL_EXP_BOTTLE"}}}