{"model":{"HPLUS":"WEAPONS WANDS","cases":[{"model":{"model":"hplus:ui/buttons/visit","type":"model"},"when":[{"extra":[{"color":"green","text":"Visit Island"}],"italic":false,"text":""}]},{"model":{"model":"hplus:bedwars/quickcomm/incoming","type":"model"},"when":[{"extra":[{"color":"green","text":"Player incoming!!"}],"italic":false,"text":""}]}],"component":"custom_name","fallback":{"HPLUS":"ITEMS DUNGEONS","on_false":{"HPLUS":"ITEMS EVENTS MYTHOLOGY","on_false":{"HPLUS":"ITEMS FISHING CRIMSON_ISLE HOTSPOT","on_false":{"HPLUS":"ITEMS PET_ITEMS","on_false":{"HPLUS":"ITEMS SPECIAL","on_false":{"on_false":{"model":"item/feather","type":"model"},"on_true":{"model":"hplus:skyblock/items/special/editor_pencil","type":"model"},"predicate":"custom_data","property":"component","type":"condition","value":{"id":"EDITOR_PENCIL"}},"on_true":{"model":"hplus:skyblock/items/pet_items/pet_item_flying_pig","type":"model"},"predicate":"custom_data","property":"component","type":"condition","value":{"id":"PET_ITEM_FLYING_PIG"}},"on_true":{"model":"hplus:skyblock/items/fishing/crimson_isle/hotspot/fried_feather","type":"model"},"predicate":"custom_data","property":"component","type":"condition","value":{"id":"FRIED_FEATHER"}},"on_true":{"model":"hplus:skyblock/items/events/mythology/griffin_feather","type":"model"},"predicate":"custom_data","property":"component","type":"condition","value":{"id":"GRIFFIN_FEATHER"}},"on_true":{"model":"hplus:skyblock/items/dungeons/kismet_feather","type":"model"},"predicate":"custom_data","property":"component","type":"condition","value":{"id":"KISMET_FEATHER"}},"on_true":{"on_false":{"model":"hplus:skyblock/weapons/wands/hollow_wand","type":"model"},"on_true":{"keybind":"key.use","on_false":{"keybind":"key.attack","on_false":{"model":"hplus:skyblock/weapons/wands/hollow_wand","type":"model"},"on_true":{"models":[{"model":"hplus:skyblock/weapons/wands/hollow_wand","type":"model"},{"model":"hplus:skyblock/weapons/wands/hollow_wand_left","type":"model"}],"type":"composite"},"property":"keybind_down","type":"condition"},"on_true":{"models":[{"model":"hplus:skyblock/weapons/wands/hollow_wand","type":"model"},{"model":"hplus:skyblock/weapons/wands/hollow_wand_right","type":"model"}],"type":"composite"},"property":"keybind_down","type":"condition"},"property":"selected","type":"condition"},"predicate":"custom_data","property":"component","type":"condition","value":{"id":"HOLLOW_WAND"}},"property":"component","type":"select"}}