{"model":{"HPLUS":"ITEMS MISC","cases":[{"model":{"model":"hplus:ui/auction/buy_order","type":"model"},"when":[{"extra":[{"color":"green","text":"Create Buy Order"}],"italic":false,"text":""}]}],"component":"custom_name","fallback":{"HPLUS":"ITEMS RIFT","on_false":{"on_false":{"on_false":{"on_false":{"on_false":{"on_false":{"on_false":{"on_false":{"on_false":{"HPLUS":"ITEMS SPECIAL MEMENTO","on_false":{"on_false":{"on_false":{"HPLUS":"ITEMS EVENTS CHUCKLETON","on_false":{"on_false":{"model":"item/filled_map","tints":[{"type":"constant","value":-1},{"default":4603950,"type":"map_color"}],"type":"model"},"on_true":{"model":"hplus:skyblock/items/events/chuckleton/warden_art","type":"model"},"predicate":"custom_data","property":"component","type":"condition","value":{"id":"WARDEN_ART"}},"on_true":{"model":"hplus:skyblock/items/special/memento/splendid_fish_drawing","type":"model"},"predicate":"custom_data","property":"component","type":"condition","value":{"id":"SPLENDID_FISH_DRAWING"}},"on_true":{"model":"hplus:skyblock/items/special/memento/mediocre_fish_drawing","type":"model"},"predicate":"custom_data","property":"component","type":"condition","value":{"id":"MEDIOCRE_FISH_DRAWING"}},"on_true":{"model":"hplus:skyblock/items/special/memento/campaign_poster","type":"model"},"predicate":"custom_data","property":"component","type":"condition","value":{"id":"CAMPAIGN_POSTER"}},"on_true":{"model":"hplus:skyblock/items/rift/very_scientific_paper","type":"model"},"predicate":"custom_data","property":"component","type":"condition","value":{"id":"VERY_SCIENTIFIC_PAPER"}},"on_true":{"model":"hplus:skyblock/items/rift/glyph_vis","type":"model"},"predicate":"custom_data","property":"component","type":"condition","value":{"id":"GLYPH_VIS"}},"on_true":{"model":"hplus:skyblock/items/rift/glyph_validus","type":"model"},"predicate":"custom_data","property":"component","type":"condition","value":{"id":"GLYPH_VALIDUS"}},"on_true":{"model":"hplus:skyblock/items/rift/glyph_robur","type":"model"},"predicate":"custom_data","property":"component","type":"condition","value":{"id":"GLYPH_ROBUR"}},"on_true":{"model":"hplus:skyblock/items/rift/glyph_potentia","type":"model"},"predicate":"custom_data","property":"component","type":"condition","value":{"id":"GLYPH_POTENTIA"}},"on_true":{"model":"hplus:skyblock/items/rift/glyph_pernimius","type":"model"},"predicate":"custom_data","property":"component","type":"condition","value":{"id":"GLYPH_PERNIMIUS"}},"on_true":{"model":"hplus:skyblock/items/rift/glyph_fortis","type":"model"},"predicate":"custom_data","property":"component","type":"condition","value":{"id":"GLYPH_FORTIS"}},"on_true":{"model":"hplus:skyblock/items/rift/glyph_firmitas","type":"model"},"predicate":"custom_data","property":"component","type":"condition","value":{"id":"GLYPH_FIRMITAS"}},"on_true":{"model":"hplus:skyblock/items/rift/glyph_conclamatus","type":"model"},"predicate":"custom_data","property":"component","type":"condition","value":{"id":"GLYPH_CONCLAMATUS"}},"on_true":{"model":"hplus:skyblock/items/misc/wet_napkin","type":"model"},"predicate":"custom_data","property":"component","type":"condition","value":{"id":"WET_NAPKIN"}},"property":"component","type":"select"}}