{"model":{"HPLUS":"TOOLS COMBAT","cases":[{"model":{"model":"hplus:ui/buttons/random","type":"model"},"when":[{"extra":[{"color":"green","text":"Random Map"}],"italic":false,"text":""}]}],"component":"custom_name","fallback":{"on_false":{"on_false":{"HPLUS":"ITEMS EVENTS SPOOKY","on_false":{"on_false":{"model":"item/firework_rocket","type":"model"},"on_true":{"model":"hplus:skyblock/items/events/spooky/bat_firework","type":"model"},"predicate":"custom_data","property":"component","type":"condition","value":{"id":"BAT_FIREWORK"}},"on_true":{"model":"hplus:skyblock/tools/combat/sos_flare","type":"model"},"predicate":"custom_data","property":"component","type":"condition","value":{"id":"SOS_FLARE"}},"on_true":{"model":"hplus:skyblock/tools/combat/warning_flare","type":"model"},"predicate":"custom_data","property":"component","type":"condition","value":{"id":"WARNING_FLARE"}},"on_true":{"model":"hplus:skyblock/tools/combat/alert_flare","type":"model"},"predicate":"custom_data","property":"component","type":"condition","value":{"id":"ALERT_FLARE"}},"property":"component","type":"select"}}