{"HPLUS":"ITEMS DUNGEONS","model":{"HPLUS":"ITEMS SLAYER VOIDGLOOM_SERAPH","on_false":{"on_false":{"model":"item/firework_star","tints":[{"type":"constant","value":-1},{"default":-7697782,"type":"firework"}],"type":"model"},"on_true":{"model":"hplus:skyblock/items/slayer/voidgloom_seraph/null_sphere","type":"model"},"predicate":"custom_data","property":"component","type":"condition","value":{"id":"NULL_SPHERE"}},"on_true":{"model":"hplus:skyblock/items/dungeons/giant_fragment_boulder","type":"model"},"predicate":"custom_data","property":"component","type":"condition","value":{"id":"GIANT_FRAGMENT_BOULDER"}}}