{"HPLUS":"TOOLS FISHING_RODS","model":{"on_false":{"on_false":{"on_false":{"on_false":{"on_false":{"on_false":{"on_false":{"on_false":{"on_false":{"on_false":{"on_false":{"on_false":{"on_false":{"on_false":{"on_false":{"on_false":{"on_false":{"on_false":{"on_false":{"on_false":{"on_false":{"on_false":{"on_false":{"on_false":{"HPLUS":"WEAPONS WHIPS","on_false":{"on_false":{"on_false":{"HPLUS":"ITEMS RIFT","on_false":{"HPLUS":"BEDWARS","on_false":{"on_false":{"on_false":{"model":"item/fishing_rod","type":"model"},"on_true":{"model":"item/fishing_rod_cast","type":"model"},"property":"fishing_rod/cast","type":"condition"},"on_true":{"on_false":{"model":"hplus:skyblock/tools/fishing/fishing_rods/grappling_hook","type":"model"},"on_true":{"model":"hplus:skyblock/tools/fishing/fishing_rods/grappling_hook_cast","type":"model"},"property":"fishing_rod/cast","type":"condition"},"predicate":"custom_data","property":"component","type":"condition","value":{"grappling_hook":1}},"on_true":{"on_false":{"model":"hplus:skyblock/items/rift/mirrored_fishing_rod","type":"model"},"on_true":{"model":"hplus:skyblock/items/rift/mirrored_fishing_rod_cast","type":"model"},"property":"fishing_rod/cast","type":"condition"},"predicate":"custom_data","property":"component","type":"condition","value":{"id":"MIRRORED_FISHING_ROD"}},"on_true":{"on_false":{"model":"hplus:skyblock/weapons/whips/zombie_commander_whip","type":"model"},"on_true":{"model":"hplus:skyblock/weapons/whips/zombie_commander_whip_cast","type":"model"},"property":"fishing_rod/cast","type":"condition"},"predicate":"custom_data","property":"component","type":"condition","value":{"id":"ZOMBIE_COMMANDER_WHIP"}},"on_true":{"on_false":{"model":"hplus:skyblock/weapons/whips/soul_whip","type":"model"},"on_true":{"model":"hplus:skyblock/weapons/whips/soul_whip_cast","type":"model"},"property":"fishing_rod/cast","type":"condition"},"predicate":"custom_data","property":"component","type":"condition","value":{"id":"SOUL_WHIP"}},"on_true":{"on_false":{"model":"hplus:skyblock/weapons/whips/flaming_flay","type":"model"},"on_true":{"model":"hplus:skyblock/weapons/whips/flaming_flay_cast","type":"model"},"property":"fishing_rod/cast","type":"condition"},"predicate":"custom_data","property":"component","type":"condition","value":{"id":"FLAMING_FLAY"}},"on_true":{"on_false":{"model":"hplus:skyblock/tools/fishing/fishing_rods/yeti_rod","type":"model"},"on_true":{"model":"hplus:skyblock/tools/fishing/fishing_rods/yeti_rod_cast","type":"model"},"property":"fishing_rod/cast","type":"condition"},"predicate":"custom_data","property":"component","type":"condition","value":{"id":"YETI_ROD"}},"on_true":{"on_false":{"model":"hplus:skyblock/tools/fishing/fishing_rods/winter_rod","type":"model"},"on_true":{"model":"hplus:skyblock/tools/fishing/fishing_rods/winter_rod_cast","type":"model"},"property":"fishing_rod/cast","type":"condition"},"predicate":"custom_data","property":"component","type":"condition","value":{"id":"WINTER_ROD"}},"on_true":{"on_false":{"model":"hplus:skyblock/tools/fishing/fishing_rods/the_shredder","type":"model"},"on_true":{"model":"hplus:skyblock/tools/fishing/fishing_rods/the_shredder_cast","type":"model"},"property":"fishing_rod/cast","type":"condition"},"predicate":"custom_data","property":"component","type":"condition","value":{"id":"THE_SHREDDER"}},"on_true":{"on_false":{"model":"hplus:skyblock/tools/fishing/fishing_rods/starter_lava_rod","type":"model"},"on_true":{"model":"hplus:skyblock/tools/fishing/fishing_rods/starter_lava_rod_cast","type":"model"},"property":"fishing_rod/cast","type":"condition"},"predicate":"custom_data","property":"component","type":"condition","value":{"id":"STARTER_LAVA_ROD"}},"on_true":{"on_false":{"model":"hplus:skyblock/tools/fishing/fishing_rods/sponge_rod","type":"model"},"on_true":{"model":"hplus:skyblock/tools/fishing/fishing_rods/sponge_rod_cast","type":"model"},"property":"fishing_rod/cast","type":"condition"},"predicate":"custom_data","property":"component","type":"condition","value":{"id":"SPONGE_ROD"}},"on_true":{"on_false":{"model":"hplus:skyblock/tools/fishing/fishing_rods/speedster_rod","type":"model"},"on_true":{"model":"hplus:skyblock/tools/fishing/fishing_rods/speedster_rod_cast","type":"model"},"property":"fishing_rod/cast","type":"condition"},"predicate":"custom_data","property":"component","type":"condition","value":{"id":"SPEEDSTER_ROD"}},"on_true":{"on_false":{"model":"hplus:skyblock/tools/fishing/fishing_rods/rod_of_the_sea","type":"model"},"on_true":{"model":"hplus:skyblock/tools/fishing/fishing_rods/rod_of_the_sea_cast","type":"model"},"property":"fishing_rod/cast","type":"condition"},"predicate":"custom_data","property":"component","type":"condition","value":{"id":"ROD_OF_THE_SEA"}},"on_true":{"on_false":{"model":"hplus:skyblock/tools/fishing/fishing_rods/prismarine_rod","type":"model"},"on_true":{"model":"hplus:skyblock/tools/fishing/fishing_rods/prismarine_rod_cast","type":"model"},"property":"fishing_rod/cast","type":"condition"},"predicate":"custom_data","property":"component","type":"condition","value":{"id":"PRISMARINE_ROD"}},"on_true":{"on_false":{"model":"hplus:skyblock/tools/fishing/fishing_rods/polished_topaz_rod","type":"model"},"on_true":{"model":"hplus:skyblock/tools/fishing/fishing_rods/polished_topaz_rod_cast","type":"model"},"property":"fishing_rod/cast","type":"condition"},"predicate":"custom_data","property":"component","type":"condition","value":{"id":"POLISHED_TOPAZ_ROD"}},"on_true":{"on_false":{"model":"hplus:skyblock/tools/fishing/fishing_rods/phantom_rod","type":"model"},"on_true":{"model":"hplus:skyblock/tools/fishing/fishing_rods/phantom_rod_cast","type":"model"},"property":"fishing_rod/cast","type":"condition"},"predicate":"custom_data","property":"component","type":"condition","value":{"id":"PHANTOM_ROD"}},"on_true":{"on_false":{"model":"hplus:skyblock/tools/fishing/fishing_rods/magma_rod","type":"model"},"on_true":{"model":"hplus:skyblock/tools/fishing/fishing_rods/magma_rod_cast","type":"model"},"property":"fishing_rod/cast","type":"condition"},"predicate":"custom_data","property":"component","type":"condition","value":{"id":"MAGMA_ROD"}},"on_true":{"on_false":{"model":"hplus:skyblock/tools/fishing/fishing_rods/legend_rod","type":"model"},"on_true":{"model":"hplus:skyblock/tools/fishing/fishing_rods/legend_rod_cast","type":"model"},"property":"fishing_rod/cast","type":"condition"},"predicate":"custom_data","property":"component","type":"condition","value":{"id":"LEGEND_ROD"}},"on_true":{"on_false":{"model":"hplus:skyblock/tools/fishing/fishing_rods/inferno_rod","type":"model"},"on_true":{"model":"hplus:skyblock/tools/fishing/fishing_rods/inferno_rod_cast","type":"model"},"property":"fishing_rod/cast","type":"condition"},"predicate":"custom_data","property":"component","type":"condition","value":{"id":"INFERNO_ROD"}},"on_true":{"on_false":{"model":"hplus:skyblock/tools/fishing/fishing_rods/ice_rod","type":"model"},"on_true":{"model":"hplus:skyblock/tools/fishing/fishing_rods/ice_rod_cast","type":"model"},"property":"fishing_rod/cast","type":"condition"},"predicate":"custom_data","property":"component","type":"condition","value":{"id":"ICE_ROD"}},"on_true":{"on_false":{"model":"hplus:skyblock/tools/fishing/fishing_rods/hellfire_rod","type":"model"},"on_true":{"model":"hplus:skyblock/tools/fishing/fishing_rods/hellfire_rod_cast","type":"model"},"property":"fishing_rod/cast","type":"condition"},"predicate":"custom_data","property":"component","type":"condition","value":{"id":"HELLFIRE_ROD"}},"on_true":{"on_false":{"model":"hplus:skyblock/tools/fishing/fishing_rods/grappling_hook","type":"model"},"on_true":{"model":"hplus:skyblock/tools/fishing/fishing_rods/grappling_hook_cast","type":"model"},"property":"fishing_rod/cast","type":"condition"},"predicate":"custom_data","property":"component","type":"condition","value":{"id":"GRAPPLING_HOOK"}},"on_true":{"cases":[{"model":{"on_false":{"model":"hplus:skyblock/tools/fishing/fishing_rods/giant_fishing_rod","type":"model"},"on_true":{"model":"hplus:skyblock/tools/fishing/fishing_rods/giant_fishing_rod_cast","type":"model"},"property":"fishing_rod/cast","type":"condition"},"when":"gui"}],"fallback":{"on_false":{"model":"hplus:skyblock/tools/fishing/fishing_rods/giant_fishing_rod_hand","type":"model"},"on_true":{"model":"hplus:skyblock/tools/fishing/fishing_rods/giant_fishing_rod_cast_hand","type":"model"},"property":"fishing_rod/cast","type":"condition"},"property":"display_context","type":"select"},"predicate":"custom_data","property":"component","type":"condition","value":{"id":"GIANT_FISHING_ROD"}},"on_true":{"on_false":{"model":"hplus:skyblock/tools/fishing/fishing_rods/farmer_rod","type":"model"},"on_true":{"model":"hplus:skyblock/tools/fishing/fishing_rods/farmer_rod_cast","type":"model"},"property":"fishing_rod/cast","type":"condition"},"predicate":"custom_data","property":"component","type":"condition","value":{"id":"FARMER_ROD"}},"on_true":{"on_false":{"model":"hplus:skyblock/tools/fishing/fishing_rods/dirt_rod","type":"model"},"on_true":{"model":"hplus:skyblock/tools/fishing/fishing_rods/dirt_rod_cast","type":"model"},"property":"fishing_rod/cast","type":"condition"},"predicate":"custom_data","property":"component","type":"condition","value":{"id":"DIRT_ROD"}},"on_true":{"on_false":{"model":"hplus:skyblock/tools/fishing/fishing_rods/chum_rod","type":"model"},"on_true":{"model":"hplus:skyblock/tools/fishing/fishing_rods/chum_rod_cast","type":"model"},"property":"fishing_rod/cast","type":"condition"},"predicate":"custom_data","property":"component","type":"condition","value":{"id":"CHUM_ROD"}},"on_true":{"on_false":{"model":"hplus:skyblock/tools/fishing/fishing_rods/champ_rod","type":"model"},"on_true":{"model":"hplus:skyblock/tools/fishing/fishing_rods/champ_rod_cast","type":"model"},"property":"fishing_rod/cast","type":"condition"},"predicate":"custom_data","property":"component","type":"condition","value":{"id":"CHAMP_ROD"}},"on_true":{"on_false":{"model":"hplus:skyblock/tools/fishing/fishing_rods/challenge_rod","type":"model"},"on_true":{"model":"hplus:skyblock/tools/fishing/fishing_rods/challenge_rod_cast","type":"model"},"property":"fishing_rod/cast","type":"condition"},"predicate":"custom_data","property":"component","type":"condition","value":{"id":"CHALLENGE_ROD"}},"on_true":{"on_false":{"model":"hplus:skyblock/tools/fishing/fishing_rods/carnival_fishing_rod","type":"model"},"on_true":{"model":"hplus:skyblock/tools/fishing/fishing_rods/carnival_fishing_rod_cast","type":"model"},"property":"fishing_rod/cast","type":"condition"},"predicate":"custom_data","property":"component","type":"condition","value":{"id":"CARNIVAL_FISHING_ROD"}},"on_true":{"on_false":{"model":"hplus:skyblock/tools/fishing/fishing_rods/bingo_lava_rod","type":"model"},"on_true":{"model":"hplus:skyblock/tools/fishing/fishing_rods/bingo_lava_rod_cast","type":"model"},"property":"fishing_rod/cast","type":"condition"},"predicate":"custom_data","property":"component","type":"condition","value":{"id":"BINGO_LAVA_ROD"}},"on_true":{"on_false":{"model":"hplus:skyblock/tools/fishing/fishing_rods/auger_rod","type":"model"},"on_true":{"model":"hplus:skyblock/tools/fishing/fishing_rods/auger_rod_cast","type":"model"},"property":"fishing_rod/cast","type":"condition"},"predicate":"custom_data","property":"component","type":"condition","value":{"id":"AUGER_ROD"}}}