{"HPLUS":"TOOLS FARMING","model":{"HPLUS":"ITEMS EVENTS MYTHOLOGY","on_false":{"on_false":{"HPLUS":"ITEMS MODIFIERS","on_false":{"HPLUS":"ITEMS RIFT","on_false":{"HPLUS":"ITEMS SLAYER SVEN_PACKMASTER","on_false":{"on_false":{"model":"item/flint","type":"model"},"on_true":{"model":"hplus:skyblock/items/slayer/sven_packmaster/polished_pebble","type":"model"},"predicate":"custom_data","property":"component","type":"condition","value":{"id":"POLISHED_PEBBLE"}},"on_true":{"model":"hplus:skyblock/items/rift/dark_pebble","type":"model"},"predicate":"custom_data","property":"component","type":"condition","value":{"id":"DARK_PEBBLE"}},"on_true":{"model":"hplus:skyblock/items/modifiers/sil_ex","type":"model"},"predicate":"custom_data","property":"component","type":"condition","value":{"id":"SIL_EX"}},"on_true":{"model":"hplus:skyblock/items/events/mythology/ancient_claw","type":"model"},"predicate":"custom_data","property":"component","type":"condition","value":{"id":"ENCHANTED_ANCIENT_CLAW"}},"on_true":{"model":"hplus:skyblock/items/events/mythology/ancient_claw","type":"model"},"predicate":"custom_data","property":"component","type":"condition","value":{"id":"ANCIENT_CLAW"}},"on_true":{"model":"hplus:skyblock/tools/farming/block_zapper","type":"model"},"predicate":"custom_data","property":"component","type":"condition","value":{"id":"BLOCK_ZAPPER"}}}