{"model":{"HPLUS":"ITEMS MISC MINION_ITEMS","cases":[{"model":{"model":"hplus:bedwars/iron_forge","type":"model"},"when":[{"extra":[{"color":"red","text":"Iron Forge"}],"italic":false,"text":""}]},{"model":{"model":"hplus:bedwars/iron_forge","type":"model"},"when":[{"extra":[{"color":"yellow","text":"Iron Forge"}],"italic":false,"text":""}]},{"model":{"model":"hplus:bedwars/gold_forge","type":"model"},"when":[{"extra":[{"color":"red","text":"Golden Forge"}],"italic":false,"text":""}]},{"model":{"model":"hplus:bedwars/gold_forge","type":"model"},"when":[{"extra":[{"color":"yellow","text":"Golden Forge"}],"italic":false,"text":""}]},{"model":{"model":"hplus:bedwars/emerald_forge","type":"model"},"when":[{"extra":[{"color":"red","text":"Emerald Forge"}],"italic":false,"text":""}]},{"model":{"model":"hplus:bedwars/emerald_forge","type":"model"},"when":[{"extra":[{"color":"yellow","text":"Emerald Forge"}],"italic":false,"text":""}]},{"model":{"model":"hplus:bedwars/molten_forge","type":"model"},"when":[{"extra":[{"color":"red","text":"Molten Forge"}],"italic":false,"text":""}]},{"model":{"model":"hplus:bedwars/molten_forge","type":"model"},"when":[{"extra":[{"color":"yellow","text":"Molten Forge"}],"italic":false,"text":""}]},{"model":{"model":"hplus:bedwars/max_forge","type":"model"},"when":[{"extra":[{"color":"green","text":"Molten Forge"}],"italic":false,"text":""}]}],"component":"custom_name","fallback":{"on_false":{"model":"block/furnace","type":"model"},"on_true":{"model":"hplus:skyblock/items/misc/minion_items/auto_smelter","type":"model"},"predicate":"custom_data","property":"component","type":"condition","value":{"id":"AUTO_SMELTER"}},"property":"component","type":"select"}}