{"HPLUS":"TOOLS FARMING","model":{"HPLUS":"ITEMS RIFT","on_false":{"on_false":{"model":"item/furnace_minecart","type":"model"},"on_true":{"model":"hplus:skyblock/items/rift/horsezooka","type":"model"},"predicate":"custom_data","property":"component","type":"condition","value":{"id":"HORSEZOOKA"}},"on_true":{"models":[{"model":"hplus:skyblock/tools/farming/skymart_hyper_vacuum","type":"model"},{"on_false":{"type":"empty"},"on_true":{"keybind":"key.use","on_false":{"type":"empty"},"on_true":{"model":"hplus:skyblock/tools/farming/vacuum_particle","type":"model"},"property":"keybind_down","type":"condition"},"property":"selected","type":"condition"}],"type":"composite"},"predicate":"custom_data","property":"component","type":"condition","value":{"id":"SKYMART_HYPER_VACUUM"}}}