{"HPLUS":"WEAPONS SWORDS","model":{"HPLUS":"WEAPONS BOWS","on_false":{"on_false":{"HPLUS":"WEAPONS STAVES","on_false":{"HPLUS":"ITEMS DUNGEONS","on_false":{"HPLUS":"ITEMS MINING DWARVEN_MINES","on_false":{"HPLUS":"ITEMS FISHING FISHING_FESTIVAL","on_false":{"on_false":{"on_false":{"on_false":{"HPLUS":"ITEMS PET_ITEMS","on_false":{"on_false":{"on_false":{"on_false":{"on_false":{"on_false":{"on_false":{"HPLUS":"ITEMS SLAYER SVEN_PACKMASTER","on_false":{"on_false":{"model":"item/ghast_tear","type":"model"},"on_true":{"model":"hplus:skyblock/items/slayer/sven_packmaster/wolf_tooth","type":"model"},"predicate":"custom_data","property":"component","type":"condition","value":{"id":"WOLF_TOOTH"}},"on_true":{"model":"hplus:skyblock/items/pet_items/pet_item_vampire_fang","type":"model"},"predicate":"custom_data","property":"component","type":"condition","value":{"id":"PET_ITEM_VAMPIRE_FANG"}},"on_true":{"model":"hplus:skyblock/items/pet_items/pet_item_big_teeth","type":"model"},"predicate":"custom_data","property":"component","type":"condition","value":{"id":"PET_ITEM_BIG_TEETH_LEGENDARY"}},"on_true":{"model":"hplus:skyblock/items/pet_items/pet_item_big_teeth","type":"model"},"predicate":"custom_data","property":"component","type":"condition","value":{"id":"PET_ITEM_BIG_TEETH_EPIC"}},"on_true":{"model":"hplus:skyblock/items/pet_items/pet_item_big_teeth","type":"model"},"predicate":"custom_data","property":"component","type":"condition","value":{"id":"PET_ITEM_BIG_TEETH_RARE"}},"on_true":{"model":"hplus:skyblock/items/pet_items/pet_item_big_teeth","type":"model"},"predicate":"custom_data","property":"component","type":"condition","value":{"id":"PET_ITEM_BIG_TEETH_UNCOMMON"}},"on_true":{"model":"hplus:skyblock/items/pet_items/pet_item_big_teeth","type":"model"},"predicate":"custom_data","property":"component","type":"condition","value":{"id":"PET_ITEM_BIG_TEETH_COMMON"}},"on_true":{"model":"hplus:skyblock/items/pet_items/bigger_teeth","type":"model"},"predicate":"custom_data","property":"component","type":"condition","value":{"id":"BIGGER_TEETH"}},"on_true":{"model":"hplus:skyblock/items/fishing/fishing_festival/tiger_shark_tooth","type":"model"},"predicate":"custom_data","property":"component","type":"condition","value":{"id":"TIGER_SHARK_TOOTH"}},"on_true":{"model":"hplus:skyblock/items/fishing/fishing_festival/nurse_shark_tooth","type":"model"},"predicate":"custom_data","property":"component","type":"condition","value":{"id":"NURSE_SHARK_TOOTH"}},"on_true":{"model":"hplus:skyblock/items/fishing/fishing_festival/great_white_shark_tooth","type":"model"},"predicate":"custom_data","property":"component","type":"condition","value":{"id":"GREAT_WHITE_SHARK_TOOTH"}},"on_true":{"model":"hplus:skyblock/items/fishing/fishing_festival/blue_shark_tooth","type":"model"},"predicate":"custom_data","property":"component","type":"condition","value":{"id":"BLUE_SHARK_TOOTH"}},"on_true":{"model":"hplus:skyblock/items/mining/dwarven_mines/sorrow","type":"model"},"predicate":"custom_data","property":"component","type":"condition","value":{"id":"SORROW"}},"on_true":{"model":"hplus:skyblock/items/dungeons/thorn_fragment","type":"model"},"predicate":"custom_data","property":"component","type":"condition","value":{"id":"THORN_FRAGMENT"}},"on_true":{"cases":[{"model":{"model":"hplus:skyblock/weapons/staves/tribal_spear_thrown","type":"model"},"when":"gui"}],"fallback":{"type":"empty"},"property":"display_context","type":"select"},"predicate":"custom_data","property":"component","type":"condition","value":{"id":"TRIBAL_SPEAR"}},"on_true":{"cases":[{"model":{"model":"hplus:skyblock/weapons/bows/starred_bone_boomerang_thrown","type":"model"},"when":"gui"}],"fallback":{"type":"empty"},"property":"display_context","type":"select"},"predicate":"custom_data","property":"component","type":"condition","value":{"id":"STARRED_BONE_BOOMERANG"}},"on_true":{"cases":[{"model":{"model":"hplus:skyblock/weapons/bows/bone_boomerang_thrown","type":"model"},"when":"gui"}],"fallback":{"type":"empty"},"property":"display_context","type":"select"},"predicate":"custom_data","property":"component","type":"condition","value":{"id":"BONE_BOOMERANG"}},"on_true":{"model":"hplus:skyblock/weapons/swords/silver_fang","type":"model"},"predicate":"custom_data","property":"component","type":"condition","value":{"id":"SILVER_FANG"}}}