{"HPLUS":"ITEMS SLAYER RIFTSTALKER_BLOODFIEND","model":{"on_false":{"model":"item/glistering_melon_slice","type":"model"},"on_true":{"on_false":{"model":"hplus:skyblock/items/slayer/riftstalker_bloodfiend/healing_melon","type":"model"},"on_true":{"keybind":"key.use","on_false":{"model":"hplus:skyblock/items/slayer/riftstalker_bloodfiend/healing_melon","type":"model"},"on_true":{"model":"hplus:skyblock/items/slayer/riftstalker_bloodfiend/healing_melon_bite","type":"model"},"property":"keybind_down","type":"condition"},"property":"selected","type":"condition"},"predicate":"custom_data","property":"component","type":"condition","value":{"id":"HEALING_MELON"}}}