{"model":{"HPLUS":"ITEMS CRIMSON_ISLE","cases":[{"model":{"model":"hplus:ui/icons/lobby/show_spectators","type":"model"},"when":[{"extra":[{"color":"green","text":"Show Spectators"}],"italic":false,"text":""}]}],"component":"custom_name","fallback":{"on_false":{"HPLUS":"ITEMS CRIMSON_ISLE MOB_LOOT","on_false":{"HPLUS":"ITEMS RIFT","on_false":{"HPLUS":"ITEMS SLAYER REVENANT_HORROR","on_false":{"on_false":{"model":"item/glowstone_dust","type":"model"},"on_true":{"model":"hplus:skyblock/items/slayer/revenant_horror/golden_powder","type":"model"},"predicate":"custom_data","property":"component","type":"condition","value":{"id":"GOLDEN_POWDER"}},"on_true":{"model":"hplus:skyblock/items/rift/wizard_breadcrumbs","type":"model"},"predicate":"custom_data","property":"component","type":"condition","value":{"id":"WIZARD_BREADCRUMBS"}},"on_true":{"model":"hplus:skyblock/items/crimson_isle/mob_loot/spell_powder","type":"model"},"predicate":"custom_data","property":"component","type":"condition","value":{"id":"SPELL_POWDER"}},"on_true":{"model":"hplus:skyblock/items/crimson_isle/sulphur_ore","type":"model"},"predicate":"custom_data","property":"component","type":"condition","value":{"id":"ENCHANTED_SULPHUR"}},"on_true":{"model":"hplus:skyblock/items/crimson_isle/sulphur_ore","type":"model"},"predicate":"custom_data","property":"component","type":"condition","value":{"id":"SULPHUR_ORE"}},"property":"component","type":"select"}}