{"model":{"HPLUS":"ITEMS MISC ROMERO","cases":[{"model":{"model":"hplus:ui/bank_upgrades/gold_account","type":"model"},"when":[{"extra":[{"color":"gold","text":"Gold Account"}],"italic":false,"text":""}]},{"model":{"model":"hplus:ui/bank_upgrades/starter_account","type":"model"},"when":[{"extra":[{"color":"gold","text":"Generate 1k Coins"}],"italic":false,"text":""}]}],"component":"custom_name","fallback":{"on_false":{"HPLUS":"ACCESSORIES","on_false":{"on_false":{"HPLUS":"ITEMS RIFT","on_false":{"on_false":{"HPLUS":"ITEMS SLAYER SVEN_PACKMASTER","on_false":{"on_false":{"model":"item/gold_nugget","type":"model"},"on_true":{"model":"hplus:skyblock/items/slayer/sven_packmaster/golden_tooth","type":"model"},"predicate":"custom_data","property":"component","type":"condition","value":{"id":"GOLDEN_TOOTH"}},"on_true":{"model":"hplus:skyblock/items/rift/key_to_kat_soul","type":"model"},"predicate":"custom_data","property":"component","type":"condition","value":{"id":"KEY_TO_KAT_SOUL"}},"on_true":{"model":"hplus:skyblock/items/rift/family_doubloon","type":"model"},"predicate":"custom_data","property":"component","type":"condition","value":{"id":"FAMILY_DOUBLOON"}},"on_true":{"model":"hplus:skyblock/accessories/wedding_ring/wedding_ring_common","type":"model"},"predicate":"custom_data","property":"component","type":"condition","value":{"id":"WEDDING_RING_1"}},"on_true":{"model":"hplus:skyblock/accessories/wedding_ring/wedding_ring_common","type":"model"},"predicate":"custom_data","property":"component","type":"condition","value":{"id":"WEDDING_RING_0"}},"on_true":{"model":"hplus:skyblock/items/misc/romero/yellow_rock","type":"model"},"predicate":"custom_data","property":"component","type":"condition","value":{"id":"YELLOW_ROCK"}},"on_true":{"model":"hplus:skyblock/items/misc/romero/very_official_yellow_rock","type":"model"},"predicate":"custom_data","property":"component","type":"condition","value":{"id":"VERY_OFFICIAL_YELLOW_ROCK"}},"property":"component","type":"select"}}