{"model":{"HPLUS":"ARMOR","cases":[{"model":{"model":"hplus:skyblock/armor/misc/crown_of_greed","type":"model"},"when":[{"extra":[{"color":"yellow","text":"Fame Rank"}],"italic":false,"text":""}]}],"component":"custom_name","fallback":{"on_false":{"on_false":{"on_false":{"on_false":{"on_false":{"on_false":{"on_false":{"on_false":{"cases":[{"model":{"model":"minecraft:item/golden_helmet_quartz_trim","type":"minecraft:model"},"when":"minecraft:quartz"},{"model":{"model":"minecraft:item/golden_helmet_iron_trim","type":"minecraft:model"},"when":"minecraft:iron"},{"model":{"model":"minecraft:item/golden_helmet_netherite_trim","type":"minecraft:model"},"when":"minecraft:netherite"},{"model":{"model":"minecraft:item/golden_helmet_redstone_trim","type":"minecraft:model"},"when":"minecraft:redstone"},{"model":{"model":"minecraft:item/golden_helmet_copper_trim","type":"minecraft:model"},"when":"minecraft:copper"},{"model":{"model":"minecraft:item/golden_helmet_gold_trim","type":"minecraft:model"},"when":"minecraft:gold"},{"model":{"model":"minecraft:item/golden_helmet_emerald_trim","type":"minecraft:model"},"when":"minecraft:emerald"},{"model":{"model":"minecraft:item/golden_helmet_diamond_trim","type":"minecraft:model"},"when":"minecraft:diamond"},{"model":{"model":"minecraft:item/golden_helmet_lapis_trim","type":"minecraft:model"},"when":"minecraft:lapis"},{"model":{"model":"minecraft:item/golden_helmet_amethyst_trim","type":"minecraft:model"},"when":"minecraft:amethyst"},{"model":{"model":"minecraft:item/golden_helmet_resin_trim","type":"minecraft:model"},"when":"minecraft:resin"}],"fallback":{"model":"minecraft:item/golden_helmet","type":"minecraft:model"},"property":"minecraft:trim_material","type":"minecraft:select"},"on_true":{"model":"hplus:skyblock/armor/zombie_lord/zombie_lord_helmet","type":"model"},"predicate":"custom_data","property":"component","type":"condition","value":{"id":"ZOMBIE_LORD_HELMET"}},"on_true":{"model":"hplus:skyblock/armor/zombie_knight/zombie_knight_helmet","type":"model"},"predicate":"custom_data","property":"component","type":"condition","value":{"id":"ZOMBIE_KNIGHT_HELMET"}},"on_true":{"model":"hplus:skyblock/armor/starlight/starlight_helmet","type":"model"},"predicate":"custom_data","property":"component","type":"condition","value":{"id":"STARLIGHT_HELMET"}},"on_true":{"model":"hplus:skyblock/armor/admin/star_helmet","type":"model"},"predicate":"custom_data","property":"component","type":"condition","value":{"id":"STAR_HELMET"}},"on_true":{"model":"hplus:skyblock/armor/skeleton_lord/skeleton_lord_helmet","type":"model"},"predicate":"custom_data","property":"component","type":"condition","value":{"id":"SKELETON_LORD_HELMET"}},"on_true":{"model":"hplus:skyblock/armor/misc/potato_crown","type":"model"},"predicate":"custom_data","property":"component","type":"condition","value":{"id":"POTATO_CROWN"}},"on_true":{"model":"hplus:skyblock/armor/hunter/gold/gold_hunter_helmet","type":"model"},"predicate":"custom_data","property":"component","type":"condition","value":{"id":"GOLD_HUNTER_HELMET"}},"on_true":{"model":"hplus:skyblock/armor/misc/crown_of_greed","type":"model"},"predicate":"custom_data","property":"component","type":"condition","value":{"id":"CROWN_OF_GREED"}},"property":"component","type":"select"}}