{"model":{"HPLUS":"WEAPONS WANDS","cases":[{"model":{"model":"hplus:ui/auction/buy_instantly","type":"model"},"when":[{"extra":[{"color":"green","text":"Buy Instantly"}],"italic":false,"text":""}]},{"model":{"model":"hplus:ui/buttons/plus_gold","type":"model"},"when":[{"extra":[{"color":"green","text":"Create Auction"}],"italic":false,"text":""}]},{"model":{"model":"hplus:ui/bank_upgrades/premier_account","type":"model"},"when":[{"extra":[{"color":"red","text":"Premier Account"}],"italic":false,"text":""}]}],"component":"custom_name","fallback":{"HPLUS":"WEAPONS STAVES","on_false":{"HPLUS":"ACCESSORIES","on_false":{"on_false":{"model":"item/golden_horse_armor","type":"model"},"on_true":{"model":"hplus:skyblock/accessories/lucky_hoof/eternal_hoof","type":"model"},"predicate":"custom_data","property":"component","type":"condition","value":{"id":"ETERNAL_HOOF"}},"on_true":{"cases":[{"model":{"model":"hplus:skyblock/weapons/staves/jerry_staff","type":"model"},"when":"gui"}],"fallback":{"model":"hplus:skyblock/weapons/staves/jerry_staff_hand","type":"model"},"property":"display_context","type":"select"},"predicate":"custom_data","property":"component","type":"condition","value":{"id":"JERRY_STAFF"}},"on_true":{"model":"hplus:skyblock/weapons/wands/bingo_blaster","type":"model"},"predicate":"custom_data","property":"component","type":"condition","value":{"id":"BINGO_BLASTER"}},"property":"component","type":"select"}}