{"model":{"HPLUS":"ARMOR","cases":[{"model":{"model":"hplus:ui/bank_upgrades/super_deluxe_account","type":"model"},"when":[{"extra":[{"color":"dark_purple","text":"Super Deluxe Account"}],"italic":false,"text":""}]}],"component":"custom_name","fallback":{"on_false":{"on_false":{"on_false":{"on_false":{"on_false":{"on_false":{"on_false":{"on_false":{"cases":[{"model":{"model":"minecraft:item/golden_chestplate_quartz_trim","type":"minecraft:model"},"when":"minecraft:quartz"},{"model":{"model":"minecraft:item/golden_chestplate_iron_trim","type":"minecraft:model"},"when":"minecraft:iron"},{"model":{"model":"minecraft:item/golden_chestplate_netherite_trim","type":"minecraft:model"},"when":"minecraft:netherite"},{"model":{"model":"minecraft:item/golden_chestplate_redstone_trim","type":"minecraft:model"},"when":"minecraft:redstone"},{"model":{"model":"minecraft:item/golden_chestplate_copper_trim","type":"minecraft:model"},"when":"minecraft:copper"},{"model":{"model":"minecraft:item/golden_chestplate_gold_trim","type":"minecraft:model"},"when":"minecraft:gold"},{"model":{"model":"minecraft:item/golden_chestplate_emerald_trim","type":"minecraft:model"},"when":"minecraft:emerald"},{"model":{"model":"minecraft:item/golden_chestplate_diamond_trim","type":"minecraft:model"},"when":"minecraft:diamond"},{"model":{"model":"minecraft:item/golden_chestplate_lapis_trim","type":"minecraft:model"},"when":"minecraft:lapis"},{"model":{"model":"minecraft:item/golden_chestplate_amethyst_trim","type":"minecraft:model"},"when":"minecraft:amethyst"},{"model":{"model":"minecraft:item/golden_chestplate_resin_trim","type":"minecraft:model"},"when":"minecraft:resin"}],"fallback":{"model":"minecraft:item/golden_chestplate","type":"minecraft:model"},"property":"minecraft:trim_material","type":"minecraft:select"},"on_true":{"model":"hplus:skyblock/armor/zombie_knight/zombie_knight_chestplate","type":"model"},"predicate":"custom_data","property":"component","type":"condition","value":{"id":"ZOMBIE_KNIGHT_CHESTPLATE"}},"on_true":{"model":"hplus:skyblock/armor/admin/star_chestplate","type":"model"},"predicate":"custom_data","property":"component","type":"condition","value":{"id":"STAR_CHESTPLATE"}},"on_true":{"model":"hplus:skyblock/armor/misc/shimmersparkle_chestplate","type":"model"},"predicate":"custom_data","property":"component","type":"condition","value":{"id":"SHIMMERSPARKLE_CHESTPLATE"}},"on_true":{"model":"hplus:skyblock/armor/mastiff/mastiff_chestplate","type":"model"},"predicate":"custom_data","property":"component","type":"condition","value":{"id":"MASTIFF_CHESTPLATE"}},"on_true":{"model":"hplus:skyblock/armor/hunter/gold/gold_hunter_chestplate","type":"model"},"predicate":"custom_data","property":"component","type":"condition","value":{"id":"GOLD_HUNTER_CHESTPLATE"}},"on_true":{"model":"hplus:skyblock/armor/diver/diver_chestplate","type":"model"},"predicate":"custom_data","property":"component","type":"condition","value":{"id":"DIVER_CHESTPLATE"}},"on_true":{"model":"hplus:skyblock/armor/armor_of_the_resistance/armor_of_the_resistance_chestplate","type":"model"},"predicate":"custom_data","property":"component","type":"condition","value":{"id":"ARMOR_OF_THE_RESISTANCE_CHESTPLATE"}},"on_true":{"model":"hplus:skyblock/armor/divan/divan_chestplate","type":"model"},"predicate":"custom_data","property":"component","type":"condition","value":{"id":"DIVAN_CHESTPLATE"}},"property":"component","type":"select"}}