{"HPLUS":"ARMOR","model":{"on_false":{"on_false":{"on_false":{"on_false":{"on_false":{"on_false":{"cases":[{"model":{"model":"minecraft:item/golden_leggings_quartz_trim","type":"minecraft:model"},"when":"minecraft:quartz"},{"model":{"model":"minecraft:item/golden_leggings_iron_trim","type":"minecraft:model"},"when":"minecraft:iron"},{"model":{"model":"minecraft:item/golden_leggings_netherite_trim","type":"minecraft:model"},"when":"minecraft:netherite"},{"model":{"model":"minecraft:item/golden_leggings_redstone_trim","type":"minecraft:model"},"when":"minecraft:redstone"},{"model":{"model":"minecraft:item/golden_leggings_copper_trim","type":"minecraft:model"},"when":"minecraft:copper"},{"model":{"model":"minecraft:item/golden_leggings_gold_trim","type":"minecraft:model"},"when":"minecraft:gold"},{"model":{"model":"minecraft:item/golden_leggings_emerald_trim","type":"minecraft:model"},"when":"minecraft:emerald"},{"model":{"model":"minecraft:item/golden_leggings_diamond_trim","type":"minecraft:model"},"when":"minecraft:diamond"},{"model":{"model":"minecraft:item/golden_leggings_lapis_trim","type":"minecraft:model"},"when":"minecraft:lapis"},{"model":{"model":"minecraft:item/golden_leggings_amethyst_trim","type":"minecraft:model"},"when":"minecraft:amethyst"},{"model":{"model":"minecraft:item/golden_leggings_resin_trim","type":"minecraft:model"},"when":"minecraft:resin"}],"fallback":{"model":"minecraft:item/golden_leggings","type":"minecraft:model"},"property":"minecraft:trim_material","type":"minecraft:select"},"on_true":{"model":"hplus:skyblock/armor/zombie_knight/zombie_knight_leggings","type":"model"},"predicate":"custom_data","property":"component","type":"condition","value":{"id":"ZOMBIE_KNIGHT_LEGGINGS"}},"on_true":{"model":"hplus:skyblock/armor/starlight/starlight_leggings","type":"model"},"predicate":"custom_data","property":"component","type":"condition","value":{"id":"STARLIGHT_LEGGINGS"}},"on_true":{"model":"hplus:skyblock/armor/admin/star_leggings","type":"model"},"predicate":"custom_data","property":"component","type":"condition","value":{"id":"STAR_LEGGINGS"}},"on_true":{"model":"hplus:skyblock/armor/hunter/gold/gold_hunter_leggings","type":"model"},"predicate":"custom_data","property":"component","type":"condition","value":{"id":"GOLD_HUNTER_LEGGINGS"}},"on_true":{"model":"hplus:skyblock/armor/diver/diver_leggings","type":"model"},"predicate":"custom_data","property":"component","type":"condition","value":{"id":"DIVER_LEGGINGS"}},"on_true":{"model":"hplus:skyblock/armor/divan/divan_leggings","type":"model"},"predicate":"custom_data","property":"component","type":"condition","value":{"id":"DIVAN_LEGGINGS"}}}