{"HPLUS":"WEAPONS SCYTHES","model":{"HPLUS":"TOOLS FARMING","on_false":{"on_false":{"on_false":{"on_false":{"HPLUS":"ITEMS RIFT","on_false":{"on_false":{"model":"item/golden_hoe","type":"model"},"on_true":{"model":"hplus:skyblock/items/rift/farming_wand","type":"model"},"predicate":"custom_data","property":"component","type":"condition","value":{"id":"FARMING_WAND"}},"on_true":{"model":"hplus:skyblock/tools/farming/hoe_of_no_tilling","type":"model"},"predicate":"custom_data","property":"component","type":"condition","value":{"id":"HOE_OF_NO_TILLING"}},"on_true":{"on_false":{"model":"hplus:skyblock/tools/farming/fungi_cutter","type":"model"},"on_true":{"model":"hplus:skyblock/tools/farming/fungi_cutter_brown","type":"model"},"predicate":"custom_data","property":"component","type":"condition","value":{"fungi_cutter_mode":"BROWN"}},"predicate":"custom_data","property":"component","type":"condition","value":{"id":"FUNGI_CUTTER"}},"on_true":{"model":"hplus:skyblock/tools/farming/cactus_knife","type":"model"},"predicate":"custom_data","property":"component","type":"condition","value":{"id":"CACTUS_KNIFE"}},"on_true":{"model":"hplus:skyblock/tools/farming/binghoe","type":"model"},"predicate":"custom_data","property":"component","type":"condition","value":{"id":"BINGHOE"}},"on_true":{"on_false":{"cases":[{"model":{"model":"hplus:skyblock/weapons/scythes/sinseeker_scythe","type":"model"},"when":"gui"}],"fallback":{"model":"hplus:skyblock/weapons/scythes/sinseeker_scythe_hand","type":"model"},"property":"display_context","type":"select"},"on_true":{"keybind":"key.use","on_false":{"cases":[{"model":{"model":"hplus:skyblock/weapons/scythes/sinseeker_scythe","type":"model"},"when":"gui"}],"fallback":{"model":"hplus:skyblock/weapons/scythes/sinseeker_scythe_hand","type":"model"},"property":"display_context","type":"select"},"on_true":{"cases":[{"model":{"model":"hplus:skyblock/weapons/scythes/sinseeker_scythe_sinrecall","type":"model"},"when":"gui"}],"fallback":{"model":"hplus:skyblock/weapons/scythes/sinseeker_scythe_sinrecall_hand","type":"model"},"property":"display_context","type":"select"},"property":"keybind_down","type":"condition"},"property":"selected","type":"condition"},"predicate":"custom_data","property":"component","type":"condition","value":{"id":"SINSEEKER_SCYTHE"}}}