{"HPLUS":"WEAPONS SWORDS","model":{"on_false":{"on_false":{"HPLUS":"TOOLS FARMING","on_false":{"on_false":{"on_false":{"on_false":{"HPLUS":"TOOLS FORAGING","on_false":{"HPLUS":"ITEMS_MINING CRYSTAL_HOLLOWS","on_false":{"on_false":{"model":"item/golden_axe","type":"model"},"on_true":{"model":"hplus:skyblock/items/mining/crystal_hollows/dwarven_gold_hammer","type":"model"},"predicate":"custom_data","property":"component","type":"condition","value":{"id":"DWARVEN_GOLD_HAMMER"}},"on_true":{"model":"hplus:skyblock/tools/foraging/treecapitator_axe","type":"model"},"predicate":"custom_data","property":"component","type":"condition","value":{"id":"TREECAPITATOR_AXE"}},"on_true":{"model":"hplus:skyblock/tools/farming/pumpkin_dicer_3","type":"model"},"predicate":"custom_data","property":"component","type":"condition","value":{"id":"PUMPKIN_DICER_3"}},"on_true":{"model":"hplus:skyblock/tools/farming/pumpkin_dicer_2","type":"model"},"predicate":"custom_data","property":"component","type":"condition","value":{"id":"PUMPKIN_DICER_2"}},"on_true":{"model":"hplus:skyblock/tools/farming/pumpkin_dicer","type":"model"},"predicate":"custom_data","property":"component","type":"condition","value":{"id":"PUMPKIN_DICER"}},"on_true":{"model":"hplus:skyblock/tools/farming/coco_chopper","type":"model"},"predicate":"custom_data","property":"component","type":"condition","value":{"id":"COCO_CHOPPER"}},"on_true":{"model":"hplus:skyblock/weapons/swords/ragnarock_axe","type":"model"},"predicate":"custom_data","property":"component","type":"condition","value":{"id":"RAGNAROCK_AXE"}},"on_true":{"model":"hplus:skyblock/weapons/swords/starred_daedalus_axe","type":"model"},"predicate":"custom_data","property":"component","type":"condition","value":{"id":"STARRED_DAEDALUS_AXE"}},"on_true":{"model":"hplus:skyblock/weapons/swords/daedalus_axe","type":"model"},"predicate":"custom_data","property":"component","type":"condition","value":{"id":"DAEDALUS_AXE"}}}