{"model":{"HPLUS":"TOOLS MINING","cases":[{"model":{"model":"hplus:bedwars/maniac_miner","type":"model"},"when":[{"extra":[{"color":"red","text":"Maniac Miner I"}],"italic":false,"text":""}]},{"model":{"model":"hplus:bedwars/maniac_miner","type":"model"},"when":[{"extra":[{"color":"yellow","text":"Maniac Miner I"}],"italic":false,"text":""}]},{"model":{"model":"hplus:bedwars/maniac_miner","type":"model"},"when":[{"extra":[{"color":"red","text":"Maniac Miner II"}],"italic":false,"text":""}]},{"model":{"model":"hplus:bedwars/maniac_miner","type":"model"},"when":[{"extra":[{"color":"yellow","text":"Maniac Miner II"}],"italic":false,"text":""}]},{"model":{"model":"hplus:bedwars/maniac_miner","type":"model"},"when":[{"extra":[{"color":"green","text":"Maniac Miner II"}],"italic":false,"text":""}]}],"component":"custom_name","fallback":{"on_false":{"on_false":{"on_false":{"model":"item/golden_pickaxe","type":"model"},"on_true":{"model":"hplus:skyblock/tools/mining/stonk_pickaxe","type":"model"},"predicate":"custom_data","property":"component","type":"condition","value":{"id":"STONK_PICKAXE"}},"on_true":{"model":"hplus:skyblock/tools/mining/eon_pickaxe","type":"model"},"predicate":"custom_data","property":"component","type":"condition","value":{"id":"EON_PICKAXE"}},"on_true":{"model":"hplus:skyblock/tools/mining/bingonimbus_2000","type":"model"},"predicate":"custom_data","property":"component","type":"condition","value":{"id":"BINGONIMBUS_2000"}},"property":"component","type":"select"}}