{"HPLUS":"WEAPONS STAVES","model":{"on_false":{"HPLUS":"TOOLS MINING","on_false":{"HPLUS":"ITEMS SLAYER TARANTULA_BROODFATHER","on_false":{"on_false":{"model":"item/golden_shovel","type":"model"},"on_true":{"model":"hplus:skyblock/items/slayer/tarantula_broodfather/fly_swatter","type":"model"},"predicate":"custom_data","property":"component","type":"condition","value":{"id":"FLY_SWATTER"}},"on_true":{"model":"hplus:skyblock/tools/mining/carnival_shovel_treasure","type":"model"},"predicate":"custom_data","property":"component","type":"condition","value":{"id":"CARNIVAL_SHOVEL"}},"on_true":{"cases":[{"model":{"model":"hplus:skyblock/weapons/staves/starred_midas_staff","type":"model"},"when":"gui"}],"fallback":{"model":"hplus:skyblock/weapons/staves/starred_midas_staff_hand","type":"model"},"property":"display_context","type":"select"},"predicate":"custom_data","property":"component","type":"condition","value":{"id":"STARRED_MIDAS_STAFF"}},"on_true":{"cases":[{"model":{"model":"hplus:skyblock/weapons/staves/midas_staff","type":"model"},"when":"gui"}],"fallback":{"model":"hplus:skyblock/weapons/staves/midas_staff_hand","type":"model"},"property":"display_context","type":"select"},"predicate":"custom_data","property":"component","type":"condition","value":{"id":"MIDAS_STAFF"}}}