{"model":{"HPLUS":"ITEMS PET_ITEMS","cases":[{"model":{"model":"hplus:ui/auction/bin","type":"model"},"when":[{"extra":[{"color":"green","text":"BIN Filter"}],"italic":false,"text":""}]},{"model":{"model":"hplus:ui/buttons/arrow_switch","type":"model"},"when":[{"extra":[{"color":"green","text":"Switch to BIN"}],"italic":false,"text":""}]},{"model":{"model":"hplus:ui/bank_upgrades/deluxe_account","type":"model"},"when":[{"extra":[{"color":"light_purple","text":"Deluxe Account"}],"italic":false,"text":""}]},{"model":{"model":"hplus:ui/bank_upgrades/gold_account","type":"model"},"when":[{"extra":[{"color":"gold","text":"Generate 10k Coins"}],"italic":false,"text":""}]},{"model":{"model":"hplus:ui/auction/sell_instantly","type":"model"},"when":[{"extra":[{"color":"gold","text":"Set Price"}],"italic":false,"text":""}]},{"model":{"model":"hplus:ui/auction/buy_instantly","type":"model"},"when":[{"extra":[{"color":"green","text":"Hypixel Store"}],"italic":false,"text":""}]},{"model":{"model":"hplus:ui/jacob_contest/gold_medal","type":"model"},"when":[{"extra":[{"color":"gold","text":"Medal Conversion"}],"italic":false,"text":""}]},{"model":{"model":"hplus:ui/jacob_contest/gold_medal","type":"model"},"when":[{"extra":[{"color":"yellow","text":"Unique Brackets Reached"}],"italic":false,"text":""}]}],"component":"custom_name","fallback":{"on_false":{"model":"item/gold_ingot","type":"model"},"on_true":{"model":"hplus:skyblock/items/pet_items/gold_claws","type":"model"},"predicate":"custom_data","property":"component","type":"condition","value":{"id":"GOLD_CLAWS"}},"property":"component","type":"select"}}