{"HPLUS":"ARMOR","model":{"on_false":{"on_false":{"on_false":{"on_false":{"on_false":{"on_false":{"cases":[{"model":{"model":"minecraft:item/golden_boots_quartz_trim","type":"minecraft:model"},"when":"minecraft:quartz"},{"model":{"model":"minecraft:item/golden_boots_iron_trim","type":"minecraft:model"},"when":"minecraft:iron"},{"model":{"model":"minecraft:item/golden_boots_netherite_trim","type":"minecraft:model"},"when":"minecraft:netherite"},{"model":{"model":"minecraft:item/golden_boots_redstone_trim","type":"minecraft:model"},"when":"minecraft:redstone"},{"model":{"model":"minecraft:item/golden_boots_copper_trim","type":"minecraft:model"},"when":"minecraft:copper"},{"model":{"model":"minecraft:item/golden_boots_gold_trim","type":"minecraft:model"},"when":"minecraft:gold"},{"model":{"model":"minecraft:item/golden_boots_emerald_trim","type":"minecraft:model"},"when":"minecraft:emerald"},{"model":{"model":"minecraft:item/golden_boots_diamond_trim","type":"minecraft:model"},"when":"minecraft:diamond"},{"model":{"model":"minecraft:item/golden_boots_lapis_trim","type":"minecraft:model"},"when":"minecraft:lapis"},{"model":{"model":"minecraft:item/golden_boots_amethyst_trim","type":"minecraft:model"},"when":"minecraft:amethyst"},{"model":{"model":"minecraft:item/golden_boots_resin_trim","type":"minecraft:model"},"when":"minecraft:resin"}],"fallback":{"model":"minecraft:item/golden_boots","type":"minecraft:model"},"property":"minecraft:trim_material","type":"minecraft:select"},"on_true":{"model":"hplus:skyblock/armor/zombie_knight/zombie_knight_boots","type":"model"},"predicate":"custom_data","property":"component","type":"condition","value":{"id":"ZOMBIE_KNIGHT_BOOTS"}},"on_true":{"model":"hplus:skyblock/armor/admin/star_boots","type":"model"},"predicate":"custom_data","property":"component","type":"condition","value":{"id":"STAR_BOOTS"}},"on_true":{"model":"hplus:skyblock/armor/primal_dragon/primal_dragon_boots","type":"model"},"predicate":"custom_data","property":"component","type":"condition","value":{"id":"PRIMAL_DRAGON_BOOTS"}},"on_true":{"model":"hplus:skyblock/armor/hunter/gold/gold_hunter_boots","type":"model"},"predicate":"custom_data","property":"component","type":"condition","value":{"id":"GOLD_HUNTER_BOOTS"}},"on_true":{"model":"hplus:skyblock/armor/diver/diver_boots","type":"model"},"predicate":"custom_data","property":"component","type":"condition","value":{"id":"DIVER_BOOTS"}},"on_true":{"model":"hplus:skyblock/armor/divan/divan_boots","type":"model"},"predicate":"custom_data","property":"component","type":"condition","value":{"id":"DIVAN_BOOTS"}}}