{"HPLUS":"WEAPONS SWORDS","model":{"on_false":{"on_false":{"on_false":{"on_false":{"on_false":{"on_false":{"on_false":{"on_false":{"on_false":{"on_false":{"on_false":{"on_false":{"on_false":{"on_false":{"on_false":{"on_false":{"on_false":{"on_false":{"on_false":{"on_false":{"on_false":{"on_false":{"on_false":{"HPLUS":"WEAPONS LONGSWORDS","on_false":{"on_false":{"on_false":{"on_false":{"model":"item/golden_sword","type":"model"},"on_true":{"cases":[{"model":{"model":"hplus:skyblock/weapons/longswords/vorpal_katana_soulcry","type":"model"},"when":"gui"}],"fallback":{"model":"hplus:skyblock/weapons/longswords/vorpal_katana_soulcry_hand","type":"model"},"property":"display_context","type":"select"},"predicate":"custom_data","property":"component","type":"condition","value":{"id":"VORPAL_KATANA"}},"on_true":{"cases":[{"model":{"model":"hplus:skyblock/weapons/longswords/voidedge_katana_soulcry","type":"model"},"when":"gui"}],"fallback":{"model":"hplus:skyblock/weapons/longswords/voidedge_katana_soulcry_hand","type":"model"},"property":"display_context","type":"select"},"predicate":"custom_data","property":"component","type":"condition","value":{"id":"VOIDEDGE_KATANA"}},"on_true":{"cases":[{"model":{"model":"hplus:skyblock/weapons/longswords/atomsplit_katana_soulcry","type":"model"},"when":"gui"}],"fallback":{"model":"hplus:skyblock/weapons/longswords/atomsplit_katana_soulcry_hand","type":"model"},"property":"display_context","type":"select"},"predicate":"custom_data","property":"component","type":"condition","value":{"id":"ATOMSPLIT_KATANA"}},"on_true":{"model":"hplus:skyblock/weapons/swords/super_cleaver","type":"model"},"predicate":"custom_data","property":"component","type":"condition","value":{"id":"SUPER_CLEAVER"}},"on_true":{"model":"hplus:skyblock/weapons/swords/star_sword","type":"model"},"predicate":"custom_data","property":"component","type":"condition","value":{"id":"STAR_SWORD_9000"}},"on_true":{"model":"hplus:skyblock/weapons/swords/star_sword","type":"model"},"predicate":"custom_data","property":"component","type":"condition","value":{"id":"STAR_SWORD_3000"}},"on_true":{"model":"hplus:skyblock/weapons/swords/star_sword","type":"model"},"predicate":"custom_data","property":"component","type":"condition","value":{"id":"STAR_SWORD"}},"on_true":{"model":"hplus:skyblock/weapons/swords/silk_edge_sword","type":"model"},"predicate":"custom_data","property":"component","type":"condition","value":{"id":"SILK_EDGE_SWORD"}},"on_true":{"model":"hplus:skyblock/weapons/swords/rogue_sword","type":"model"},"predicate":"custom_data","property":"component","type":"condition","value":{"id":"ROGUE_SWORD"}},"on_true":{"model":"hplus:skyblock/weapons/swords/pooch_sword","type":"model"},"predicate":"custom_data","property":"component","type":"condition","value":{"id":"POOCH_SWORD"}},"on_true":{"model":"hplus:skyblock/weapons/swords/pigman_sword","type":"model"},"predicate":"custom_data","property":"component","type":"condition","value":{"id":"PIGMAN_SWORD"}},"on_true":{"on_false":{"model":"hplus:skyblock/weapons/swords/ornate_zombie_sword","type":"model"},"on_true":{"keybind":"key.use","on_false":{"model":"hplus:skyblock/weapons/swords/ornate_zombie_sword","type":"model"},"on_true":{"model":"hplus:skyblock/weapons/swords/ornate_zombie_sword_heal","type":"model"},"property":"keybind_down","type":"condition"},"property":"selected","type":"condition"},"predicate":"custom_data","property":"component","type":"condition","value":{"id":"ORNATE_ZOMBIE_SWORD"}},"on_true":{"model":"hplus:skyblock/weapons/swords/nova_sword","type":"model"},"predicate":"custom_data","property":"component","type":"condition","value":{"id":"NOVA_SWORD"}},"on_true":{"model":"hplus:skyblock/weapons/swords/starred_midas_sword","type":"model"},"predicate":"custom_data","property":"component","type":"condition","value":{"id":"STARRED_MIDAS_SWORD"}},"on_true":{"model":"hplus:skyblock/weapons/swords/midas_sword","type":"model"},"predicate":"custom_data","property":"component","type":"condition","value":{"id":"MIDAS_SWORD"}},"on_true":{"model":"hplus:skyblock/weapons/swords/leaping_sword","type":"model"},"predicate":"custom_data","property":"component","type":"condition","value":{"id":"LEAPING_SWORD"}},"on_true":{"model":"hplus:skyblock/weapons/swords/hyper_cleaver","type":"model"},"predicate":"custom_data","property":"component","type":"condition","value":{"id":"HYPER_CLEAVER"}},"on_true":{"model":"hplus:skyblock/weapons/swords/heartfire_dagger_auric","type":"model"},"predicate":"custom_data","property":"component","type":"condition","value":{"id":"HEARTFIRE_DAGGER"}},"on_true":{"cases":[{"model":{"model":"hplus:skyblock/weapons/swords/giant_cleaver","type":"model"},"when":"gui"}],"fallback":{"model":"hplus:skyblock/weapons/swords/giant_cleaver_hand","type":"model"},"property":"display_context","type":"select"},"predicate":"custom_data","property":"component","type":"condition","value":{"id":"GIANT_CLEAVER"}},"on_true":{"on_false":{"model":"hplus:skyblock/weapons/swords/florid_zombie_sword","type":"model"},"on_true":{"keybind":"key.use","on_false":{"model":"hplus:skyblock/weapons/swords/florid_zombie_sword","type":"model"},"on_true":{"model":"hplus:skyblock/weapons/swords/florid_zombie_sword_heal","type":"model"},"property":"keybind_down","type":"condition"},"property":"selected","type":"condition"},"predicate":"custom_data","property":"component","type":"condition","value":{"id":"FLORID_ZOMBIE_SWORD"}},"on_true":{"model":"hplus:skyblock/weapons/swords/firedust_dagger_auric","type":"model"},"predicate":"custom_data","property":"component","type":"condition","value":{"id":"FIREDUST_DAGGER"}},"on_true":{"model":"hplus:skyblock/weapons/swords/fancy_sword","type":"model"},"predicate":"custom_data","property":"component","type":"condition","value":{"id":"FANCY_SWORD"}},"on_true":{"model":"hplus:skyblock/weapons/swords/end_stone_sword","type":"model"},"predicate":"custom_data","property":"component","type":"condition","value":{"id":"END_STONE_SWORD"}},"on_true":{"model":"hplus:skyblock/weapons/swords/cleaver","type":"model"},"predicate":"custom_data","property":"component","type":"condition","value":{"id":"CLEAVER"}},"on_true":{"model":"hplus:skyblock/weapons/swords/burstfire_dagger_auric","type":"model"},"predicate":"custom_data","property":"component","type":"condition","value":{"id":"BURSTFIRE_DAGGER"}},"on_true":{"model":"hplus:skyblock/weapons/swords/blade_of_dragonfire","type":"model"},"predicate":"custom_data","property":"component","type":"condition","value":{"id":"BLADE_OF_DRAGONFIRE"}},"on_true":{"model":"hplus:skyblock/weapons/swords/bingolibur","type":"model"},"predicate":"custom_data","property":"component","type":"condition","value":{"id":"BINGOLIBUR"}}}