{"model":{"HPLUS":"ITEMS SLAYER SVEN_PACKMASTER","cases":[{"model":{"model":"hplus:ui/icons/skyblock_menu/accessory_bag_locked","type":"model"},"when":[{"extra":[{"color":"red","text":"Accessory Bag"}],"italic":false,"text":""}]},{"model":{"model":"hplus:ui/icons/skyblock_menu/fishing_bag_locked","type":"model"},"when":[{"extra":[{"color":"red","text":"Fishing Bag"}],"italic":false,"text":""}]},{"model":{"model":"hplus:ui/icons/skyblock_menu/personal_bank_locked","type":"model"},"when":[{"extra":[{"color":"red","text":"Personal Bank"}],"italic":false,"text":""}]},{"model":{"model":"hplus:ui/icons/skyblock_menu/pets_locked","type":"model"},"when":[{"extra":[{"color":"red","text":"Pets"}],"italic":false,"text":""}]},{"model":{"model":"hplus:ui/icons/skyblock_menu/potion_bag_locked","type":"model"},"when":[{"extra":[{"color":"red","text":"Potion Bag"}],"italic":false,"text":""}]},{"model":{"model":"hplus:ui/icons/skyblock_menu/quiver_locked","type":"model"},"when":[{"extra":[{"color":"red","text":"Quiver"}],"italic":false,"text":""}]},{"model":{"model":"hplus:ui/icons/skyblock_menu/sack_of_sacks_locked","type":"model"},"when":[{"extra":[{"color":"red","text":"Sack of Sacks"}],"italic":false,"text":""}]},{"model":{"model":"hplus:ui/icons/skyblock_menu/time_pocket_locked","type":"model"},"when":[{"extra":[{"color":"red","text":"Time Pocket"}],"italic":false,"text":""}]},{"model":{"model":"hplus:ui/icons/skyblock_menu/wardrobe_locked","type":"model"},"when":[{"extra":[{"color":"red","text":"Wardrobe"}],"italic":false,"text":""}]},{"model":{"model":"hplus:ui/buttons/confirm_disabled","type":"model"},"when":[{"extra":[{"color":"yellow","text":"New deal"}],"italic":false,"text":""}]},{"model":{"model":"hplus:ui/buttons/confirm_disabled","type":"model"},"when":[{"extra":[{"color":"yellow","text":"Deal timer..."}],"italic":false,"text":""}]},{"model":{"model":"hplus:ui/buttons/confirm_disabled","type":"model"},"when":[{"extra":[{"color":"yellow","text":"Pending their confirm"}],"italic":false,"text":""}]},{"model":{"model":"hplus:skyblock/items/misc/unknown_item","type":"model"},"when":[{"extra":[{"color":"red","text":"COMING SOON"}],"italic":false,"text":""}]},{"model":{"model":"hplus:skyblock/items/misc/unknown_item","type":"model"},"when":[{"extra":[{"color":"red","text":"???"}],"italic":false,"text":""}]},{"model":{"model":"hplus:ui/trophy_fish/undiscovered_fish","type":"model"},"when":[{"extra":[{"color":"red","obfuscated":true,"text":"xxxxxxxxxxxx"}],"italic":false,"text":""}]},{"model":{"model":"hplus:ui/icons/lobby/players_hidden","type":"model"},"when":[{"extra":[{"color":"white","text":"Players: "},{"color":"red","text":"Hidden "},{"color":"gray","text":"(Right Click)"}],"italic":false,"text":""}]},{"model":{"model":"hplus:ui/buttons/button_off","type":"model"},"when":[{"extra":[{"color":"gray","text":"Slot 1: "},{"color":"red","text":"Empty"}],"italic":false,"text":""}]},{"model":{"model":"hplus:ui/buttons/button_off","type":"model"},"when":[{"extra":[{"color":"gray","text":"Slot 2: "},{"color":"red","text":"Empty"}],"italic":false,"text":""}]},{"model":{"model":"hplus:ui/buttons/button_off","type":"model"},"when":[{"extra":[{"color":"gray","text":"Slot 3: "},{"color":"red","text":"Empty"}],"italic":false,"text":""}]},{"model":{"model":"hplus:ui/buttons/button_off","type":"model"},"when":[{"extra":[{"color":"gray","text":"Slot 4: "},{"color":"red","text":"Empty"}],"italic":false,"text":""}]},{"model":{"model":"hplus:ui/buttons/button_off","type":"model"},"when":[{"extra":[{"color":"gray","text":"Slot 5: "},{"color":"red","text":"Empty"}],"italic":false,"text":""}]},{"model":{"model":"hplus:ui/buttons/button_off","type":"model"},"when":[{"extra":[{"color":"gray","text":"Slot 6: "},{"color":"red","text":"Empty"}],"italic":false,"text":""}]},{"model":{"model":"hplus:ui/buttons/button_off","type":"model"},"when":[{"extra":[{"color":"gray","text":"Slot 7: "},{"color":"red","text":"Empty"}],"italic":false,"text":""}]},{"model":{"model":"hplus:ui/buttons/button_off","type":"model"},"when":[{"extra":[{"color":"gray","text":"Slot 8: "},{"color":"red","text":"Empty"}],"italic":false,"text":""}]},{"model":{"model":"hplus:ui/buttons/button_off","type":"model"},"when":[{"extra":[{"color":"gray","text":"Slot 9: "},{"color":"red","text":"Empty"}],"italic":false,"text":""}]},{"model":{"model":"hplus:ui/buttons/button_off","type":"model"},"when":[{"extra":[{"color":"gray","text":"Slot 10: "},{"color":"red","text":"Empty"}],"italic":false,"text":""}]},{"model":{"model":"hplus:ui/buttons/button_off","type":"model"},"when":[{"extra":[{"color":"gray","text":"Slot 11: "},{"color":"red","text":"Empty"}],"italic":false,"text":""}]},{"model":{"model":"hplus:ui/buttons/button_off","type":"model"},"when":[{"extra":[{"color":"gray","text":"Slot 12: "},{"color":"red","text":"Empty"}],"italic":false,"text":""}]},{"model":{"model":"hplus:ui/buttons/button_off","type":"model"},"when":[{"extra":[{"color":"gray","text":"Slot 13: "},{"color":"red","text":"Empty"}],"italic":false,"text":""}]},{"model":{"model":"hplus:ui/buttons/button_off","type":"model"},"when":[{"extra":[{"color":"gray","text":"Slot 14: "},{"color":"red","text":"Empty"}],"italic":false,"text":""}]},{"model":{"model":"hplus:ui/buttons/button_off","type":"model"},"when":[{"extra":[{"color":"gray","text":"Slot 15: "},{"color":"red","text":"Empty"}],"italic":false,"text":""}]},{"model":{"model":"hplus:ui/buttons/button_off","type":"model"},"when":[{"extra":[{"color":"gray","text":"Slot 16: "},{"color":"red","text":"Empty"}],"italic":false,"text":""}]},{"model":{"model":"hplus:ui/buttons/button_off","type":"model"},"when":[{"extra":[{"color":"gray","text":"Slot 17: "},{"color":"red","text":"Empty"}],"italic":false,"text":""}]},{"model":{"model":"hplus:ui/buttons/button_off","type":"model"},"when":[{"extra":[{"color":"gray","text":"Slot 18: "},{"color":"red","text":"Empty"}],"italic":false,"text":""}]}],"component":"custom_name","fallback":{"HPLUS":"ITEMS SPECIAL CAKE_SOUL","on_false":{"on_false":{"model":"item/gray_dye","type":"model"},"on_true":{"model":"hplus:skyblock/items/special/cake_soul/cake_soul_gray","type":"model"},"predicate":"custom_data","property":"component","type":"condition","value":{"id":"CAKE_SOUL"}},"on_true":{"model":"hplus:skyblock/items/slayer/sven_packmaster/true_essence","type":"model"},"predicate":"custom_data","property":"component","type":"condition","value":{"id":"TRUE_ESSENCE"}},"property":"component","type":"select"}}