{"HPLUS":"ITEMS MINING DWARVEN_MINES","model":{"HPLUS":"ITEMS FISHING BACKWATER_BAYOU","on_false":{"HPLUS":"ITEMS RIFT","on_false":{"HPLUS":"ITEMS SLAYER SVEN_PACKMASTER","on_false":{"HPLUS":"ITEMS SPECIAL CAKE_SOUL","on_false":{"on_false":{"model":"item/green_dye","type":"model"},"on_true":{"model":"hplus:skyblock/items/special/cake_soul/cake_soul_green","type":"model"},"predicate":"custom_data","property":"component","type":"condition","value":{"id":"CAKE_SOUL"}},"on_true":{"model":"hplus:skyblock/items/slayer/sven_packmaster/silky_lichen","type":"model"},"predicate":"custom_data","property":"component","type":"condition","value":{"id":"SILKY_LICHEN"}},"on_true":{"model":"hplus:skyblock/items/rift/gunthesizer_lichen","type":"model"},"predicate":"custom_data","property":"component","type":"condition","value":{"id":"GUNTHESIZER_LICHEN"}},"on_true":{"model":"hplus:skyblock/items/fishing/backwater_bayou/alligator_skin","type":"model"},"predicate":"custom_data","property":"component","type":"condition","value":{"id":"ALLIGATOR_SKIN"}},"on_true":{"model":"hplus:skyblock/items/mining/dwarven_mines/biofuel","type":"model"},"predicate":"custom_data","property":"component","type":"condition","value":{"id":"BIOFUEL"}}}