{"model":{"cases":[{"model":{"model":"hplus:ui/buttons/timer_empty","type":"model"},"when":[{"extra":[{"color":"green","text":"Trading!"}],"italic":false,"text":""}]},{"model":{"model":"hplus:ui/buttons/confirm","type":"model"},"when":[{"extra":[{"color":"green","text":"Deal accepted!"}],"italic":false,"text":""}]},{"model":{"model":"hplus:ui/buttons/plus_gold","type":"model"},"when":[{"extra":[{"color":"green","text":"Create Auction"}],"italic":false,"text":""}]},{"model":{"model":"hplus:ui/buttons/plus_gold","type":"model"},"when":[{"extra":[{"color":"green","text":"Create BIN Auction"}],"italic":false,"text":""}]}],"component":"custom_name","fallback":{"model":"block/green_terracotta","type":"model"},"property":"component","type":"select"}}