{"model":{"HPLUS":"ITEMS SLAYER INFERNO_DEMONLORD","cases":[{"model":{"model":"hplus:skyblock/items/mining/dwarven_mines/mithril_powder","type":"model"},"when":[{"extra":[{"color":"green","text":"Big ol' chunk o' Powder!"}],"italic":false,"text":""}]}],"component":"custom_name","fallback":{"on_false":{"model":"item/gunpowder","type":"model"},"on_true":{"model":"hplus:skyblock/items/slayer/inferno_demonlord/derelict_ashe","type":"model"},"predicate":"custom_data","property":"component","type":"condition","value":{"id":"DERELICT_ASHE"}},"property":"component","type":"select"}}