{"model":{"HPLUS":"TOOLS COMBAT","cases":[{"model":{"model":"hplus:ui/auction/sell_instantly","type":"model"},"when":[{"extra":[{"color":"gold","text":"Sell Instantly"}],"italic":false,"text":""}]},{"model":{"model":"hplus:ui/auction/sell_instantly","type":"model"},"when":[{"extra":[{"color":"green","text":"Sell Item"}],"italic":false,"text":""}]},{"model":{"model":"hplus:ui/icons/skyblock_menu/profile","type":"model"},"when":[{"extra":[{"color":"light_purple","text":"Account & Profile Upgrades"}],"italic":false,"text":""}]}],"component":"custom_name","fallback":{"on_false":{"HPLUS":"ITEMS MISC MINION_ITEMS","on_false":{"on_false":{"HPLUS":"ITEMS PET_ITEMS","on_false":{"on_false":{"model":"item/hopper","type":"model"},"on_true":{"model":"hplus:skyblock/items/pet_items/pet_item_tier_boost","type":"model"},"predicate":"custom_data","property":"component","type":"condition","value":{"id":"PET_ITEM_TIER_BOOST"}},"on_true":{"model":"hplus:skyblock/items/misc/minion_items/perfect_hopper","type":"model"},"predicate":"custom_data","property":"component","type":"condition","value":{"id":"PERFECT_HOPPER"}},"on_true":{"model":"hplus:skyblock/items/misc/minion_items/budget_hopper","type":"model"},"predicate":"custom_data","property":"component","type":"condition","value":{"id":"BUDGET_HOPPER"}},"on_true":{"model":"hplus:skyblock/tools/combat/weirder_tuba","type":"model"},"predicate":"custom_data","property":"component","type":"condition","value":{"id":"WEIRDER_TUBA"}},"on_true":{"model":"hplus:skyblock/tools/combat/weird_tuba","type":"model"},"predicate":"custom_data","property":"component","type":"condition","value":{"id":"WEIRD_TUBA"}},"property":"component","type":"select"}}