{"model":{"HPLUS":"TOOLS FARMING","cases":[{"model":{"model":"hplus:skyblock/tools/farming/skymart_vacuum","type":"model"},"when":[{"extra":[{"color":"green","text":"Empty Vacuum Bag"}],"italic":false,"text":""}]}],"component":"custom_name","fallback":{"HPLUS":"ITEMS RIFT","on_false":{"on_false":{"model":"item/hopper_minecart","type":"model"},"on_true":{"models":[{"model":"hplus:skyblock/items/rift/turbomax_vacuum","type":"model"},{"on_false":{"type":"empty"},"on_true":{"keybind":"key.use","on_false":{"type":"empty"},"on_true":{"model":"hplus:skyblock/tools/farming/vacuum_particle","type":"model"},"property":"keybind_down","type":"condition"},"property":"selected","type":"condition"}],"type":"composite"},"predicate":"custom_data","property":"component","type":"condition","value":{"id":"TURBOMAX_VACUUM"}},"on_true":{"models":[{"model":"hplus:skyblock/tools/farming/skymart_turbo_vacuum","type":"model"},{"on_false":{"type":"empty"},"on_true":{"keybind":"key.use","on_false":{"type":"empty"},"on_true":{"model":"hplus:skyblock/tools/farming/vacuum_particle","type":"model"},"property":"keybind_down","type":"condition"},"property":"selected","type":"condition"}],"type":"composite"},"predicate":"custom_data","property":"component","type":"condition","value":{"id":"SKYMART_TURBO_VACUUM"}},"property":"component","type":"select"}}