{"HPLUS":"ARMOR","model":{"on_false":{"on_false":{"on_false":{"cases":[{"model":{"model":"minecraft:item/iron_leggings_quartz_trim","type":"minecraft:model"},"when":"minecraft:quartz"},{"model":{"model":"minecraft:item/iron_leggings_iron_trim","type":"minecraft:model"},"when":"minecraft:iron"},{"model":{"model":"minecraft:item/iron_leggings_netherite_trim","type":"minecraft:model"},"when":"minecraft:netherite"},{"model":{"model":"minecraft:item/iron_leggings_redstone_trim","type":"minecraft:model"},"when":"minecraft:redstone"},{"model":{"model":"minecraft:item/iron_leggings_copper_trim","type":"minecraft:model"},"when":"minecraft:copper"},{"model":{"model":"minecraft:item/iron_leggings_gold_trim","type":"minecraft:model"},"when":"minecraft:gold"},{"model":{"model":"minecraft:item/iron_leggings_emerald_trim","type":"minecraft:model"},"when":"minecraft:emerald"},{"model":{"model":"minecraft:item/iron_leggings_diamond_trim","type":"minecraft:model"},"when":"minecraft:diamond"},{"model":{"model":"minecraft:item/iron_leggings_lapis_trim","type":"minecraft:model"},"when":"minecraft:lapis"},{"model":{"model":"minecraft:item/iron_leggings_amethyst_trim","type":"minecraft:model"},"when":"minecraft:amethyst"},{"model":{"model":"minecraft:item/iron_leggings_resin_trim","type":"minecraft:model"},"when":"minecraft:resin"}],"fallback":{"model":"minecraft:item/iron_leggings","type":"minecraft:model"},"property":"minecraft:trim_material","type":"minecraft:select"},"on_true":{"model":"hplus:skyblock/armor/hunter/silver/silver_hunter_leggings","type":"model"},"predicate":"custom_data","property":"component","type":"condition","value":{"id":"SILVER_HUNTER_LEGGINGS"}},"on_true":{"model":"hplus:skyblock/armor/of_the_pack/leggings_of_the_pack","type":"model"},"predicate":"custom_data","property":"component","type":"condition","value":{"id":"LEGGINGS_OF_THE_PACK"}},"on_true":{"model":"hplus:skyblock/armor/golem_armor/golem_armor_leggings","type":"model"},"predicate":"custom_data","property":"component","type":"condition","value":{"id":"GOLEM_ARMOR_LEGGINGS"}}}