{"HPLUS":"ARMOR","model":{"on_false":{"on_false":{"on_false":{"on_false":{"cases":[{"model":{"model":"minecraft:item/iron_helmet_quartz_trim","type":"minecraft:model"},"when":"minecraft:quartz"},{"model":{"model":"minecraft:item/iron_helmet_iron_trim","type":"minecraft:model"},"when":"minecraft:iron"},{"model":{"model":"minecraft:item/iron_helmet_netherite_trim","type":"minecraft:model"},"when":"minecraft:netherite"},{"model":{"model":"minecraft:item/iron_helmet_redstone_trim","type":"minecraft:model"},"when":"minecraft:redstone"},{"model":{"model":"minecraft:item/iron_helmet_copper_trim","type":"minecraft:model"},"when":"minecraft:copper"},{"model":{"model":"minecraft:item/iron_helmet_gold_trim","type":"minecraft:model"},"when":"minecraft:gold"},{"model":{"model":"minecraft:item/iron_helmet_emerald_trim","type":"minecraft:model"},"when":"minecraft:emerald"},{"model":{"model":"minecraft:item/iron_helmet_diamond_trim","type":"minecraft:model"},"when":"minecraft:diamond"},{"model":{"model":"minecraft:item/iron_helmet_lapis_trim","type":"minecraft:model"},"when":"minecraft:lapis"},{"model":{"model":"minecraft:item/iron_helmet_amethyst_trim","type":"minecraft:model"},"when":"minecraft:amethyst"},{"model":{"model":"minecraft:item/iron_helmet_resin_trim","type":"minecraft:model"},"when":"minecraft:resin"}],"fallback":{"model":"minecraft:item/iron_helmet","type":"minecraft:model"},"property":"minecraft:trim_material","type":"minecraft:select"},"on_true":{"model":"hplus:skyblock/armor/monster_hunter/skeleton_helmet","type":"model"},"predicate":"custom_data","property":"component","type":"condition","value":{"id":"SKELETON_HELMET"}},"on_true":{"model":"hplus:skyblock/armor/hunter/silver/silver_hunter_helmet","type":"model"},"predicate":"custom_data","property":"component","type":"condition","value":{"id":"SILVER_HUNTER_HELMET"}},"on_true":{"model":"hplus:skyblock/armor/mercenary/mercenary_helmet","type":"model"},"predicate":"custom_data","property":"component","type":"condition","value":{"id":"MERCENARY_HELMET"}},"on_true":{"model":"hplus:skyblock/armor/golem_armor/golem_armor_helmet","type":"model"},"predicate":"custom_data","property":"component","type":"condition","value":{"id":"GOLEM_ARMOR_HELMET"}}}