{"HPLUS":"WEAPONS SCYTHES","model":{"on_false":{"HPLUS":"TOOLS FARMING","on_false":{"on_false":{"on_false":{"HPLUS":"TOOLS FARMING THEORETICAL_HOE","on_false":{"on_false":{"on_false":{"on_false":{"on_false":{"on_false":{"HPLUS":"TOOLS MINING","on_false":{"HPLUS":"ITEMS PET_ITEMS","on_false":{"on_false":{"on_false":{"on_false":{"on_false":{"on_false":{"model":"item/iron_hoe","type":"model"},"on_true":{"models":[{"model":"hplus:skyblock/items/pet_items/pet_item_skill_boost_legendary","type":"model"},{"model":"hplus:skyblock/items/pet_items/pet_item_farming_skill_boost","type":"model"}],"type":"composite"},"predicate":"custom_data","property":"component","type":"condition","value":{"id":"PET_ITEM_FARMING_SKILL_BOOST_LEGENDARY"}},"on_true":{"models":[{"model":"hplus:skyblock/items/pet_items/pet_item_skill_boost_epic","type":"model"},{"model":"hplus:skyblock/items/pet_items/pet_item_farming_skill_boost","type":"model"}],"type":"composite"},"predicate":"custom_data","property":"component","type":"condition","value":{"id":"PET_ITEM_FARMING_SKILL_BOOST_EPIC"}},"on_true":{"models":[{"model":"hplus:skyblock/items/pet_items/pet_item_skill_boost_rare","type":"model"},{"model":"hplus:skyblock/items/pet_items/pet_item_farming_skill_boost","type":"model"}],"type":"composite"},"predicate":"custom_data","property":"component","type":"condition","value":{"id":"PET_ITEM_FARMING_SKILL_BOOST_RARE"}},"on_true":{"models":[{"model":"hplus:skyblock/items/pet_items/pet_item_skill_boost_uncommon","type":"model"},{"model":"hplus:skyblock/items/pet_items/pet_item_farming_skill_boost","type":"model"}],"type":"composite"},"predicate":"custom_data","property":"component","type":"condition","value":{"id":"PET_ITEM_FARMING_SKILL_BOOST_UNCOMMON"}},"on_true":{"models":[{"model":"hplus:skyblock/items/pet_items/pet_item_skill_boost_common","type":"model"},{"model":"hplus:skyblock/items/pet_items/pet_item_farming_skill_boost","type":"model"}],"type":"composite"},"predicate":"custom_data","property":"component","type":"condition","value":{"id":"PET_ITEM_FARMING_SKILL_BOOST_COMMON"}},"on_true":{"cases":[{"model":{"model":"hplus:skyblock/tools/mining/dwarven_metal_detector","type":"model"},"when":"gui"}],"fallback":{"model":"hplus:skyblock/tools/mining/dwarven_metal_detector_model","type":"model"},"property":"display_context","type":"select"},"predicate":"custom_data","property":"component","type":"condition","value":{"id":"DWARVEN_METAL_DETECTOR"}},"on_true":{"cases":[{"model":{"model":"hplus:skyblock/tools/farming/thornleaf_scythe","type":"model"},"when":"gui"}],"fallback":{"model":"hplus:skyblock/tools/farming/thornleaf_scythe_hand","type":"model"},"property":"display_context","type":"select"},"predicate":"custom_data","property":"component","type":"condition","value":{"id":"THORNLEAF_SCYTHE"}},"on_true":{"model":"hplus:skyblock/tools/farming/theoretical_hoe/theoretical_hoe_wheat_2","type":"model"},"predicate":"custom_data","property":"component","type":"condition","value":{"id":"THEORETICAL_HOE_WHEAT_2"}},"on_true":{"model":"hplus:skyblock/tools/farming/theoretical_hoe/theoretical_hoe_warts_2","type":"model"},"predicate":"custom_data","property":"component","type":"condition","value":{"id":"THEORETICAL_HOE_WARTS_2"}},"on_true":{"model":"hplus:skyblock/tools/farming/theoretical_hoe/theoretical_hoe_potato_2","type":"model"},"predicate":"custom_data","property":"component","type":"condition","value":{"id":"THEORETICAL_HOE_POTATO_2"}},"on_true":{"model":"hplus:skyblock/tools/farming/theoretical_hoe/theoretical_hoe_carrot_2","type":"model"},"predicate":"custom_data","property":"component","type":"condition","value":{"id":"THEORETICAL_HOE_CARROT_2"}},"on_true":{"model":"hplus:skyblock/tools/farming/theoretical_hoe/theoretical_hoe_cane_2","type":"model"},"predicate":"custom_data","property":"component","type":"condition","value":{"id":"THEORETICAL_HOE_CANE_2"}},"on_true":{"model":"hplus:skyblock/tools/farming/promising_hoe","type":"model"},"predicate":"custom_data","property":"component","type":"condition","value":{"id":"PROMISING_HOE"}},"on_true":{"cases":[{"model":{"model":"hplus:skyblock/tools/farming/garden_scythe","type":"model"},"when":"gui"}],"fallback":{"model":"hplus:skyblock/tools/farming/garden_scythe_hand","type":"model"},"property":"display_context","type":"select"},"predicate":"custom_data","property":"component","type":"condition","value":{"id":"GARDEN_SCYTHE"}},"on_true":{"model":"hplus:skyblock/tools/farming/basic_gardening_hoe","type":"model"},"predicate":"custom_data","property":"component","type":"condition","value":{"id":"BASIC_GARDENING_HOE"}},"on_true":{"cases":[{"model":{"model":"hplus:skyblock/weapons/scythes/ghoul_buster","type":"model"},"when":"gui"}],"fallback":{"model":"hplus:skyblock/weapons/scythes/ghoul_buster_hand","type":"model"},"property":"display_context","type":"select"},"predicate":"custom_data","property":"component","type":"condition","value":{"id":"GHOUL_BUSTER"}},"on_true":{"cases":[{"model":{"model":"hplus:skyblock/weapons/scythes/frozen_scythe","type":"model"},"when":"gui"}],"fallback":{"model":"hplus:skyblock/weapons/scythes/frozen_scythe_hand","type":"model"},"property":"display_context","type":"select"},"predicate":"custom_data","property":"component","type":"condition","value":{"id":"FROZEN_SCYTHE"}}}