{"HPLUS":"TOOLS MINING","model":{"on_false":{"on_false":{"HPLUS":"ITEMS SPECIAL","on_false":{"on_false":{"model":"item/iron_shovel","type":"model"},"on_true":{"model":"hplus:skyblock/items/special/plastic_shovel","type":"model"},"predicate":"custom_data","property":"component","type":"condition","value":{"id":"PLASTIC_SHOVEL"}},"on_true":{"model":"hplus:skyblock/tools/mining/promising_spade","type":"model"},"predicate":"custom_data","property":"component","type":"condition","value":{"id":"PROMISING_SPADE"}},"on_true":{"model":"hplus:skyblock/tools/mining/flint_shovel","type":"model"},"predicate":"custom_data","property":"component","type":"condition","value":{"id":"FLINT_SHOVEL"}},"on_true":{"model":"hplus:skyblock/tools/mining/carnival_shovel","type":"model"},"predicate":"custom_data","property":"component","type":"condition","value":{"id":"CARNIVAL_SHOVEL"}}}