{"HPLUS":"WEAPONS SWORDS","model":{"on_false":{"on_false":{"on_false":{"HPLUS":"TOOLS FARMING","on_false":{"on_false":{"HPLUS":"TOOLS FORAGING","on_false":{"on_false":{"on_false":{"HPLUS":"ITEMS EVENTS GREAT_SPOOK","on_false":{"HPLUS":"ITEMS PET_ITEMS","on_false":{"on_false":{"on_false":{"on_false":{"on_false":{"HPLUS":"ITEMS RIFT","on_false":{"on_false":{"model":"item/iron_axe","type":"model"},"on_true":{"model":"hplus:skyblock/items/rift/tiny_hammer","type":"model"},"predicate":"custom_data","property":"component","type":"condition","value":{"id":"TINY_HAMMER"}},"on_true":{"models":[{"model":"hplus:skyblock/items/pet_items/pet_item_skill_boost_legendary","type":"model"},{"model":"hplus:skyblock/items/pet_items/pet_item_foraging_skill_boost","type":"model"}],"type":"composite"},"predicate":"custom_data","property":"component","type":"condition","value":{"id":"PET_ITEM_FORAGING_SKILL_BOOST_LEGENDARY"}},"on_true":{"models":[{"model":"hplus:skyblock/items/pet_items/pet_item_skill_boost_epic","type":"model"},{"model":"hplus:skyblock/items/pet_items/pet_item_foraging_skill_boost","type":"model"}],"type":"composite"},"predicate":"custom_data","property":"component","type":"condition","value":{"id":"PET_ITEM_FORAGING_SKILL_BOOST_EPIC"}},"on_true":{"models":[{"model":"hplus:skyblock/items/pet_items/pet_item_skill_boost_rare","type":"model"},{"model":"hplus:skyblock/items/pet_items/pet_item_foraging_skill_boost","type":"model"}],"type":"composite"},"predicate":"custom_data","property":"component","type":"condition","value":{"id":"PET_ITEM_FORAGING_SKILL_BOOST_RARE"}},"on_true":{"models":[{"model":"hplus:skyblock/items/pet_items/pet_item_skill_boost_uncommon","type":"model"},{"model":"hplus:skyblock/items/pet_items/pet_item_foraging_skill_boost","type":"model"}],"type":"composite"},"predicate":"custom_data","property":"component","type":"condition","value":{"id":"PET_ITEM_FORAGING_SKILL_BOOST_UNCOMMON"}},"on_true":{"models":[{"model":"hplus:skyblock/items/pet_items/pet_item_skill_boost_common","type":"model"},{"model":"hplus:skyblock/items/pet_items/pet_item_foraging_skill_boost","type":"model"}],"type":"composite"},"predicate":"custom_data","property":"component","type":"condition","value":{"id":"PET_ITEM_FORAGING_SKILL_BOOST_COMMON"}},"on_true":{"model":"hplus:skyblock/items/events/great_spook/dwarven_iron_hammer","type":"model"},"predicate":"custom_data","property":"component","type":"condition","value":{"id":"DWARVEN_IRON_HAMMER"}},"on_true":{"model":"hplus:skyblock/tools/foraging/sweet_axe","type":"model"},"predicate":"custom_data","property":"component","type":"condition","value":{"id":"SWEET_AXE"}},"on_true":{"model":"hplus:skyblock/tools/foraging/promising_axe","type":"model"},"predicate":"custom_data","property":"component","type":"condition","value":{"id":"PROMISING_AXE"}},"on_true":{"model":"hplus:skyblock/tools/foraging/efficient_axe","type":"model"},"predicate":"custom_data","property":"component","type":"condition","value":{"id":"EFFICIENT_AXE"}},"on_true":{"model":"hplus:skyblock/tools/farming/spore_harvester","type":"model"},"predicate":"custom_data","property":"component","type":"condition","value":{"id":"SPORE_HARVESTER"}},"on_true":{"model":"hplus:skyblock/tools/farming/basic_gardening_axe","type":"model"},"predicate":"custom_data","property":"component","type":"condition","value":{"id":"BASIC_GARDENING_AXE"}},"on_true":{"model":"hplus:skyblock/weapons/swords/raider_axe","type":"model"},"predicate":"custom_data","property":"component","type":"condition","value":{"id":"RAIDER_AXE"}},"on_true":{"model":"hplus:skyblock/weapons/swords/mercenary_axe","type":"model"},"predicate":"custom_data","property":"component","type":"condition","value":{"id":"MERCENARY_AXE"}},"on_true":{"model":"hplus:skyblock/weapons/swords/enrager","type":"model"},"predicate":"custom_data","property":"component","type":"condition","value":{"id":"ENRAGER"}},"on_true":{"model":"hplus:skyblock/weapons/swords/dungeon_hammer","type":"model"},"predicate":"custom_data","property":"component","type":"condition","value":{"id":"DUNGEON_HAMMER"}}}