{"HPLUS":"ARMOR","model":{"on_false":{"on_false":{"on_false":{"on_false":{"on_false":{"cases":[{"model":{"model":"minecraft:item/iron_chestplate_quartz_trim","type":"minecraft:model"},"when":"minecraft:quartz"},{"model":{"model":"minecraft:item/iron_chestplate_iron_trim","type":"minecraft:model"},"when":"minecraft:iron"},{"model":{"model":"minecraft:item/iron_chestplate_netherite_trim","type":"minecraft:model"},"when":"minecraft:netherite"},{"model":{"model":"minecraft:item/iron_chestplate_redstone_trim","type":"minecraft:model"},"when":"minecraft:redstone"},{"model":{"model":"minecraft:item/iron_chestplate_copper_trim","type":"minecraft:model"},"when":"minecraft:copper"},{"model":{"model":"minecraft:item/iron_chestplate_gold_trim","type":"minecraft:model"},"when":"minecraft:gold"},{"model":{"model":"minecraft:item/iron_chestplate_emerald_trim","type":"minecraft:model"},"when":"minecraft:emerald"},{"model":{"model":"minecraft:item/iron_chestplate_diamond_trim","type":"minecraft:model"},"when":"minecraft:diamond"},{"model":{"model":"minecraft:item/iron_chestplate_lapis_trim","type":"minecraft:model"},"when":"minecraft:lapis"},{"model":{"model":"minecraft:item/iron_chestplate_amethyst_trim","type":"minecraft:model"},"when":"minecraft:amethyst"},{"model":{"model":"minecraft:item/iron_chestplate_resin_trim","type":"minecraft:model"},"when":"minecraft:resin"}],"fallback":{"model":"minecraft:item/iron_chestplate","type":"minecraft:model"},"property":"minecraft:trim_material","type":"minecraft:select"},"on_true":{"model":"hplus:skyblock/armor/squire/squire_chestplate","type":"model"},"predicate":"custom_data","property":"component","type":"condition","value":{"id":"SQUIRE_CHESTPLATE"}},"on_true":{"model":"hplus:skyblock/armor/hunter/silver/silver_hunter_chestplate","type":"model"},"predicate":"custom_data","property":"component","type":"condition","value":{"id":"SILVER_HUNTER_CHESTPLATE"}},"on_true":{"model":"hplus:skyblock/armor/mercenary/mercenary_chestplate","type":"model"},"predicate":"custom_data","property":"component","type":"condition","value":{"id":"MERCENARY_CHESTPLATE"}},"on_true":{"model":"hplus:skyblock/armor/golem_armor/golem_armor_chestplate","type":"model"},"predicate":"custom_data","property":"component","type":"condition","value":{"id":"GOLEM_ARMOR_CHESTPLATE"}},"on_true":{"model":"hplus:skyblock/armor/rift/etalptsehc_nori","type":"model"},"predicate":"custom_data","property":"component","type":"condition","value":{"id":"ETALPTSEHC_NORI"}}}