{"model":{"HPLUS":"ITEMS PET_ITEMS","cases":[{"model":{"model":"hplus:ui/jacob_contest/silver_medal","type":"model"},"when":[{"extra":[{"color":"white","text":"Medal Conversion"}],"italic":false,"text":""}]}],"component":"custom_name","fallback":{"on_false":{"on_false":{"on_false":{"on_false":{"HPLUS":"ITEMS SPECIAL","on_false":{"on_false":{"model":"item/iron_ingot","type":"model"},"on_true":{"model":"hplus:skyblock/items/special/potato_silver_medal","type":"model"},"predicate":"custom_data","property":"component","type":"condition","value":{"id":"POTATO_SILVER_MEDAL"}},"on_true":{"model":"hplus:skyblock/items/pet_items/pet_item_iron_claws","type":"model"},"predicate":"custom_data","property":"component","type":"condition","value":{"id":"PET_ITEM_IRON_CLAWS_LEGENDARY"}},"on_true":{"model":"hplus:skyblock/items/pet_items/pet_item_iron_claws","type":"model"},"predicate":"custom_data","property":"component","type":"condition","value":{"id":"PET_ITEM_IRON_CLAWS_EPIC"}},"on_true":{"model":"hplus:skyblock/items/pet_items/pet_item_iron_claws","type":"model"},"predicate":"custom_data","property":"component","type":"condition","value":{"id":"PET_ITEM_IRON_CLAWS_RARE"}},"on_true":{"model":"hplus:skyblock/items/pet_items/pet_item_iron_claws","type":"model"},"predicate":"custom_data","property":"component","type":"condition","value":{"id":"PET_ITEM_IRON_CLAWS_UNCOMMON"}},"on_true":{"model":"hplus:skyblock/items/pet_items/pet_item_iron_claws","type":"model"},"predicate":"custom_data","property":"component","type":"condition","value":{"id":"PET_ITEM_IRON_CLAWS_COMMON"}},"property":"component","type":"select"}}