{"model":{"HPLUS":"WEAPONS SWORDS","cases":[{"model":{"model":"hplus:bedwars/sharpened_swords","type":"model"},"when":[{"extra":[{"color":"green","text":"Sharpened Swords"}],"italic":false,"text":""}]},{"model":{"model":"hplus:bedwars/quickcomm/attack","type":"model"},"when":[{"extra":[{"color":"green","text":"Let's attack!"}],"italic":false,"text":""}]}],"component":"custom_name","fallback":{"on_false":{"on_false":{"on_false":{"on_false":{"on_false":{"on_false":{"on_false":{"on_false":{"on_false":{"on_false":{"on_false":{"on_false":{"on_false":{"on_false":{"on_false":{"on_false":{"on_false":{"on_false":{"on_false":{"on_false":{"on_false":{"on_false":{"on_false":{"on_false":{"on_false":{"on_false":{"on_false":{"on_false":{"on_false":{"on_false":{"HPLUS":"WEAPONS LONGSWORDS","on_false":{"on_false":{"on_false":{"on_false":{"on_false":{"on_false":{"HPLUS":"ITEMS_MINING CRYSTAL_HOLLOWS","on_false":{"HPLUS":"ITEMS PET_ITEMS","on_false":{"on_false":{"on_false":{"on_false":{"on_false":{"HPLUS":"BEDWARS","on_false":{"on_false":{"model":"item/iron_sword","type":"model"},"on_true":{"model":"hplus:skyblock/weapons/swords/zombie_sword","type":"model"},"predicate":"custom_data","property":"component","type":"condition","value":{"justice_sword":1}},"on_true":{"models":[{"model":"hplus:skyblock/items/pet_items/pet_item_skill_boost_legendary","type":"model"},{"model":"hplus:skyblock/items/pet_items/pet_item_combat_skill_boost","type":"model"}],"type":"composite"},"predicate":"custom_data","property":"component","type":"condition","value":{"id":"PET_ITEM_COMBAT_SKILL_BOOST_LEGENDARY"}},"on_true":{"models":[{"model":"hplus:skyblock/items/pet_items/pet_item_skill_boost_epic","type":"model"},{"model":"hplus:skyblock/items/pet_items/pet_item_combat_skill_boost","type":"model"}],"type":"composite"},"predicate":"custom_data","property":"component","type":"condition","value":{"id":"PET_ITEM_COMBAT_SKILL_BOOST_EPIC"}},"on_true":{"models":[{"model":"hplus:skyblock/items/pet_items/pet_item_skill_boost_rare","type":"model"},{"model":"hplus:skyblock/items/pet_items/pet_item_combat_skill_boost","type":"model"}],"type":"composite"},"predicate":"custom_data","property":"component","type":"condition","value":{"id":"PET_ITEM_COMBAT_SKILL_BOOST_RARE"}},"on_true":{"models":[{"model":"hplus:skyblock/items/pet_items/pet_item_skill_boost_uncommon","type":"model"},{"model":"hplus:skyblock/items/pet_items/pet_item_combat_skill_boost","type":"model"}],"type":"composite"},"predicate":"custom_data","property":"component","type":"condition","value":{"id":"PET_ITEM_COMBAT_SKILL_BOOST_UNCOMMON"}},"on_true":{"models":[{"model":"hplus:skyblock/items/pet_items/pet_item_skill_boost_common","type":"model"},{"model":"hplus:skyblock/items/pet_items/pet_item_combat_skill_boost","type":"model"}],"type":"composite"},"predicate":"custom_data","property":"component","type":"condition","value":{"id":"PET_ITEM_COMBAT_SKILL_BOOST_COMMON"}},"on_true":{"model":"hplus:skyblock/items/mining/crystal_hollows/dwarven_lapis_sword","type":"model"},"predicate":"custom_data","property":"component","type":"condition","value":{"id":"DWARVEN_LAPIS_SWORD"}},"on_true":{"cases":[{"model":{"model":"hplus:skyblock/weapons/longswords/voidwalker_katana","type":"model"},"when":"gui"}],"fallback":{"model":"hplus:skyblock/weapons/longswords/voidwalker_katana_hand","type":"model"},"property":"display_context","type":"select"},"predicate":"custom_data","property":"component","type":"condition","value":{"id":"VOIDWALKER_KATANA"}},"on_true":{"cases":[{"model":{"model":"hplus:skyblock/weapons/longswords/giants_sword","type":"model"},"when":"gui"}],"fallback":{"model":"hplus:skyblock/weapons/longswords/giants_sword_hand","type":"model"},"property":"display_context","type":"select"},"predicate":"custom_data","property":"component","type":"condition","value":{"id":"GIANTS_SWORD"}},"on_true":{"cases":[{"model":{"model":"hplus:skyblock/weapons/longswords/giants_eye_sword","type":"model"},"when":"gui"}],"fallback":{"model":"hplus:skyblock/weapons/longswords/giants_eye_sword_hand","type":"model"},"property":"display_context","type":"select"},"predicate":"custom_data","property":"component","type":"condition","value":{"id":"GIANTS_EYE_SWORD"}},"on_true":{"cases":[{"model":{"model":"hplus:skyblock/weapons/longswords/starred_felthorn_reaper","type":"model"},"when":"gui"}],"fallback":{"model":"hplus:skyblock/weapons/longswords/starred_felthorn_reaper_hand","type":"model"},"property":"display_context","type":"select"},"predicate":"custom_data","property":"component","type":"condition","value":{"id":"STARRED_FELTHORN_REAPER"}},"on_true":{"cases":[{"model":{"model":"hplus:skyblock/weapons/longswords/felthorn_reaper","type":"model"},"when":"gui"}],"fallback":{"model":"hplus:skyblock/weapons/longswords/felthorn_reaper_hand","type":"model"},"property":"display_context","type":"select"},"predicate":"custom_data","property":"component","type":"condition","value":{"id":"FELTHORN_REAPER"}},"on_true":{"cases":[{"model":{"model":"hplus:skyblock/weapons/longswords/bone_reaver","type":"model"},"when":"gui"}],"fallback":{"model":"hplus:skyblock/weapons/longswords/bone_reaver_hand","type":"model"},"property":"display_context","type":"select"},"predicate":"custom_data","property":"component","type":"condition","value":{"id":"BONE_REAVER"}},"on_true":{"on_false":{"model":"hplus:skyblock/weapons/swords/zombie_sword","type":"model"},"on_true":{"keybind":"key.use","on_false":{"model":"hplus:skyblock/weapons/swords/zombie_sword","type":"model"},"on_true":{"model":"hplus:skyblock/weapons/swords/zombie_sword_heal","type":"model"},"property":"keybind_down","type":"condition"},"property":"selected","type":"condition"},"predicate":"custom_data","property":"component","type":"condition","value":{"id":"ZOMBIE_SWORD"}},"on_true":{"model":"hplus:skyblock/weapons/swords/zombie_soldier_cutlass","type":"model"},"predicate":"custom_data","property":"component","type":"condition","value":{"id":"ZOMBIE_SOLDIER_CUTLASS"}},"on_true":{"model":"hplus:skyblock/weapons/swords/zombie_knight_sword","type":"model"},"predicate":"custom_data","property":"component","type":"condition","value":{"id":"ZOMBIE_KNIGHT_SWORD"}},"on_true":{"model":"hplus:skyblock/weapons/swords/starred_yeti_sword","type":"model"},"predicate":"custom_data","property":"component","type":"condition","value":{"id":"STARRED_YETI_SWORD"}},"on_true":{"model":"hplus:skyblock/weapons/swords/yeti_sword","type":"model"},"predicate":"custom_data","property":"component","type":"condition","value":{"id":"YETI_SWORD"}},"on_true":{"on_false":{"model":"hplus:skyblock/weapons/swords/valkyrie","type":"model"},"on_true":{"model":"hplus:skyblock/weapons/swords/shiny_valkyrie","type":"model"},"predicate":"custom_data","property":"component","type":"condition","value":{"is_shiny":1}},"predicate":"custom_data","property":"component","type":"condition","value":{"id":"VALKYRIE"}},"on_true":{"model":"hplus:skyblock/weapons/swords/undead_sword","type":"model"},"predicate":"custom_data","property":"component","type":"condition","value":{"id":"UNDEAD_SWORD"}},"on_true":{"model":"hplus:skyblock/weapons/swords/sword_of_the_multiverse","type":"model"},"predicate":"custom_data","property":"component","type":"condition","value":{"id":"SWORD_OF_THE_MULTIVERSE"}},"on_true":{"model":"hplus:skyblock/weapons/swords/squire_sword","type":"model"},"predicate":"custom_data","property":"component","type":"condition","value":{"id":"SQUIRE_SWORD"}},"on_true":{"model":"hplus:skyblock/weapons/swords/spirit_sword","type":"model"},"predicate":"custom_data","property":"component","type":"condition","value":{"id":"SPIRIT_SWORD"}},"on_true":{"model":"hplus:skyblock/weapons/swords/spider_sword","type":"model"},"predicate":"custom_data","property":"component","type":"condition","value":{"id":"SPIDER_SWORD"}},"on_true":{"model":"hplus:skyblock/weapons/swords/silvertwist_karambit","type":"model"},"predicate":"custom_data","property":"component","type":"condition","value":{"id":"SILVERTWIST_KARAMBIT"}},"on_true":{"model":"hplus:skyblock/weapons/swords/silver_laced_karambit","type":"model"},"predicate":"custom_data","property":"component","type":"condition","value":{"id":"SILVER_LACED_KARAMBIT"}},"on_true":{"model":"hplus:skyblock/weapons/swords/silent_death","type":"model"},"predicate":"custom_data","property":"component","type":"condition","value":{"id":"SILENT_DEATH"}},"on_true":{"model":"hplus:skyblock/weapons/swords/shaman_sword","type":"model"},"predicate":"custom_data","property":"component","type":"condition","value":{"id":"SHAMAN_SWORD"}},"on_true":{"on_false":{"model":"hplus:skyblock/weapons/swords/scylla","type":"model"},"on_true":{"model":"hplus:skyblock/weapons/swords/shiny_scylla","type":"model"},"predicate":"custom_data","property":"component","type":"condition","value":{"is_shiny":1}},"predicate":"custom_data","property":"component","type":"condition","value":{"id":"SCYLLA"}},"on_true":{"model":"hplus:skyblock/weapons/swords/recluse_fang","type":"model"},"predicate":"custom_data","property":"component","type":"condition","value":{"id":"RECLUSE_FANG"}},"on_true":{"on_false":{"model":"hplus:skyblock/weapons/swords/necron_blade","type":"model"},"on_true":{"model":"hplus:skyblock/weapons/swords/shiny_necron_blade","type":"model"},"predicate":"custom_data","property":"component","type":"condition","value":{"is_shiny":1}},"predicate":"custom_data","property":"component","type":"condition","value":{"id":"NECRON_BLADE"}},"on_true":{"model":"hplus:skyblock/weapons/swords/necromancer_sword","type":"model"},"predicate":"custom_data","property":"component","type":"condition","value":{"id":"NECROMANCER_SWORD"}},"on_true":{"model":"hplus:skyblock/weapons/swords/mawdust_dagger_spirit","type":"model"},"predicate":"custom_data","property":"component","type":"condition","value":{"id":"MAWDUST_DAGGER"}},"on_true":{"model":"hplus:skyblock/weapons/swords/livid_dagger","type":"model"},"predicate":"custom_data","property":"component","type":"condition","value":{"id":"LIVID_DAGGER"}},"on_true":{"on_false":{"model":"hplus:skyblock/weapons/swords/hyperion","type":"model"},"on_true":{"model":"hplus:skyblock/weapons/swords/shiny_hyperion","type":"model"},"predicate":"custom_data","property":"component","type":"condition","value":{"is_shiny":1}},"predicate":"custom_data","property":"component","type":"condition","value":{"id":"HYPERION"}},"on_true":{"model":"hplus:skyblock/weapons/swords/hunter_knife","type":"model"},"predicate":"custom_data","property":"component","type":"condition","value":{"id":"HUNTER_KNIFE"}},"on_true":{"model":"hplus:skyblock/weapons/swords/heartmaw_dagger_spirit","type":"model"},"predicate":"custom_data","property":"component","type":"condition","value":{"id":"HEARTMAW_DAGGER"}},"on_true":{"model":"hplus:skyblock/weapons/swords/golem_sword","type":"model"},"predicate":"custom_data","property":"component","type":"condition","value":{"id":"GOLEM_SWORD"}},"on_true":{"model":"hplus:skyblock/weapons/swords/flaming_sword","type":"model"},"predicate":"custom_data","property":"component","type":"condition","value":{"id":"FLAMING_SWORD"}},"on_true":{"model":"hplus:skyblock/weapons/swords/crypt_dreadlord_sword","type":"model"},"predicate":"custom_data","property":"component","type":"condition","value":{"id":"CRYPT_DREADLORD_SWORD"}},"on_true":{"model":"hplus:skyblock/weapons/swords/burstmaw_dagger_spirit","type":"model"},"predicate":"custom_data","property":"component","type":"condition","value":{"id":"BURSTMAW_DAGGER"}},"on_true":{"model":"hplus:skyblock/weapons/swords/blade_of_the_volcano","type":"model"},"predicate":"custom_data","property":"component","type":"condition","value":{"id":"BLADE_OF_THE_VOLCANO"}},"on_true":{"on_false":{"model":"hplus:skyblock/weapons/swords/astraea","type":"model"},"on_true":{"model":"hplus:skyblock/weapons/swords/shiny_astraea","type":"model"},"predicate":"custom_data","property":"component","type":"condition","value":{"is_shiny":1}},"predicate":"custom_data","property":"component","type":"condition","value":{"id":"ASTRAEA"}},"on_true":{"model":"hplus:skyblock/weapons/swords/arack","type":"model"},"predicate":"custom_data","property":"component","type":"condition","value":{"id":"ARACK"}},"property":"component","type":"select"}}