{"model":{"HPLUS":"TOOLS MINING","cases":[{"model":{"model":"hplus:bedwars/mining_fatigue_trap","type":"model"},"when":[{"extra":[{"color":"red","text":"Miner Fatigue Trap"}],"italic":false,"text":""}]},{"model":{"model":"hplus:bedwars/mining_fatigue_trap","type":"model"},"when":[{"extra":[{"color":"yellow","text":"Miner Fatigue Trap"}],"italic":false,"text":""}]}],"component":"custom_name","fallback":{"on_false":{"on_false":{"on_false":{"on_false":{"HPLUS":"ITEMS PET_ITEMS","on_false":{"on_false":{"on_false":{"on_false":{"on_false":{"on_false":{"model":"item/iron_pickaxe","type":"model"},"on_true":{"models":[{"model":"hplus:skyblock/items/pet_items/pet_item_skill_boost_legendary","type":"model"},{"model":"hplus:skyblock/items/pet_items/pet_item_mining_skill_boost","type":"model"}],"type":"composite"},"predicate":"custom_data","property":"component","type":"condition","value":{"id":"PET_ITEM_MINING_SKILL_BOOST_LEGENDARY"}},"on_true":{"models":[{"model":"hplus:skyblock/items/pet_items/pet_item_skill_boost_epic","type":"model"},{"model":"hplus:skyblock/items/pet_items/pet_item_mining_skill_boost","type":"model"}],"type":"composite"},"predicate":"custom_data","property":"component","type":"condition","value":{"id":"PET_ITEM_MINING_SKILL_BOOST_EPIC"}},"on_true":{"models":[{"model":"hplus:skyblock/items/pet_items/pet_item_skill_boost_rare","type":"model"},{"model":"hplus:skyblock/items/pet_items/pet_item_mining_skill_boost","type":"model"}],"type":"composite"},"predicate":"custom_data","property":"component","type":"condition","value":{"id":"PET_ITEM_MINING_SKILL_BOOST_RARE"}},"on_true":{"models":[{"model":"hplus:skyblock/items/pet_items/pet_item_skill_boost_uncommon","type":"model"},{"model":"hplus:skyblock/items/pet_items/pet_item_mining_skill_boost","type":"model"}],"type":"composite"},"predicate":"custom_data","property":"component","type":"condition","value":{"id":"PET_ITEM_MINING_SKILL_BOOST_UNCOMMON"}},"on_true":{"models":[{"model":"hplus:skyblock/items/pet_items/pet_item_skill_boost_common","type":"model"},{"model":"hplus:skyblock/items/pet_items/pet_item_mining_skill_boost","type":"model"}],"type":"composite"},"predicate":"custom_data","property":"component","type":"condition","value":{"id":"PET_ITEM_MINING_SKILL_BOOST_COMMON"}},"on_true":{"model":"hplus:skyblock/tools/mining/zombie_pickaxe","type":"model"},"predicate":"custom_data","property":"component","type":"condition","value":{"id":"ZOMBIE_PICKAXE"}},"on_true":{"model":"hplus:skyblock/tools/mining/titanium_pickaxe","type":"model"},"predicate":"custom_data","property":"component","type":"condition","value":{"id":"TITANIUM_PICKAXE"}},"on_true":{"model":"hplus:skyblock/tools/mining/refined_titanium_pickaxe","type":"model"},"predicate":"custom_data","property":"component","type":"condition","value":{"id":"REFINED_TITANIUM_PICKAXE"}},"on_true":{"model":"hplus:skyblock/tools/mining/promising_pickaxe","type":"model"},"predicate":"custom_data","property":"component","type":"condition","value":{"id":"PROMISING_PICKAXE"}},"on_true":{"model":"hplus:skyblock/tools/mining/chrono_pickaxe","type":"model"},"predicate":"custom_data","property":"component","type":"condition","value":{"id":"CHRONO_PICKAXE"}},"property":"component","type":"select"}}