{"HPLUS":"ARMOR","model":{"on_false":{"on_false":{"on_false":{"on_false":{"on_false":{"on_false":{"cases":[{"model":{"model":"minecraft:item/iron_boots_quartz_trim","type":"minecraft:model"},"when":"minecraft:quartz"},{"model":{"model":"minecraft:item/iron_boots_iron_trim","type":"minecraft:model"},"when":"minecraft:iron"},{"model":{"model":"minecraft:item/iron_boots_netherite_trim","type":"minecraft:model"},"when":"minecraft:netherite"},{"model":{"model":"minecraft:item/iron_boots_redstone_trim","type":"minecraft:model"},"when":"minecraft:redstone"},{"model":{"model":"minecraft:item/iron_boots_copper_trim","type":"minecraft:model"},"when":"minecraft:copper"},{"model":{"model":"minecraft:item/iron_boots_gold_trim","type":"minecraft:model"},"when":"minecraft:gold"},{"model":{"model":"minecraft:item/iron_boots_emerald_trim","type":"minecraft:model"},"when":"minecraft:emerald"},{"model":{"model":"minecraft:item/iron_boots_diamond_trim","type":"minecraft:model"},"when":"minecraft:diamond"},{"model":{"model":"minecraft:item/iron_boots_lapis_trim","type":"minecraft:model"},"when":"minecraft:lapis"},{"model":{"model":"minecraft:item/iron_boots_amethyst_trim","type":"minecraft:model"},"when":"minecraft:amethyst"},{"model":{"model":"minecraft:item/iron_boots_resin_trim","type":"minecraft:model"},"when":"minecraft:resin"}],"fallback":{"model":"minecraft:item/iron_boots","type":"minecraft:model"},"property":"minecraft:trim_material","type":"minecraft:select"},"on_true":{"model":"hplus:skyblock/armor/monster_hunter/spider_boots","type":"model"},"predicate":"custom_data","property":"component","type":"condition","value":{"id":"SPIDER_BOOTS"}},"on_true":{"model":"hplus:skyblock/armor/hunter/silver/silver_hunter_boots","type":"model"},"predicate":"custom_data","property":"component","type":"condition","value":{"id":"SILVER_HUNTER_BOOTS"}},"on_true":{"model":"hplus:skyblock/armor/golem_armor/golem_armor_boots","type":"model"},"predicate":"custom_data","property":"component","type":"condition","value":{"id":"GOLEM_ARMOR_BOOTS"}},"on_true":{"model":"hplus:skyblock/armor/of_the_pack/boots_of_the_pack","type":"model"},"predicate":"custom_data","property":"component","type":"condition","value":{"id":"BOOTS_OF_THE_PACK"}},"on_true":{"model":"hplus:skyblock/armor/misc/bigger_spring_boots","type":"model"},"predicate":"custom_data","property":"component","type":"condition","value":{"id":"BIGGER_SPRING_BOOTS"}},"on_true":{"model":"hplus:skyblock/armor/misc/big_spring_boots","type":"model"},"predicate":"custom_data","property":"component","type":"condition","value":{"id":"BIG_SPRING_BOOTS"}}}