{"model":{"HPLUS":"MURDER","cases":[{"model":{"model":"hplus:skyblock/weapons/swords/earth_shard","type":"model"},"when":[{"extra":[{"color":"green","text":"Earthen Dagger"}],"italic":false,"text":""}]},{"model":{"model":"hplus:skyblock/weapons/swords/earth_shard","type":"model"},"when":[{"extra":[{"color":"red","text":"Earthen Dagger"}],"italic":false,"text":""}]}],"component":"custom_name","fallback":{"on_false":{"model":"item/jungle_sapling","type":"model"},"on_true":{"model":"hplus:skyblock/weapons/swords/earth_shard","type":"model"},"predicate":"custom_data","property":"component","type":"condition","value":{"KNIFE":1}},"property":"component","type":"select"}}