{"HPLUS":"ITEMS RIFT","model":{"on_false":{"on_false":{"model":"item/large_fern","tints":[{"downfall":1.0,"temperature":0.5,"type":"grass"}],"type":"model"},"on_true":{"model":"hplus:skyblock/items/rift/enchanted_lush_berberis","type":"model"},"predicate":"custom_data","property":"component","type":"condition","value":{"id":"ENCHANTED_LUSH_BERBERIS"}},"on_true":{"model":"hplus:skyblock/items/rift/lush_berberis","type":"model"},"predicate":"custom_data","property":"component","type":"condition","value":{"id":"LUSH_BERBERIS"}}}