{"model":{"HPLUS":"ITEMS MISC","cases":[{"model":{"model":"hplus:ui/buttons/clear","type":"model"},"when":[{"extra":[{"color":"red","text":"Clear Quiver"}],"italic":false,"text":""}]}],"component":"custom_name","fallback":{"HPLUS":"ITEMS MISC MINION_ITEMS","on_false":{"on_false":{"on_false":{"model":"item/lava_bucket","type":"model"},"on_true":{"model":"hplus:skyblock/items/misc/minion_items/plasma_bucket","type":"model"},"predicate":"custom_data","property":"component","type":"condition","value":{"id":"PLASMA_BUCKET"}},"on_true":{"model":"hplus:skyblock/items/misc/minion_items/magma_bucket","type":"model"},"predicate":"custom_data","property":"component","type":"condition","value":{"id":"MAGMA_BUCKET"}},"on_true":{"model":"hplus:skyblock/items/misc/magical_lava_bucket","type":"model"},"predicate":"custom_data","property":"component","type":"condition","value":{"id":"MAGICAL_LAVA_BUCKET"}},"property":"component","type":"select"}}