{"HPLUS":"ITEMS CRIMSON_ISLE MOB_LOOT","model":{"HPLUS":"ITEMS DUNGEONS","on_false":{"HPLUS":"ITEMS RIFT","on_false":{"on_false":{"model":"item/lead","type":"model"},"on_true":{"model":"hplus:skyblock/items/rift/mirrored_leash","type":"model"},"predicate":"custom_data","property":"component","type":"condition","value":{"id":"MIRRORED_LEASH"}},"on_true":{"model":"hplus:skyblock/items/dungeons/giant_fragment_bigfoot","type":"model"},"predicate":"custom_data","property":"component","type":"condition","value":{"id":"GIANT_FRAGMENT_BIGFOOT"}},"on_true":{"model":"hplus:skyblock/items/crimson_isle/mob_loot/kada_lead","type":"model"},"predicate":"custom_data","property":"component","type":"condition","value":{"id":"KADA_LEAD"}}}