{"HPLUS":"ARMOR","model":{"type":"condition","property":"component","predicate":"custom_data","value":{"id":"ADAPTIVE_BOOTS"},"on_true":{"type":"select","property":"component","component":"dyed_color","fallback":{"type":"model","model":"hplus:skyblock/armor/adaptive/adaptive_boots_dyed","tints":[{"type":"minecraft:dye","default":-6265536}]},"cases":[{"when":1482583,"model":{"type":"model","model":"hplus:skyblock/armor/adaptive/adaptive_boots_archer"}},{"when":12255232,"model":{"type":"model","model":"hplus:skyblock/armor/adaptive/adaptive_boots_berserker"}},{"when":16775142,"model":{"type":"model","model":"hplus:skyblock/armor/adaptive/adaptive_boots_healer"}},{"when":7209120,"model":{"type":"model","model":"hplus:skyblock/armor/adaptive/adaptive_boots_mage"}},{"when":2799013,"model":{"type":"model","model":"hplus:skyblock/armor/adaptive/adaptive_boots_tank"}},{"when":12565682,"model":{"type":"model","model":"hplus:skyblock/armor/adaptive/adaptive_boots"}}]},"on_false":{"type":"condition","property":"component","predicate":"custom_data","value":{"id":"ANGLER_BOOTS"},"on_true":{"type":"select","property":"component","component":"dyed_color","fallback":{"type":"model","model":"hplus:skyblock/armor/angler/angler_boots_dyed","tints":[{"type":"minecraft:dye","default":-6265536}]},"cases":[{"when":720975,"model":{"type":"model","model":"hplus:skyblock/armor/angler/angler_boots"}}]},"on_false":{"type":"condition","property":"component","predicate":"custom_data","value":{"id":"ARACHNE_BOOTS"},"on_true":{"type":"select","property":"component","component":"dyed_color","fallback":{"type":"model","model":"hplus:skyblock/armor/arachne/arachne_boots_dyed","tints":[{"type":"minecraft:dye","default":-6265536}]},"cases":[{"when":9109504,"model":{"type":"model","model":"hplus:skyblock/armor/arachne/arachne_boots"}}]},"on_false":{"type":"condition","property":"component","predicate":"custom_data","value":{"id":"ARMOR_OF_MAGMA_BOOTS"},"on_true":{"type":"select","property":"component","component":"dyed_color","fallback":{"type":"model","model":"hplus:skyblock/armor/armor_of_magma/armor_of_magma_boots_dyed","tints":[{"type":"minecraft:dye","default":-6265536}]},"cases":[{"when":16749312,"model":{"type":"model","model":"hplus:skyblock/armor/armor_of_magma/armor_of_magma_boots"}}]},"on_false":{"type":"condition","property":"component","predicate":"custom_data","value":{"id":"ARMOR_OF_THE_RESISTANCE_BOOTS"},"on_true":{"type":"select","property":"component","component":"dyed_color","fallback":{"type":"model","model":"hplus:skyblock/armor/armor_of_the_resistance/armor_of_the_resistance_boots_dyed","tints":[{"type":"minecraft:dye","default":-6265536}]},"cases":[{"when":10454537,"model":{"type":"model","model":"hplus:skyblock/armor/armor_of_the_resistance/armor_of_the_resistance_boots"}}]},"on_false":{"type":"condition","property":"component","predicate":"custom_data","value":{"id":"ARMOR_OF_YOG_BOOTS"},"on_true":{"type":"select","property":"component","component":"dyed_color","fallback":{"type":"model","model":"hplus:skyblock/armor/armor_of_yog/armor_of_yog_boots_dyed","tints":[{"type":"minecraft:dye","default":-6265536}]},"cases":[{"when":13120000,"model":{"type":"model","model":"hplus:skyblock/armor/armor_of_yog/armor_of_yog_boots"}}]},"on_false":{"type":"condition","property":"component","predicate":"custom_data","value":{"id":"AURORA_BOOTS"},"on_true":{"type":"select","property":"component","component":"dyed_color","fallback":{"type":"model","model":"hplus:skyblock/armor/aurora/aurora/aurora_boots_dyed","tints":[{"type":"minecraft:dye","default":-6265536}]},"cases":[{"when":6391036,"model":{"type":"model","model":"hplus:skyblock/armor/aurora/aurora/aurora_boots"}}]},"on_false":{"type":"condition","property":"component","predicate":"custom_data","value":{"id":"BACKWATER_BOOTS"},"on_true":{"type":"select","property":"component","component":"dyed_color","fallback":{"type":"model","model":"hplus:skyblock/armor/backwater/backwater_boots_dyed","tints":[{"type":"minecraft:dye","default":-6265536}]},"cases":[{"when":97585,"model":{"type":"model","model":"hplus:skyblock/armor/backwater/backwater_boots"}}]},"on_false":{"type":"condition","property":"component","predicate":"custom_data","value":{"id":"BAT_PERSON_BOOTS"},"on_true":{"type":"select","property":"component","component":"dyed_color","fallback":{"type":"model","model":"hplus:skyblock/armor/bat_person/bat_person_boots_dyed","tints":[{"type":"minecraft:dye","default":-6265536}]},"cases":[{"when":0,"model":{"type":"model","model":"hplus:skyblock/armor/bat_person/bat_person_boots"}}]},"on_false":{"type":"condition","property":"component","predicate":"custom_data","value":{"id":"BERSERKER_BOOTS"},"on_true":{"type":"select","property":"component","component":"dyed_color","fallback":{"type":"model","model":"hplus:skyblock/armor/berserker/berserker_boots_dyed","tints":[{"type":"minecraft:dye","default":-6265536}]},"cases":[{"when":16765991,"model":{"type":"model","model":"hplus:skyblock/armor/berserker/berserker_boots"}}]},"on_false":{"type":"condition","property":"component","predicate":"custom_data","value":{"id":"BIOHAZARD_BOOTS"},"on_true":{"type":"select","property":"component","component":"dyed_color","fallback":{"type":"model","model":"hplus:skyblock/armor/biohazard/biohazard_boots_dyed","tints":[{"type":"minecraft:dye","default":-6265536}]},"cases":[{"when":16755712,"model":{"type":"model","model":"hplus:skyblock/armor/biohazard/biohazard_boots"}}]},"on_false":{"type":"condition","property":"component","predicate":"custom_data","value":{"id":"BLAZE_BOOTS"},"on_true":{"type":"select","property":"component","component":"dyed_color","fallback":{"type":"model","model":"hplus:skyblock/armor/blaze/blaze_boots_dyed","tints":[{"type":"minecraft:dye","default":-6265536}]},"cases":[{"when":16243251,"model":{"type":"model","model":"hplus:skyblock/armor/blaze/blaze_boots"}}]},"on_false":{"type":"condition","property":"component","predicate":"custom_data","value":{"id":"BOUNCY_BOOTS"},"on_true":{"type":"select","property":"component","component":"dyed_color","fallback":{"type":"model","model":"hplus:skyblock/armor/bouncy/bouncy_boots_dyed","tints":[{"type":"minecraft:dye","default":-6265536}]},"cases":[{"when":11403055,"model":{"type":"model","model":"hplus:skyblock/armor/bouncy/bouncy_boots"}}]},"on_false":{"type":"condition","property":"component","predicate":"custom_data","value":{"id":"BRONZE_HUNTER_BOOTS"},"on_true":{"type":"condition","property":"has_component","component":"dyed_color","on_true":{"type":"model","model":"hplus:skyblock/armor/hunter/bronze/bronze_hunter_boots_dyed","tints":[{"type":"minecraft:dye","default":-6265536}]},"on_false":{"type":"model","model":"hplus:skyblock/armor/hunter/bronze/bronze_hunter_boots"}},"on_false":{"type":"condition","property":"component","predicate":"custom_data","value":{"id":"BURNING_AURORA_BOOTS"},"on_true":{"type":"select","property":"component","component":"dyed_color","fallback":{"type":"model","model":"hplus:skyblock/armor/aurora/burning/burning_aurora_boots_dyed","tints":[{"type":"minecraft:dye","default":-6265536}]},"cases":[{"when":6391036,"model":{"type":"model","model":"hplus:skyblock/armor/aurora/burning/burning_aurora_boots"}}]},"on_false":{"type":"condition","property":"component","predicate":"custom_data","value":{"id":"BURNING_CRIMSON_BOOTS"},"on_true":{"type":"select","property":"component","component":"dyed_color","fallback":{"type":"model","model":"hplus:skyblock/armor/crimson/burning/burning_crimson_boots_dyed","tints":[{"type":"minecraft:dye","default":-6265536}]},"cases":[{"when":15094528,"model":{"type":"model","model":"hplus:skyblock/armor/crimson/burning/burning_crimson_boots"}}]},"on_false":{"type":"condition","property":"component","predicate":"custom_data","value":{"id":"BURNING_FERVOR_BOOTS"},"on_true":{"type":"select","property":"component","component":"dyed_color","fallback":{"type":"model","model":"hplus:skyblock/armor/fervor/burning/burning_fervor_boots_dyed","tints":[{"type":"minecraft:dye","default":-6265536}]},"cases":[{"when":501364,"model":{"type":"model","model":"hplus:skyblock/armor/fervor/burning/burning_fervor_boots"}}]},"on_false":{"type":"condition","property":"component","predicate":"custom_data","value":{"id":"BURNING_HOLLOW_BOOTS"},"on_true":{"type":"select","property":"component","component":"dyed_color","fallback":{"type":"model","model":"hplus:skyblock/armor/hollow/burning/burning_hollow_boots_dyed","tints":[{"type":"minecraft:dye","default":-6265536}]},"cases":[{"when":14942202,"model":{"type":"model","model":"hplus:skyblock/armor/hollow/burning/burning_hollow_boots"}}]},"on_false":{"type":"condition","property":"component","predicate":"custom_data","value":{"id":"BURNING_TERROR_BOOTS"},"on_true":{"type":"select","property":"component","component":"dyed_color","fallback":{"type":"model","model":"hplus:skyblock/armor/terror/burning/burning_terror_boots_dyed","tints":[{"type":"minecraft:dye","default":-6265536}]},"cases":[{"when":8144108,"model":{"type":"model","model":"hplus:skyblock/armor/terror/burning/burning_terror_boots"}}]},"on_false":{"type":"condition","property":"component","predicate":"custom_data","value":{"id":"CACTUS_BOOTS"},"on_true":{"type":"select","property":"component","component":"dyed_color","fallback":{"type":"model","model":"hplus:skyblock/armor/cactus/cactus_boots_dyed","tints":[{"type":"minecraft:dye","default":-6265536}]},"cases":[{"when":65280,"model":{"type":"model","model":"hplus:skyblock/armor/cactus/cactus_boots"}}]},"on_false":{"type":"condition","property":"component","predicate":"custom_data","value":{"id":"CELESTE_BOOTS"},"on_true":{"type":"select","property":"component","component":"dyed_color","fallback":{"type":"model","model":"hplus:skyblock/armor/celeste/celeste_boots_dyed","tints":[{"type":"minecraft:dye","default":-6265536}]},"cases":[{"when":16748214,"model":{"type":"model","model":"hplus:skyblock/armor/celeste/celeste_boots"}}]},"on_false":{"type":"condition","property":"component","predicate":"custom_data","value":{"id":"CHEAP_TUXEDO_BOOTS"},"on_true":{"type":"select","property":"component","component":"dyed_color","fallback":{"type":"model","model":"hplus:skyblock/armor/tuxedo/cheap/cheap_tuxedo_boots_dyed","tints":[{"type":"minecraft:dye","default":-6265536}]},"cases":[{"when":3684408,"model":{"type":"model","model":"hplus:skyblock/armor/tuxedo/cheap/cheap_tuxedo_boots"}}]},"on_false":{"type":"condition","property":"component","predicate":"custom_data","value":{"id":"CRIMSON_BOOTS"},"on_true":{"type":"select","property":"component","component":"dyed_color","fallback":{"type":"model","model":"hplus:skyblock/armor/crimson/crimson/crimson_boots_dyed","tints":[{"type":"minecraft:dye","default":-6265536}]},"cases":[{"when":15094528,"model":{"type":"model","model":"hplus:skyblock/armor/crimson/crimson/crimson_boots"}}]},"on_false":{"type":"condition","property":"component","predicate":"custom_data","value":{"id":"CROPIE_BOOTS"},"on_true":{"type":"select","property":"component","component":"dyed_color","fallback":{"type":"model","model":"hplus:skyblock/armor/cropie/cropie_boots_dyed","tints":[{"type":"minecraft:dye","default":-6265536}]},"cases":[{"when":12281141,"model":{"type":"model","model":"hplus:skyblock/armor/cropie/cropie_boots"}}]},"on_false":{"type":"condition","property":"component","predicate":"custom_data","value":{"id":"CRYPT_WITHERLORD_BOOTS"},"on_true":{"type":"select","property":"component","component":"dyed_color","fallback":{"type":"model","model":"hplus:skyblock/armor/crypt_witherlord/crypt_witherlord_boots_dyed","tints":[{"type":"minecraft:dye","default":-6265536}]},"cases":[{"when":4522241,"model":{"type":"model","model":"hplus:skyblock/armor/crypt_witherlord/crypt_witherlord_boots"}}]},"on_false":{"type":"condition","property":"component","predicate":"custom_data","value":{"id":"CRYSTAL_BOOTS"},"on_true":{"type":"model","model":"hplus:skyblock/armor/crystal/crystal_boots","tints":[{"type":"minecraft:dye","default":-6265536}]},"on_false":{"type":"condition","property":"component","predicate":"custom_data","value":{"id":"ELEANOR_SLIPPERS"},"on_true":{"type":"select","property":"component","component":"dyed_color","fallback":{"type":"model","model":"hplus:skyblock/armor/eleanor/eleanor_slippers_dyed","tints":[{"type":"minecraft:dye","default":-6265536}]},"cases":[{"when":16766720,"model":{"type":"model","model":"hplus:skyblock/armor/eleanor/eleanor_slippers"}}]},"on_false":{"type":"condition","property":"component","predicate":"custom_data","value":{"id":"ELEGANT_TUXEDO_BOOTS"},"on_true":{"type":"select","property":"component","component":"dyed_color","fallback":{"type":"model","model":"hplus:skyblock/armor/tuxedo/elegant/elegant_tuxedo_boots_dyed","tints":[{"type":"minecraft:dye","default":-6265536}]},"cases":[{"when":1644825,"model":{"type":"model","model":"hplus:skyblock/armor/tuxedo/elegant/elegant_tuxedo_boots"}}]},"on_false":{"type":"condition","property":"component","predicate":"custom_data","value":{"id":"EMERALD_ARMOR_BOOTS"},"on_true":{"type":"select","property":"component","component":"dyed_color","fallback":{"type":"model","model":"hplus:skyblock/armor/emerald_armor/emerald_armor_boots_dyed","tints":[{"type":"minecraft:dye","default":-6265536}]},"cases":[{"when":65280,"model":{"type":"model","model":"hplus:skyblock/armor/emerald_armor/emerald_armor_boots"}}]},"on_false":{"type":"condition","property":"component","predicate":"custom_data","value":{"id":"EMPEROR_SHOES"},"on_true":{"type":"model","model":"hplus:skyblock/armor/mobs/emperor/emperor_shoes"},"on_false":{"type":"condition","property":"component","predicate":"custom_data","value":{"id":"EXCEEDINGLY_COMFY_SNEAKERS"},"on_true":{"type":"model","model":"hplus:skyblock/armor/rift/exceedingly_comfy_sneakers"},"on_false":{"type":"condition","property":"component","predicate":"custom_data","value":{"id":"FAIRY_BOOTS"},"on_true":{"type":"model","model":"hplus:skyblock/armor/fairy/fairy_boots","tints":[{"type":"minecraft:dye","default":-6265536}]},"on_false":{"type":"condition","property":"component","predicate":"custom_data","value":{"id":"FANCY_TUXEDO_BOOTS"},"on_true":{"type":"select","property":"component","component":"dyed_color","fallback":{"type":"model","model":"hplus:skyblock/armor/tuxedo/fancy/fancy_tuxedo_boots_dyed","tints":[{"type":"minecraft:dye","default":-6265536}]},"cases":[{"when":3353130,"model":{"type":"model","model":"hplus:skyblock/armor/tuxedo/fancy/fancy_tuxedo_boots"}}]},"on_false":{"type":"condition","property":"component","predicate":"custom_data","value":{"id":"FARM_ARMOR_BOOTS"},"on_true":{"type":"select","property":"component","component":"dyed_color","fallback":{"type":"model","model":"hplus:skyblock/armor/farm_armor/farm_armor_boots_dyed","tints":[{"type":"minecraft:dye","default":-6265536}]},"cases":[{"when":16766720,"model":{"type":"model","model":"hplus:skyblock/armor/farm_armor/farm_armor_boots"}}]},"on_false":{"type":"condition","property":"component","predicate":"custom_data","value":{"id":"FARM_SUIT_BOOTS"},"on_true":{"type":"select","property":"component","component":"dyed_color","fallback":{"type":"model","model":"hplus:skyblock/armor/farm_suit/farm_suit_boots_dyed","tints":[{"type":"minecraft:dye","default":-6265536}]},"cases":[{"when":16776960,"model":{"type":"model","model":"hplus:skyblock/armor/farm_suit/farm_suit_boots"}}]},"on_false":{"type":"condition","property":"component","predicate":"custom_data","value":{"id":"FARMER_BOOTS"},"on_true":{"type":"model","model":"hplus:skyblock/armor/misc/farmer_boots","tints":[{"type":"minecraft:dye","default":-6265536}]},"on_false":{"type":"condition","property":"component","predicate":"custom_data","value":{"id":"FERMENTO_BOOTS"},"on_true":{"type":"select","property":"component","component":"dyed_color","fallback":{"type":"model","model":"hplus:skyblock/armor/fermento/fermento_boots_dyed","tints":[{"type":"minecraft:dye","default":-6265536}]},"cases":[{"when":8630331,"model":{"type":"model","model":"hplus:skyblock/armor/fermento/fermento_boots"}}]},"on_false":{"type":"condition","property":"component","predicate":"custom_data","value":{"id":"FERVOR_BOOTS"},"on_true":{"type":"select","property":"component","component":"dyed_color","fallback":{"type":"model","model":"hplus:skyblock/armor/fervor/fervor/fervor_boots_dyed","tints":[{"type":"minecraft:dye","default":-6265536}]},"cases":[{"when":501364,"model":{"type":"model","model":"hplus:skyblock/armor/fervor/fervor/fervor_boots"}}]},"on_false":{"type":"condition","property":"component","predicate":"custom_data","value":{"id":"FIERY_AURORA_BOOTS"},"on_true":{"type":"select","property":"component","component":"dyed_color","fallback":{"type":"model","model":"hplus:skyblock/armor/aurora/fiery/fiery_aurora_boots_dyed","tints":[{"type":"minecraft:dye","default":-6265536}]},"cases":[{"when":6391036,"model":{"type":"model","model":"hplus:skyblock/armor/aurora/fiery/fiery_aurora_boots"}}]},"on_false":{"type":"condition","property":"component","predicate":"custom_data","value":{"id":"FIERY_CRIMSON_BOOTS"},"on_true":{"type":"select","property":"component","component":"dyed_color","fallback":{"type":"model","model":"hplus:skyblock/armor/crimson/fiery/fiery_crimson_boots_dyed","tints":[{"type":"minecraft:dye","default":-6265536}]},"cases":[{"when":15094528,"model":{"type":"model","model":"hplus:skyblock/armor/crimson/fiery/fiery_crimson_boots"}}]},"on_false":{"type":"condition","property":"component","predicate":"custom_data","value":{"id":"FIERY_FERVOR_BOOTS"},"on_true":{"type":"select","property":"component","component":"dyed_color","fallback":{"type":"model","model":"hplus:skyblock/armor/fervor/fiery/fiery_fervor_boots_dyed","tints":[{"type":"minecraft:dye","default":-6265536}]},"cases":[{"when":501364,"model":{"type":"model","model":"hplus:skyblock/armor/fervor/fiery/fiery_fervor_boots"}}]},"on_false":{"type":"condition","property":"component","predicate":"custom_data","value":{"id":"FIERY_HOLLOW_BOOTS"},"on_true":{"type":"select","property":"component","component":"dyed_color","fallback":{"type":"model","model":"hplus:skyblock/armor/hollow/fiery/fiery_hollow_boots_dyed","tints":[{"type":"minecraft:dye","default":-6265536}]},"cases":[{"when":14942202,"model":{"type":"model","model":"hplus:skyblock/armor/hollow/fiery/fiery_hollow_boots"}}]},"on_false":{"type":"condition","property":"component","predicate":"custom_data","value":{"id":"FIERY_TERROR_BOOTS"},"on_true":{"type":"select","property":"component","component":"dyed_color","fallback":{"type":"model","model":"hplus:skyblock/armor/terror/fiery/fiery_terror_boots_dyed","tints":[{"type":"minecraft:dye","default":-6265536}]},"cases":[{"when":8144108,"model":{"type":"model","model":"hplus:skyblock/armor/terror/fiery/fiery_terror_boots"}}]},"on_false":{"type":"condition","property":"component","predicate":"custom_data","value":{"id":"FINAL_DESTINATION_BOOTS"},"on_true":{"type":"select","property":"component","component":"dyed_color","fallback":{"type":"model","model":"hplus:skyblock/armor/final_destination/final_destination_boots_dyed","tints":[{"type":"minecraft:dye","default":-6265536}]},"cases":[{"when":655377,"model":{"type":"model","model":"hplus:skyblock/armor/final_destination/final_destination_boots"}}]},"on_false":{"type":"condition","property":"component","predicate":"custom_data","value":{"id":"FROZEN_BLAZE_BOOTS"},"on_true":{"type":"select","property":"component","component":"dyed_color","fallback":{"type":"model","model":"hplus:skyblock/armor/frozen_blaze/frozen_blaze_boots_dyed","tints":[{"type":"minecraft:dye","default":-6265536}]},"cases":[{"when":10541807,"model":{"type":"model","model":"hplus:skyblock/armor/frozen_blaze/frozen_blaze_boots"}}]},"on_false":{"type":"condition","property":"component","predicate":"custom_data","value":{"id":"GHOST_BOOTS"},"on_true":{"type":"model","model":"hplus:skyblock/armor/misc/ghost_boots","tints":[{"type":"minecraft:dye","default":-6265536}]},"on_false":{"type":"condition","property":"component","predicate":"custom_data","value":{"id":"GLACITE_BOOTS"},"on_true":{"type":"select","property":"component","component":"dyed_color","fallback":{"type":"model","model":"hplus:skyblock/armor/glacite/glacite_boots_dyed","tints":[{"type":"minecraft:dye","default":-6265536}]},"cases":[{"when":261368,"model":{"type":"model","model":"hplus:skyblock/armor/glacite/glacite_boots"}}]},"on_false":{"type":"condition","property":"component","predicate":"custom_data","value":{"id":"GLOSSY_MINERAL_BOOTS"},"on_true":{"type":"select","property":"component","component":"dyed_color","fallback":{"type":"model","model":"hplus:skyblock/armor/glossy_mineral/glossy_mineral_boots_dyed","tints":[{"type":"minecraft:dye","default":-6265536}]},"cases":[{"when":5967278,"model":{"type":"model","model":"hplus:skyblock/armor/glossy_mineral/glossy_mineral_boots"}}]},"on_false":{"type":"condition","property":"component","predicate":"custom_data","value":{"id":"GOBLIN_BOOTS"},"on_true":{"type":"select","property":"component","component":"dyed_color","fallback":{"type":"model","model":"hplus:skyblock/armor/goblin/goblin_boots_dyed","tints":[{"type":"minecraft:dye","default":-6265536}]},"cases":[{"when":3649602,"model":{"type":"model","model":"hplus:skyblock/armor/goblin/goblin_boots"}}]},"on_false":{"type":"condition","property":"component","predicate":"custom_data","value":{"id":"GREAT_SPOOK_BOOTS"},"on_true":{"type":"model","model":"hplus:skyblock/armor/great_spook/great_spook_boots","tints":[{"type":"minecraft:dye","default":-6265536}]},"on_false":{"type":"condition","property":"component","predicate":"custom_data","value":{"id":"GROWTH_BOOTS"},"on_true":{"type":"select","property":"component","component":"dyed_color","fallback":{"type":"model","model":"hplus:skyblock/armor/growth/growth_boots_dyed","tints":[{"type":"minecraft:dye","default":-6265536}]},"cases":[{"when":48640,"model":{"type":"model","model":"hplus:skyblock/armor/growth/growth_boots"}}]},"on_false":{"type":"condition","property":"component","predicate":"custom_data","value":{"id":"GUNTHER_SNEAKERS"},"on_true":{"type":"model","model":"hplus:skyblock/armor/rift/gunther_sneakers"},"on_false":{"type":"condition","property":"component","predicate":"custom_data","value":{"id":"HEAT_BOOTS"},"on_true":{"type":"select","property":"component","component":"dyed_color","fallback":{"type":"model","model":"hplus:skyblock/armor/heat/heat_boots_dyed","tints":[{"type":"minecraft:dye","default":-6265536}]},"cases":[{"when":11776947,"model":{"type":"model","model":"hplus:skyblock/armor/heat/heat_boots"}}]},"on_false":{"type":"condition","property":"component","predicate":"custom_data","value":{"id":"HEAVY_BOOTS"},"on_true":{"type":"select","property":"component","component":"dyed_color","fallback":{"type":"model","model":"hplus:skyblock/armor/heavy/heavy_boots_dyed","tints":[{"type":"minecraft:dye","default":-6265536}]},"cases":[{"when":16777215,"model":{"type":"model","model":"hplus:skyblock/armor/heavy/heavy_boots"}}]},"on_false":{"type":"condition","property":"component","predicate":"custom_data","value":{"id":"HOLLOW_BOOTS"},"on_true":{"type":"select","property":"component","component":"dyed_color","fallback":{"type":"model","model":"hplus:skyblock/armor/hollow/hollow/hollow_boots_dyed","tints":[{"type":"minecraft:dye","default":-6265536}]},"cases":[{"when":14942202,"model":{"type":"model","model":"hplus:skyblock/armor/hollow/hollow/hollow_boots"}}]},"on_false":{"type":"condition","property":"component","predicate":"custom_data","value":{"id":"HOLY_DRAGON_BOOTS"},"on_true":{"type":"select","property":"component","component":"dyed_color","fallback":{"type":"model","model":"hplus:skyblock/armor/holy_dragon/holy_dragon_boots_dyed","tints":[{"type":"minecraft:dye","default":-6265536}]},"cases":[{"when":4706631,"model":{"type":"model","model":"hplus:skyblock/armor/holy_dragon/holy_dragon_boots"}}]},"on_false":{"type":"condition","property":"component","predicate":"custom_data","value":{"id":"HOT_AURORA_BOOTS"},"on_true":{"type":"select","property":"component","component":"dyed_color","fallback":{"type":"model","model":"hplus:skyblock/armor/aurora/hot/hot_aurora_boots_dyed","tints":[{"type":"minecraft:dye","default":-6265536}]},"cases":[{"when":6391036,"model":{"type":"model","model":"hplus:skyblock/armor/aurora/hot/hot_aurora_boots"}}]},"on_false":{"type":"condition","property":"component","predicate":"custom_data","value":{"id":"HOT_CRIMSON_BOOTS"},"on_true":{"type":"select","property":"component","component":"dyed_color","fallback":{"type":"model","model":"hplus:skyblock/armor/crimson/hot/hot_crimson_boots_dyed","tints":[{"type":"minecraft:dye","default":-6265536}]},"cases":[{"when":15094528,"model":{"type":"model","model":"hplus:skyblock/armor/crimson/hot/hot_crimson_boots"}}]},"on_false":{"type":"condition","property":"component","predicate":"custom_data","value":{"id":"HOT_FERVOR_BOOTS"},"on_true":{"type":"select","property":"component","component":"dyed_color","fallback":{"type":"model","model":"hplus:skyblock/armor/fervor/hot/hot_fervor_boots_dyed","tints":[{"type":"minecraft:dye","default":-6265536}]},"cases":[{"when":501364,"model":{"type":"model","model":"hplus:skyblock/armor/fervor/hot/hot_fervor_boots"}}]},"on_false":{"type":"condition","property":"component","predicate":"custom_data","value":{"id":"HOT_HOLLOW_BOOTS"},"on_true":{"type":"select","property":"component","component":"dyed_color","fallback":{"type":"model","model":"hplus:skyblock/armor/hollow/hot/hot_hollow_boots_dyed","tints":[{"type":"minecraft:dye","default":-6265536}]},"cases":[{"when":14942202,"model":{"type":"model","model":"hplus:skyblock/armor/hollow/hot/hot_hollow_boots"}}]},"on_false":{"type":"condition","property":"component","predicate":"custom_data","value":{"id":"HOT_TERROR_BOOTS"},"on_true":{"type":"select","property":"component","component":"dyed_color","fallback":{"type":"model","model":"hplus:skyblock/armor/terror/hot/hot_terror_boots_dyed","tints":[{"type":"minecraft:dye","default":-6265536}]},"cases":[{"when":8144108,"model":{"type":"model","model":"hplus:skyblock/armor/terror/hot/hot_terror_boots"}}]},"on_false":{"type":"condition","property":"component","predicate":"custom_data","value":{"id":"HYDRA1_BOOTS"},"on_true":{"type":"model","model":"hplus:skyblock/armor/mobs/hydra1/hydra1_boots"},"on_false":{"type":"condition","property":"component","predicate":"custom_data","value":{"id":"INFERNAL_AURORA_BOOTS"},"on_true":{"type":"select","property":"component","component":"dyed_color","fallback":{"type":"model","model":"hplus:skyblock/armor/aurora/infernal/infernal_aurora_boots_dyed","tints":[{"type":"minecraft:dye","default":-6265536}]},"cases":[{"when":6391036,"model":{"type":"model","model":"hplus:skyblock/armor/aurora/infernal/infernal_aurora_boots"}}]},"on_false":{"type":"condition","property":"component","predicate":"custom_data","value":{"id":"INFERNAL_CRIMSON_BOOTS"},"on_true":{"type":"select","property":"component","component":"dyed_color","fallback":{"type":"model","model":"hplus:skyblock/armor/crimson/infernal/infernal_crimson_boots_dyed","tints":[{"type":"minecraft:dye","default":-6265536}]},"cases":[{"when":15094528,"model":{"type":"model","model":"hplus:skyblock/armor/crimson/infernal/infernal_crimson_boots"}}]},"on_false":{"type":"condition","property":"component","predicate":"custom_data","value":{"id":"INFERNAL_FERVOR_BOOTS"},"on_true":{"type":"select","property":"component","component":"dyed_color","fallback":{"type":"model","model":"hplus:skyblock/armor/fervor/infernal/infernal_fervor_boots_dyed","tints":[{"type":"minecraft:dye","default":-6265536}]},"cases":[{"when":501364,"model":{"type":"model","model":"hplus:skyblock/armor/fervor/infernal/infernal_fervor_boots"}}]},"on_false":{"type":"condition","property":"component","predicate":"custom_data","value":{"id":"INFERNAL_HOLLOW_BOOTS"},"on_true":{"type":"select","property":"component","component":"dyed_color","fallback":{"type":"model","model":"hplus:skyblock/armor/hollow/infernal/infernal_hollow_boots_dyed","tints":[{"type":"minecraft:dye","default":-6265536}]},"cases":[{"when":14942202,"model":{"type":"model","model":"hplus:skyblock/armor/hollow/infernal/infernal_hollow_boots"}}]},"on_false":{"type":"condition","property":"component","predicate":"custom_data","value":{"id":"INFERNAL_TERROR_BOOTS"},"on_true":{"type":"select","property":"component","component":"dyed_color","fallback":{"type":"model","model":"hplus:skyblock/armor/terror/infernal/infernal_terror_boots_dyed","tints":[{"type":"minecraft:dye","default":-6265536}]},"cases":[{"when":8144108,"model":{"type":"model","model":"hplus:skyblock/armor/terror/infernal/infernal_terror_boots"}}]},"on_false":{"type":"condition","property":"component","predicate":"custom_data","value":{"id":"KUUDRA_FOLLOWER_BOOTS"},"on_true":{"type":"select","property":"component","component":"dyed_color","fallback":{"type":"model","model":"hplus:skyblock/armor/kuudra_follower/kuudra_follower_boots_dyed","tints":[{"type":"minecraft:dye","default":-6265536}]},"cases":[{"when":3494666,"model":{"type":"model","model":"hplus:skyblock/armor/kuudra_follower/kuudra_follower_boots"}}]},"on_false":{"type":"condition","property":"component","predicate":"custom_data","value":{"id":"LAPIS_ARMOR_BOOTS"},"on_true":{"type":"select","property":"component","component":"dyed_color","fallback":{"type":"model","model":"hplus:skyblock/armor/lapis_armor/lapis_armor_boots_dyed","tints":[{"type":"minecraft:dye","default":-6265536}]},"cases":[{"when":255,"model":{"type":"model","model":"hplus:skyblock/armor/lapis_armor/lapis_armor_boots"}}]},"on_false":{"type":"condition","property":"component","predicate":"custom_data","value":{"id":"LEAFLET_BOOTS"},"on_true":{"type":"select","property":"component","component":"dyed_color","fallback":{"type":"model","model":"hplus:skyblock/armor/leaflet/leaflet_boots_dyed","tints":[{"type":"minecraft:dye","default":-6265536}]},"cases":[{"when":5098573,"model":{"type":"model","model":"hplus:skyblock/armor/leaflet/leaflet_boots"}}]},"on_false":{"type":"condition","property":"component","predicate":"custom_data","value":{"id":"MAGMA_LORD_BOOTS"},"on_true":{"type":"select","property":"component","component":"dyed_color","fallback":{"type":"model","model":"hplus:skyblock/armor/magma_lord/magma_lord_boots_dyed","tints":[{"type":"minecraft:dye","default":-6265536}]},"cases":[{"when":7278344,"model":{"type":"model","model":"hplus:skyblock/armor/magma_lord/magma_lord_boots"}}]},"on_false":{"type":"condition","property":"component","predicate":"custom_data","value":{"id":"MELON_BOOTS"},"on_true":{"type":"select","property":"component","component":"dyed_color","fallback":{"type":"model","model":"hplus:skyblock/armor/melon/melon_boots_dyed","tints":[{"type":"minecraft:dye","default":-6265536}]},"cases":[{"when":9018912,"model":{"type":"model","model":"hplus:skyblock/armor/melon/melon_boots"}}]},"on_false":{"type":"condition","property":"component","predicate":"custom_data","value":{"id":"MERCENARY_BOOTS"},"on_true":{"type":"select","property":"component","component":"dyed_color","fallback":{"type":"model","model":"hplus:skyblock/armor/mercenary/mercenary_boots_dyed","tints":[{"type":"minecraft:dye","default":-6265536}]},"cases":[{"when":14744823,"model":{"type":"model","model":"hplus:skyblock/armor/mercenary/mercenary_boots"}}]},"on_false":{"type":"condition","property":"component","predicate":"custom_data","value":{"id":"MINER_OUTFIT_BOOTS"},"on_true":{"type":"select","property":"component","component":"dyed_color","fallback":{"type":"model","model":"hplus:skyblock/armor/miner_outfit/miner_outfit_boots_dyed","tints":[{"type":"minecraft:dye","default":-6265536}]},"cases":[{"when":8026468,"model":{"type":"model","model":"hplus:skyblock/armor/miner_outfit/miner_outfit_boots"}}]},"on_false":{"type":"condition","property":"component","predicate":"custom_data","value":{"id":"MINERAL_BOOTS"},"on_true":{"type":"select","property":"component","component":"dyed_color","fallback":{"type":"model","model":"hplus:skyblock/armor/mineral/mineral_boots_dyed","tints":[{"type":"minecraft:dye","default":-6265536}]},"cases":[{"when":13428223,"model":{"type":"model","model":"hplus:skyblock/armor/mineral/mineral_boots"}}]},"on_false":{"type":"condition","property":"component","predicate":"custom_data","value":{"id":"MUSHROOM_BOOTS"},"on_true":{"type":"select","property":"component","component":"dyed_color","fallback":{"type":"model","model":"hplus:skyblock/armor/mushroom/mushroom_boots_dyed","tints":[{"type":"minecraft:dye","default":-6265536}]},"cases":[{"when":16711680,"model":{"type":"model","model":"hplus:skyblock/armor/mushroom/mushroom_boots"}}]},"on_false":{"type":"condition","property":"component","predicate":"custom_data","value":{"id":"NECROMANCER_LORD_BOOTS"},"on_true":{"type":"select","property":"component","component":"dyed_color","fallback":{"type":"model","model":"hplus:skyblock/armor/necromancer_lord/necromancer_lord_boots_dyed","tints":[{"type":"minecraft:dye","default":-6265536}]},"cases":[{"when":4195154,"model":{"type":"model","model":"hplus:skyblock/armor/necromancer_lord/necromancer_lord_boots"}}]},"on_false":{"type":"condition","property":"component","predicate":"custom_data","value":{"id":"NUTCRACKER_BOOTS"},"on_true":{"type":"select","property":"component","component":"dyed_color","fallback":{"type":"model","model":"hplus:skyblock/armor/nutcracker/nutcracker_boots_dyed","tints":[{"type":"minecraft:dye","default":-6265536}]},"cases":[{"when":4600890,"model":{"type":"model","model":"hplus:skyblock/armor/nutcracker/nutcracker_boots"}}]},"on_false":{"type":"condition","property":"component","predicate":"custom_data","value":{"id":"OLD_DRAGON_BOOTS"},"on_true":{"type":"select","property":"component","component":"dyed_color","fallback":{"type":"model","model":"hplus:skyblock/armor/old_dragon/old_dragon_boots_dyed","tints":[{"type":"minecraft:dye","default":-6265536}]},"cases":[{"when":15787690,"model":{"type":"model","model":"hplus:skyblock/armor/old_dragon/old_dragon_boots"}}]},"on_false":{"type":"condition","property":"component","predicate":"custom_data","value":{"id":"OXFORD_SHOES"},"on_true":{"type":"model","model":"hplus:skyblock/armor/tuxedo/seymour/oxford_shoes","tints":[{"type":"minecraft:dye","default":-6265536}]},"on_false":{"type":"condition","property":"component","predicate":"custom_data","value":{"id":"POWER_WITHER_BOOTS"},"on_true":{"type":"condition","property":"component","predicate":"custom_data","value":{"is_shiny":1},"on_true":{"type":"select","property":"component","component":"dyed_color","fallback":{"type":"model","model":"hplus:skyblock/armor/power_wither/shiny/shiny_power_wither_boots_dyed","tints":[{"type":"minecraft:dye","default":-6265536}]},"cases":[{"when":15167036,"model":{"type":"model","model":"hplus:skyblock/armor/power_wither/shiny/shiny_power_wither_boots"}}]},"on_false":{"type":"select","property":"component","component":"dyed_color","fallback":{"type":"model","model":"hplus:skyblock/armor/power_wither/power_wither_boots_dyed","tints":[{"type":"minecraft:dye","default":-6265536}]},"cases":[{"when":15167036,"model":{"type":"model","model":"hplus:skyblock/armor/power_wither/power_wither_boots"}}]}},"on_false":{"type":"condition","property":"component","predicate":"custom_data","value":{"id":"PROTECTOR_DRAGON_BOOTS"},"on_true":{"type":"select","property":"component","component":"dyed_color","fallback":{"type":"model","model":"hplus:skyblock/armor/protector_dragon/protector_dragon_boots_dyed","tints":[{"type":"minecraft:dye","default":-6265536}]},"cases":[{"when":10065803,"model":{"type":"model","model":"hplus:skyblock/armor/protector_dragon/protector_dragon_boots"}}]},"on_false":{"type":"condition","property":"component","predicate":"custom_data","value":{"id":"PUMPKIN_BOOTS"},"on_true":{"type":"select","property":"component","component":"dyed_color","fallback":{"type":"model","model":"hplus:skyblock/armor/pumpkin/pumpkin_boots_dyed","tints":[{"type":"minecraft:dye","default":-6265536}]},"cases":[{"when":15575606,"model":{"type":"model","model":"hplus:skyblock/armor/pumpkin/pumpkin_boots"}}]},"on_false":{"type":"condition","property":"component","predicate":"custom_data","value":{"id":"RABBIT_BOOTS"},"on_true":{"type":"select","property":"component","component":"dyed_color","fallback":{"type":"model","model":"hplus:skyblock/armor/rabbit/rabbit_boots_dyed","tints":[{"type":"minecraft:dye","default":-6265536}]},"cases":[{"when":13357787,"model":{"type":"model","model":"hplus:skyblock/armor/rabbit/rabbit_boots"}}]},"on_false":{"type":"condition","property":"component","predicate":"custom_data","value":{"id":"RAMPART_BOOTS"},"on_true":{"type":"select","property":"component","component":"dyed_color","fallback":{"type":"model","model":"hplus:skyblock/armor/rampart/rampart_boots_dyed","tints":[{"type":"minecraft:dye","default":-6265536}]},"cases":[{"when":14626310,"model":{"type":"model","model":"hplus:skyblock/armor/rampart/rampart_boots"}}]},"on_false":{"type":"condition","property":"component","predicate":"custom_data","value":{"id":"RANCHERS_BOOTS"},"on_true":{"type":"model","model":"hplus:skyblock/armor/misc/ranchers_boots","tints":[{"type":"minecraft:dye","default":-6265536}]},"on_false":{"type":"condition","property":"component","predicate":"custom_data","value":{"id":"REAPER_BOOTS"},"on_true":{"type":"select","property":"component","component":"dyed_color","fallback":{"type":"model","model":"hplus:skyblock/armor/reaper/reaper_boots_dyed","tints":[{"type":"minecraft:dye","default":-6265536}]},"cases":[{"when":16711680,"model":{"type":"model","model":"hplus:skyblock/armor/reaper/reaper_boots_rage"}},{"when":1776411,"model":{"type":"model","model":"hplus:skyblock/armor/reaper/reaper_boots"}}]},"on_false":{"type":"condition","property":"component","predicate":"custom_data","value":{"id":"ROTTEN_BOOTS"},"on_true":{"type":"select","property":"component","component":"dyed_color","fallback":{"type":"model","model":"hplus:skyblock/armor/rotten/rotten_boots_dyed","tints":[{"type":"minecraft:dye","default":-6265536}]},"cases":[{"when":10383363,"model":{"type":"model","model":"hplus:skyblock/armor/rotten/rotten_boots"}}]},"on_false":{"type":"condition","property":"component","predicate":"custom_data","value":{"id":"SALMON_BOOTS_NEW"},"on_true":{"type":"select","property":"component","component":"dyed_color","fallback":{"type":"model","model":"hplus:skyblock/armor/salmon/salmon_boots_new_dyed","tints":[{"type":"minecraft:dye","default":-6265536}]},"cases":[{"when":12663823,"model":{"type":"model","model":"hplus:skyblock/armor/salmon/salmon_boots_new"}}]},"on_false":{"type":"condition","property":"component","predicate":"custom_data","value":{"id":"SEA_WALKER_BOOTS"},"on_true":{"type":"model","model":"hplus:skyblock/armor/mobs/sea_walker/sea_walker_boots"},"on_false":{"type":"condition","property":"component","predicate":"custom_data","value":{"id":"SHADOW_ASSASSIN_BOOTS"},"on_true":{"type":"select","property":"component","component":"dyed_color","fallback":{"type":"model","model":"hplus:skyblock/armor/shadow_assassin/shadow_assassin_boots_dyed","tints":[{"type":"minecraft:dye","default":-6265536}]},"cases":[{"when":0,"model":{"type":"model","model":"hplus:skyblock/armor/shadow_assassin/shadow_assassin_boots"}}]},"on_false":{"type":"condition","property":"component","predicate":"custom_data","value":{"id":"SHARK_SCALE_BOOTS"},"on_true":{"type":"select","property":"component","component":"dyed_color","fallback":{"type":"model","model":"hplus:skyblock/armor/shark_scale/shark_scale_boots_dyed","tints":[{"type":"minecraft:dye","default":-6265536}]},"cases":[{"when":11430,"model":{"type":"model","model":"hplus:skyblock/armor/shark_scale/shark_scale_boots"}}]},"on_false":{"type":"condition","property":"component","predicate":"custom_data","value":{"id":"SHIMMERING_LIGHT_SLIPPERS"},"on_true":{"type":"select","property":"component","component":"dyed_color","fallback":{"type":"model","model":"hplus:skyblock/armor/shimmering_light/shimmering_light_slippers_dyed","tints":[{"type":"minecraft:dye","default":-6265536}]},"cases":[{"when":459547,"model":{"type":"model","model":"hplus:skyblock/armor/shimmering_light/shimmering_light_slippers"}}]},"on_false":{"type":"condition","property":"component","predicate":"custom_data","value":{"id":"SKELETON_GRUNT_BOOTS"},"on_true":{"type":"select","property":"component","component":"dyed_color","fallback":{"type":"model","model":"hplus:skyblock/armor/skeleton_grunt/skeleton_grunt_boots_dyed","tints":[{"type":"minecraft:dye","default":-6265536}]},"cases":[{"when":14805812,"model":{"type":"model","model":"hplus:skyblock/armor/skeleton_grunt/skeleton_grunt_boots"}}]},"on_false":{"type":"condition","property":"component","predicate":"custom_data","value":{"id":"SKELETON_LORD_BOOTS"},"on_true":{"type":"select","property":"component","component":"dyed_color","fallback":{"type":"model","model":"hplus:skyblock/armor/skeleton_lord/skeleton_lord_boots_dyed","tints":[{"type":"minecraft:dye","default":-6265536}]},"cases":[{"when":2523397,"model":{"type":"model","model":"hplus:skyblock/armor/skeleton_lord/skeleton_lord_boots"}}]},"on_false":{"type":"condition","property":"component","predicate":"custom_data","value":{"id":"SKELETON_MASTER_BOOTS"},"on_true":{"type":"select","property":"component","component":"dyed_color","fallback":{"type":"model","model":"hplus:skyblock/armor/skeleton_master/skeleton_master_boots_dyed","tints":[{"type":"minecraft:dye","default":-6265536}]},"cases":[{"when":16739083,"model":{"type":"model","model":"hplus:skyblock/armor/skeleton_master/skeleton_master_boots"}}]},"on_false":{"type":"condition","property":"component","predicate":"custom_data","value":{"id":"SKELETON_SOLDIER_BOOTS"},"on_true":{"type":"select","property":"component","component":"dyed_color","fallback":{"type":"model","model":"hplus:skyblock/armor/skeleton_soldier/skeleton_soldier_boots_dyed","tints":[{"type":"minecraft:dye","default":-6265536}]},"cases":[{"when":16759819,"model":{"type":"model","model":"hplus:skyblock/armor/skeleton_soldier/skeleton_soldier_boots"}}]},"on_false":{"type":"condition","property":"component","predicate":"custom_data","value":{"id":"SLUG_BOOTS"},"on_true":{"type":"select","property":"component","component":"dyed_color","fallback":{"type":"model","model":"hplus:skyblock/armor/lava_sea_creature/slug_boots_dyed","tints":[{"type":"minecraft:dye","default":-6265536}]},"cases":[{"when":2580756,"model":{"type":"model","model":"hplus:skyblock/armor/lava_sea_creature/slug_boots"}}]},"on_false":{"type":"condition","property":"component","predicate":"custom_data","value":{"id":"SNAKE_IN_A_BOOT"},"on_true":{"type":"model","model":"hplus:skyblock/armor/rift/snake_in_a_boot"},"on_false":{"type":"condition","property":"component","predicate":"custom_data","value":{"id":"SNOW_SUIT_BOOTS"},"on_true":{"type":"select","property":"component","component":"dyed_color","fallback":{"type":"model","model":"hplus:skyblock/armor/snow_suit/snow_suit_boots_dyed","tints":[{"type":"minecraft:dye","default":-6265536}]},"cases":[{"when":16777215,"model":{"type":"model","model":"hplus:skyblock/armor/snow_suit/snow_suit_boots"}}]},"on_false":{"type":"condition","property":"component","predicate":"custom_data","value":{"id":"SPEED_WITHER_BOOTS"},"on_true":{"type":"condition","property":"component","predicate":"custom_data","value":{"is_shiny":1},"on_true":{"type":"select","property":"component","component":"dyed_color","fallback":{"type":"model","model":"hplus:skyblock/armor/speed_wither/shiny/shiny_speed_wither_boots_dyed","tints":[{"type":"minecraft:dye","default":-6265536}]},"cases":[{"when":9005512,"model":{"type":"model","model":"hplus:skyblock/armor/speed_wither/shiny/shiny_speed_wither_boots"}}]},"on_false":{"type":"select","property":"component","component":"dyed_color","fallback":{"type":"model","model":"hplus:skyblock/armor/speed_wither/speed_wither_boots_dyed","tints":[{"type":"minecraft:dye","default":-6265536}]},"cases":[{"when":9005512,"model":{"type":"model","model":"hplus:skyblock/armor/speed_wither/speed_wither_boots"}}]}},"on_false":{"type":"condition","property":"component","predicate":"custom_data","value":{"id":"SPEEDSTER_BOOTS"},"on_true":{"type":"select","property":"component","component":"dyed_color","fallback":{"type":"model","model":"hplus:skyblock/armor/speedster/speedster_boots_dyed","tints":[{"type":"minecraft:dye","default":-6265536}]},"cases":[{"when":14744823,"model":{"type":"model","model":"hplus:skyblock/armor/speedster/speedster_boots"}}]},"on_false":{"type":"condition","property":"component","predicate":"custom_data","value":{"id":"SPONGE_BOOTS"},"on_true":{"type":"select","property":"component","component":"dyed_color","fallback":{"type":"model","model":"hplus:skyblock/armor/sponge/sponge_boots_dyed","tints":[{"type":"minecraft:dye","default":-6265536}]},"cases":[{"when":16768081,"model":{"type":"model","model":"hplus:skyblock/armor/sponge/sponge_boots"}}]},"on_false":{"type":"condition","property":"component","predicate":"custom_data","value":{"id":"SPOOKY_BOOTS"},"on_true":{"type":"select","property":"component","component":"dyed_color","fallback":{"type":"model","model":"hplus:skyblock/armor/spooky/spooky_boots_dyed","tints":[{"type":"minecraft:dye","default":-6265536}]},"cases":[{"when":6316128,"model":{"type":"model","model":"hplus:skyblock/armor/spooky/spooky_boots"}}]},"on_false":{"type":"condition","property":"component","predicate":"custom_data","value":{"id":"SQUASH_BOOTS"},"on_true":{"type":"select","property":"component","component":"dyed_color","fallback":{"type":"model","model":"hplus:skyblock/armor/squash/squash_boots_dyed","tints":[{"type":"minecraft:dye","default":-6265536}]},"cases":[{"when":1267230,"model":{"type":"model","model":"hplus:skyblock/armor/squash/squash_boots"}}]},"on_false":{"type":"condition","property":"component","predicate":"custom_data","value":{"id":"SQUID_BOOTS"},"on_true":{"type":"select","property":"component","component":"dyed_color","fallback":{"type":"model","model":"hplus:skyblock/armor/misc/squid_boots_dyed","tints":[{"type":"minecraft:dye","default":-6265536}]},"cases":[{"when":0,"model":{"type":"model","model":"hplus:skyblock/armor/misc/squid_boots"}}]},"on_false":{"type":"condition","property":"component","predicate":"custom_data","value":{"id":"SQUIRE_BOOTS"},"on_true":{"type":"select","property":"component","component":"dyed_color","fallback":{"type":"model","model":"hplus:skyblock/armor/squire/squire_boots_dyed","tints":[{"type":"minecraft:dye","default":-6265536}]},"cases":[{"when":5526612,"model":{"type":"model","model":"hplus:skyblock/armor/squire/squire_boots"}}]},"on_false":{"type":"condition","property":"component","predicate":"custom_data","value":{"id":"STARLIGHT_BOOTS"},"on_true":{"type":"select","property":"component","component":"dyed_color","fallback":{"type":"model","model":"hplus:skyblock/armor/starlight/starlight_boots_dyed","tints":[{"type":"minecraft:dye","default":-6265536}]},"cases":[{"when":13893887,"model":{"type":"model","model":"hplus:skyblock/armor/starlight/starlight_boots"}}]},"on_false":{"type":"condition","property":"component","predicate":"custom_data","value":{"id":"STARRED_ADAPTIVE_BOOTS"},"on_true":{"type":"select","property":"component","component":"dyed_color","fallback":{"type":"model","model":"hplus:skyblock/armor/adaptive/adaptive_boots_dyed","tints":[{"type":"minecraft:dye","default":-6265536}]},"cases":[{"when":1482583,"model":{"type":"model","model":"hplus:skyblock/armor/adaptive/adaptive_boots_archer"}},{"when":12255232,"model":{"type":"model","model":"hplus:skyblock/armor/adaptive/adaptive_boots_berserker"}},{"when":16775142,"model":{"type":"model","model":"hplus:skyblock/armor/adaptive/adaptive_boots_healer"}},{"when":7209120,"model":{"type":"model","model":"hplus:skyblock/armor/adaptive/adaptive_boots_mage"}},{"when":2799013,"model":{"type":"model","model":"hplus:skyblock/armor/adaptive/adaptive_boots_tank"}},{"when":12565682,"model":{"type":"model","model":"hplus:skyblock/armor/adaptive/starred_adaptive_boots"}}]},"on_false":{"type":"condition","property":"component","predicate":"custom_data","value":{"id":"STARRED_SHADOW_ASSASSIN_BOOTS"},"on_true":{"type":"select","property":"component","component":"dyed_color","fallback":{"type":"model","model":"hplus:skyblock/armor/shadow_assassin/starred_shadow_assassin_boots_dyed","tints":[{"type":"minecraft:dye","default":-6265536}]},"cases":[{"when":0,"model":{"type":"model","model":"hplus:skyblock/armor/shadow_assassin/starred_shadow_assassin_boots"}}]},"on_false":{"type":"condition","property":"component","predicate":"custom_data","value":{"id":"STARRED_THORNS_BOOTS"},"on_true":{"type":"select","property":"component","component":"dyed_color","fallback":{"type":"model","model":"hplus:skyblock/armor/misc/starred_thorns_boots_dyed","tints":[{"type":"minecraft:dye","default":-6265536}]},"cases":[{"when":12566463,"model":{"type":"model","model":"hplus:skyblock/armor/misc/starred_thorns_boots"}}]},"on_false":{"type":"condition","property":"component","predicate":"custom_data","value":{"id":"STRONG_DRAGON_BOOTS"},"on_true":{"type":"select","property":"component","component":"dyed_color","fallback":{"type":"model","model":"hplus:skyblock/armor/strong_dragon/strong_dragon_boots_dyed","tints":[{"type":"minecraft:dye","default":-6265536}]},"cases":[{"when":15782180,"model":{"type":"model","model":"hplus:skyblock/armor/strong_dragon/strong_dragon_boots"}}]},"on_false":{"type":"condition","property":"component","predicate":"custom_data","value":{"id":"SUPER_HEAVY_BOOTS"},"on_true":{"type":"select","property":"component","component":"dyed_color","fallback":{"type":"model","model":"hplus:skyblock/armor/super_heavy/super_heavy_boots_dyed","tints":[{"type":"minecraft:dye","default":-6265536}]},"cases":[{"when":15132390,"model":{"type":"model","model":"hplus:skyblock/armor/super_heavy/super_heavy_boots"}}]},"on_false":{"type":"condition","property":"component","predicate":"custom_data","value":{"id":"SUPERIOR_DRAGON_BOOTS"},"on_true":{"type":"select","property":"component","component":"dyed_color","fallback":{"type":"model","model":"hplus:skyblock/armor/superior_dragon/superior_dragon_boots_dyed","tints":[{"type":"minecraft:dye","default":-6265536}]},"cases":[{"when":15883544,"model":{"type":"model","model":"hplus:skyblock/armor/superior_dragon/superior_dragon_boots"}}]},"on_false":{"type":"condition","property":"component","predicate":"custom_data","value":{"id":"TANK_WITHER_BOOTS"},"on_true":{"type":"condition","property":"component","predicate":"custom_data","value":{"is_shiny":1},"on_true":{"type":"select","property":"component","component":"dyed_color","fallback":{"type":"model","model":"hplus:skyblock/armor/tank_wither/shiny/shiny_tank_wither_boots_dyed","tints":[{"type":"minecraft:dye","default":-6265536}]},"cases":[{"when":8946558,"model":{"type":"model","model":"hplus:skyblock/armor/tank_wither/shiny/shiny_tank_wither_boots"}}]},"on_false":{"type":"select","property":"component","component":"dyed_color","fallback":{"type":"model","model":"hplus:skyblock/armor/tank_wither/tank_wither_boots_dyed","tints":[{"type":"minecraft:dye","default":-6265536}]},"cases":[{"when":8946558,"model":{"type":"model","model":"hplus:skyblock/armor/tank_wither/tank_wither_boots"}}]}},"on_false":{"type":"condition","property":"component","predicate":"custom_data","value":{"id":"TARANTULA_BOOTS"},"on_true":{"type":"select","property":"component","component":"dyed_color","fallback":{"type":"model","model":"hplus:skyblock/armor/tarantula/tarantula_boots_dyed","tints":[{"type":"minecraft:dye","default":-6265536}]},"cases":[{"when":0,"model":{"type":"model","model":"hplus:skyblock/armor/tarantula/tarantula_boots"}}]},"on_false":{"type":"condition","property":"component","predicate":"custom_data","value":{"id":"TERROR_BOOTS"},"on_true":{"type":"select","property":"component","component":"dyed_color","fallback":{"type":"model","model":"hplus:skyblock/armor/terror/terror/terror_boots_dyed","tints":[{"type":"minecraft:dye","default":-6265536}]},"cases":[{"when":8144108,"model":{"type":"model","model":"hplus:skyblock/armor/terror/terror/terror_boots"}}]},"on_false":{"type":"condition","property":"component","predicate":"custom_data","value":{"id":"THORNS_BOOTS"},"on_true":{"type":"select","property":"component","component":"dyed_color","fallback":{"type":"model","model":"hplus:skyblock/armor/misc/thorns_boots_dyed","tints":[{"type":"minecraft:dye","default":-6265536}]},"cases":[{"when":12566463,"model":{"type":"model","model":"hplus:skyblock/armor/misc/thorns_boots"}}]},"on_false":{"type":"condition","property":"component","predicate":"custom_data","value":{"id":"THUNDER_BOOTS"},"on_true":{"type":"select","property":"component","component":"dyed_color","fallback":{"type":"model","model":"hplus:skyblock/armor/thunder/thunder_boots_dyed","tints":[{"type":"minecraft:dye","default":-6265536}]},"cases":[{"when":2416101,"model":{"type":"model","model":"hplus:skyblock/armor/thunder/thunder_boots"}}]},"on_false":{"type":"condition","property":"component","predicate":"custom_data","value":{"id":"UGLY_BOOTS"},"on_true":{"type":"model","model":"hplus:skyblock/armor/rift/wizardman/ugly_boots"},"on_false":{"type":"condition","property":"component","predicate":"custom_data","value":{"id":"UNSTABLE_DRAGON_BOOTS"},"on_true":{"type":"select","property":"component","component":"dyed_color","fallback":{"type":"model","model":"hplus:skyblock/armor/unstable_dragon/unstable_dragon_boots_dyed","tints":[{"type":"minecraft:dye","default":-6265536}]},"cases":[{"when":11670243,"model":{"type":"model","model":"hplus:skyblock/armor/unstable_dragon/unstable_dragon_boots"}}]},"on_false":{"type":"condition","property":"component","predicate":"custom_data","value":{"id":"VANGUARD_BOOTS"},"on_true":{"type":"select","property":"component","component":"dyed_color","fallback":{"type":"model","model":"hplus:skyblock/armor/vanguard/vanguard_boots_dyed","tints":[{"type":"minecraft:dye","default":-6265536}]},"cases":[{"when":3508479,"model":{"type":"model","model":"hplus:skyblock/armor/vanguard/vanguard_boots"}}]},"on_false":{"type":"condition","property":"component","predicate":"custom_data","value":{"id":"WATCHER_BOOTS"},"on_true":{"type":"model","model":"hplus:skyblock/armor/mobs/watcher/watcher_boots"},"on_false":{"type":"condition","property":"component","predicate":"custom_data","value":{"id":"WEREWOLF_BOOTS"},"on_true":{"type":"select","property":"component","component":"dyed_color","fallback":{"type":"model","model":"hplus:skyblock/armor/werewolf/werewolf_boots_dyed","tints":[{"type":"minecraft:dye","default":-6265536}]},"cases":[{"when":1904901,"model":{"type":"model","model":"hplus:skyblock/armor/werewolf/werewolf_boots"}}]},"on_false":{"type":"condition","property":"component","predicate":"custom_data","value":{"id":"WISE_DRAGON_BOOTS"},"on_true":{"type":"select","property":"component","component":"dyed_color","fallback":{"type":"model","model":"hplus:skyblock/armor/wise_dragon/wise_dragon_boots_dyed","tints":[{"type":"minecraft:dye","default":-6265536}]},"cases":[{"when":2748649,"model":{"type":"model","model":"hplus:skyblock/armor/wise_dragon/wise_dragon_boots"}}]},"on_false":{"type":"condition","property":"component","predicate":"custom_data","value":{"id":"WISE_WITHER_BOOTS"},"on_true":{"type":"condition","property":"component","predicate":"custom_data","value":{"is_shiny":1},"on_true":{"type":"select","property":"component","component":"dyed_color","fallback":{"type":"model","model":"hplus:skyblock/armor/wise_wither/shiny/shiny_wise_wither_boots_dyed","tints":[{"type":"minecraft:dye","default":-6265536}]},"cases":[{"when":1889508,"model":{"type":"model","model":"hplus:skyblock/armor/wise_wither/shiny/shiny_wise_wither_boots"}}]},"on_false":{"type":"select","property":"component","component":"dyed_color","fallback":{"type":"model","model":"hplus:skyblock/armor/wise_wither/wise_wither_boots_dyed","tints":[{"type":"minecraft:dye","default":-6265536}]},"cases":[{"when":1889508,"model":{"type":"model","model":"hplus:skyblock/armor/wise_wither/wise_wither_boots"}}]}},"on_false":{"type":"condition","property":"component","predicate":"custom_data","value":{"id":"WITHER_BOOTS"},"on_true":{"type":"condition","property":"component","predicate":"custom_data","value":{"is_shiny":1},"on_true":{"type":"select","property":"component","component":"dyed_color","fallback":{"type":"model","model":"hplus:skyblock/armor/wither/shiny/shiny_wither_boots_dyed","tints":[{"type":"minecraft:dye","default":-6265536}]},"cases":[{"when":0,"model":{"type":"model","model":"hplus:skyblock/armor/wither/shiny/shiny_wither_boots"}}]},"on_false":{"type":"select","property":"component","component":"dyed_color","fallback":{"type":"model","model":"hplus:skyblock/armor/wither/wither_boots_dyed","tints":[{"type":"minecraft:dye","default":-6265536}]},"cases":[{"when":0,"model":{"type":"model","model":"hplus:skyblock/armor/wither/wither_boots"}}]}},"on_false":{"type":"condition","property":"component","predicate":"custom_data","value":{"id":"WYLD_BOOTS"},"on_true":{"type":"model","model":"hplus:skyblock/armor/rift/wyld/wyld_boots"},"on_false":{"type":"condition","property":"component","predicate":"custom_data","value":{"id":"YOUNG_DRAGON_BOOTS"},"on_true":{"type":"select","property":"component","component":"dyed_color","fallback":{"type":"model","model":"hplus:skyblock/armor/young_dragon/young_dragon_boots_dyed","tints":[{"type":"minecraft:dye","default":-6265536}]},"cases":[{"when":14542064,"model":{"type":"model","model":"hplus:skyblock/armor/young_dragon/young_dragon_boots"}}]},"on_false":{"type":"condition","property":"component","predicate":"custom_data","value":{"id":"ZOMBIE_COMMANDER_BOOTS"},"on_true":{"type":"select","property":"component","component":"dyed_color","fallback":{"type":"model","model":"hplus:skyblock/armor/zombie_commander/zombie_commander_boots_dyed","tints":[{"type":"minecraft:dye","default":-6265536}]},"cases":[{"when":13963824,"model":{"type":"model","model":"hplus:skyblock/armor/zombie_commander/zombie_commander_boots"}}]},"on_false":{"type":"condition","property":"component","predicate":"custom_data","value":{"id":"ZOMBIE_LORD_BOOTS"},"on_true":{"type":"select","property":"component","component":"dyed_color","fallback":{"type":"model","model":"hplus:skyblock/armor/zombie_lord/zombie_lord_boots_dyed","tints":[{"type":"minecraft:dye","default":-6265536}]},"cases":[{"when":10158529,"model":{"type":"model","model":"hplus:skyblock/armor/zombie_lord/zombie_lord_boots"}}]},"on_false":{"type":"condition","property":"component","predicate":"custom_data","value":{"id":"ZOMBIE_SOLDIER_BOOTS"},"on_true":{"type":"select","property":"component","component":"dyed_color","fallback":{"type":"model","model":"hplus:skyblock/armor/zombie_soldier/zombie_soldier_boots_dyed","tints":[{"type":"minecraft:dye","default":-6265536}]},"cases":[{"when":13664000,"model":{"type":"model","model":"hplus:skyblock/armor/zombie_soldier/zombie_soldier_boots"}}]},"HPLUS":"ARMOR_DYED","on_false":{"type":"condition","property":"component","predicate":"custom_data","value":{"id":"BIG_SPRING_BOOTS"},"on_true":{"type":"model","model":"hplus:skyblock/armor/misc/big_spring_boots_dyed","tints":[{"type":"minecraft:dye","default":-6265536}]},"on_false":{"type":"condition","property":"component","predicate":"custom_data","value":{"id":"BIGGER_SPRING_BOOTS"},"on_true":{"type":"model","model":"hplus:skyblock/armor/misc/bigger_spring_boots_dyed","tints":[{"type":"minecraft:dye","default":-6265536}]},"on_false":{"type":"condition","property":"component","predicate":"custom_data","value":{"id":"BOOTS_OF_THE_PACK"},"on_true":{"type":"model","model":"hplus:skyblock/armor/of_the_pack/boots_of_the_pack_dyed","tints":[{"type":"minecraft:dye","default":-6265536}]},"on_false":{"type":"condition","property":"component","predicate":"custom_data","value":{"id":"DIAMOND_HUNTER_BOOTS"},"on_true":{"type":"model","model":"hplus:skyblock/armor/hunter/diamond/diamond_hunter_boots_dyed","tints":[{"type":"minecraft:dye","default":-6265536}]},"on_false":{"type":"condition","property":"component","predicate":"custom_data","value":{"id":"DIVAN_BOOTS"},"on_true":{"type":"model","model":"hplus:skyblock/armor/divan/divan_boots_dyed","tints":[{"type":"minecraft:dye","default":-6265536}]},"on_false":{"type":"condition","property":"component","predicate":"custom_data","value":{"id":"DIVER_BOOTS"},"on_true":{"type":"model","model":"hplus:skyblock/armor/diver/diver_boots_dyed","tints":[{"type":"minecraft:dye","default":-6265536}]},"on_false":{"type":"condition","property":"component","predicate":"custom_data","value":{"id":"EMBER_BOOTS"},"on_true":{"type":"model","model":"hplus:skyblock/armor/ember/ember_boots_dyed","tints":[{"type":"minecraft:dye","default":-6265536}]},"on_false":{"type":"condition","property":"component","predicate":"custom_data","value":{"id":"END_BOOTS"},"on_true":{"type":"model","model":"hplus:skyblock/armor/end/end_boots_dyed","tints":[{"type":"minecraft:dye","default":-6265536}]},"on_false":{"type":"condition","property":"component","predicate":"custom_data","value":{"id":"FLAME_BREAKER_BOOTS"},"on_true":{"type":"model","model":"hplus:skyblock/armor/flame_breaker/flame_breaker_boots_dyed","tints":[{"type":"minecraft:dye","default":-6265536}]},"on_false":{"type":"condition","property":"component","predicate":"custom_data","value":{"id":"FLAMEBREAKER_BOOTS"},"on_true":{"type":"model","model":"hplus:skyblock/armor/flamebreaker/flamebreaker_boots_dyed","tints":[{"type":"minecraft:dye","default":-6265536}]},"on_false":{"type":"condition","property":"component","predicate":"custom_data","value":{"id":"GOLD_HUNTER_BOOTS"},"on_true":{"type":"model","model":"hplus:skyblock/armor/hunter/gold/gold_hunter_boots_dyed","tints":[{"type":"minecraft:dye","default":-6265536}]},"on_false":{"type":"condition","property":"component","predicate":"custom_data","value":{"id":"GOLEM_ARMOR_BOOTS"},"on_true":{"type":"model","model":"hplus:skyblock/armor/golem_armor/golem_armor_boots_dyed","tints":[{"type":"minecraft:dye","default":-6265536}]},"on_false":{"type":"condition","property":"component","predicate":"custom_data","value":{"id":"HARDENED_DIAMOND_BOOTS"},"on_true":{"type":"model","model":"hplus:skyblock/armor/hardened_diamond/hardened_diamond_boots_dyed","tints":[{"type":"minecraft:dye","default":-6265536}]},"on_false":{"type":"condition","property":"component","predicate":"custom_data","value":{"id":"MASTIFF_BOOTS"},"on_true":{"type":"model","model":"hplus:skyblock/armor/mastiff/mastiff_boots_dyed","tints":[{"type":"minecraft:dye","default":-6265536}]},"on_false":{"type":"condition","property":"component","predicate":"custom_data","value":{"id":"PERFECT_BOOTS_1"},"on_true":{"type":"model","model":"hplus:skyblock/armor/perfect/perfect_1/perfect_boots_1_dyed","tints":[{"type":"minecraft:dye","default":-6265536}]},"on_false":{"type":"condition","property":"component","predicate":"custom_data","value":{"id":"PERFECT_BOOTS_10"},"on_true":{"type":"model","model":"hplus:skyblock/armor/perfect/perfect_10/perfect_boots_10_dyed","tints":[{"type":"minecraft:dye","default":-6265536}]},"on_false":{"type":"condition","property":"component","predicate":"custom_data","value":{"id":"PERFECT_BOOTS_11"},"on_true":{"type":"model","model":"hplus:skyblock/armor/perfect/perfect_11/perfect_boots_11_dyed","tints":[{"type":"minecraft:dye","default":-6265536}]},"on_false":{"type":"condition","property":"component","predicate":"custom_data","value":{"id":"PERFECT_BOOTS_12"},"on_true":{"type":"model","model":"hplus:skyblock/armor/perfect/perfect_12/perfect_boots_12_dyed","tints":[{"type":"minecraft:dye","default":-6265536}]},"on_false":{"type":"condition","property":"component","predicate":"custom_data","value":{"id":"PERFECT_BOOTS_13"},"on_true":{"type":"model","model":"hplus:skyblock/armor/perfect/perfect_13/perfect_boots_13_dyed","tints":[{"type":"minecraft:dye","default":-6265536}]},"on_false":{"type":"condition","property":"component","predicate":"custom_data","value":{"id":"PERFECT_BOOTS_2"},"on_true":{"type":"model","model":"hplus:skyblock/armor/perfect/perfect_2/perfect_boots_2_dyed","tints":[{"type":"minecraft:dye","default":-6265536}]},"on_false":{"type":"condition","property":"component","predicate":"custom_data","value":{"id":"PERFECT_BOOTS_3"},"on_true":{"type":"model","model":"hplus:skyblock/armor/perfect/perfect_3/perfect_boots_3_dyed","tints":[{"type":"minecraft:dye","default":-6265536}]},"on_false":{"type":"condition","property":"component","predicate":"custom_data","value":{"id":"PERFECT_BOOTS_4"},"on_true":{"type":"model","model":"hplus:skyblock/armor/perfect/perfect_4/perfect_boots_4_dyed","tints":[{"type":"minecraft:dye","default":-6265536}]},"on_false":{"type":"condition","property":"component","predicate":"custom_data","value":{"id":"PERFECT_BOOTS_5"},"on_true":{"type":"model","model":"hplus:skyblock/armor/perfect/perfect_5/perfect_boots_5_dyed","tints":[{"type":"minecraft:dye","default":-6265536}]},"on_false":{"type":"condition","property":"component","predicate":"custom_data","value":{"id":"PERFECT_BOOTS_6"},"on_true":{"type":"model","model":"hplus:skyblock/armor/perfect/perfect_6/perfect_boots_6_dyed","tints":[{"type":"minecraft:dye","default":-6265536}]},"on_false":{"type":"condition","property":"component","predicate":"custom_data","value":{"id":"PERFECT_BOOTS_7"},"on_true":{"type":"model","model":"hplus:skyblock/armor/perfect/perfect_7/perfect_boots_7_dyed","tints":[{"type":"minecraft:dye","default":-6265536}]},"on_false":{"type":"condition","property":"component","predicate":"custom_data","value":{"id":"PERFECT_BOOTS_8"},"on_true":{"type":"model","model":"hplus:skyblock/armor/perfect/perfect_8/perfect_boots_8_dyed","tints":[{"type":"minecraft:dye","default":-6265536}]},"on_false":{"type":"condition","property":"component","predicate":"custom_data","value":{"id":"PERFECT_BOOTS_9"},"on_true":{"type":"model","model":"hplus:skyblock/armor/perfect/perfect_9/perfect_boots_9_dyed","tints":[{"type":"minecraft:dye","default":-6265536}]},"on_false":{"type":"condition","property":"component","predicate":"custom_data","value":{"id":"PRIMAL_DRAGON_BOOTS"},"on_true":{"type":"model","model":"hplus:skyblock/armor/primal_dragon/primal_dragon_boots_dyed","tints":[{"type":"minecraft:dye","default":-6265536}]},"on_false":{"type":"condition","property":"component","predicate":"custom_data","value":{"id":"REKINDLED_EMBER_BOOTS"},"on_true":{"type":"model","model":"hplus:skyblock/armor/rekindled_ember/rekindled_ember_boots_dyed","tints":[{"type":"minecraft:dye","default":-6265536}]},"on_false":{"type":"condition","property":"component","predicate":"custom_data","value":{"id":"REVENANT_BOOTS"},"on_true":{"type":"model","model":"hplus:skyblock/armor/revenant/revenant_boots_dyed","tints":[{"type":"minecraft:dye","default":-6265536}]},"on_false":{"type":"condition","property":"component","predicate":"custom_data","value":{"id":"ROSETTA_BOOTS"},"on_true":{"type":"model","model":"hplus:skyblock/armor/rosetta/rosetta_boots_dyed","tints":[{"type":"minecraft:dye","default":-6265536}]},"on_false":{"type":"condition","property":"component","predicate":"custom_data","value":{"id":"SILVER_HUNTER_BOOTS"},"on_true":{"type":"model","model":"hplus:skyblock/armor/hunter/silver/silver_hunter_boots_dyed","tints":[{"type":"minecraft:dye","default":-6265536}]},"on_false":{"type":"condition","property":"component","predicate":"custom_data","value":{"id":"SKELETOR_BOOTS"},"on_true":{"type":"model","model":"hplus:skyblock/armor/skeletor/skeletor_boots_dyed","tints":[{"type":"minecraft:dye","default":-6265536}]},"on_false":{"type":"condition","property":"component","predicate":"custom_data","value":{"id":"SORROW_BOOTS"},"on_true":{"type":"model","model":"hplus:skyblock/armor/sorrow/sorrow_boots_dyed","tints":[{"type":"minecraft:dye","default":-6265536}]},"on_false":{"type":"condition","property":"component","predicate":"custom_data","value":{"id":"SPIDER_BOOTS"},"on_true":{"type":"model","model":"hplus:skyblock/armor/monster_hunter/spider_boots_dyed","tints":[{"type":"minecraft:dye","default":-6265536}]},"on_false":{"type":"condition","property":"component","predicate":"custom_data","value":{"id":"SPRING_BOOTS"},"on_true":{"type":"model","model":"hplus:skyblock/armor/misc/spring_boots_dyed","tints":[{"type":"minecraft:dye","default":-6265536}]},"on_false":{"type":"condition","property":"component","predicate":"custom_data","value":{"id":"STAR_BOOTS"},"on_true":{"type":"model","model":"hplus:skyblock/armor/admin/star_boots_dyed","tints":[{"type":"minecraft:dye","default":-6265536}]},"on_false":{"type":"condition","property":"component","predicate":"custom_data","value":{"id":"TANK_MINER_BOOTS"},"on_true":{"type":"model","model":"hplus:skyblock/armor/tank_miner/tank_miner_boots_dyed","tints":[{"type":"minecraft:dye","default":-6265536}]},"on_false":{"type":"condition","property":"component","predicate":"custom_data","value":{"id":"TITAN_BOOTS"},"on_true":{"type":"model","model":"hplus:skyblock/armor/admin/titan_boots_dyed","tints":[{"type":"minecraft:dye","default":-6265536}]},"on_false":{"type":"condition","property":"component","predicate":"custom_data","value":{"id":"ZOMBIE_BOOTS"},"on_true":{"type":"model","model":"hplus:skyblock/armor/zombie/zombie_boots_dyed","tints":[{"type":"minecraft:dye","default":-6265536}]},"on_false":{"type":"condition","property":"component","predicate":"custom_data","value":{"id":"ZOMBIE_KNIGHT_BOOTS"},"on_true":{"type":"model","model":"hplus:skyblock/armor/zombie_knight/zombie_knight_boots_dyed","tints":[{"type":"minecraft:dye","default":-6265536}]},"HPLUS":"BEDWARS","on_false":{"type":"condition","property":"component","predicate":"custom_data","value":{"slime_boots":1},"on_true":{"type":"model","model":"hplus:skyblock/armor/bouncy/bouncy_boots"},"on_false":{"type":"condition","property":"component","predicate":"custom_data","value":{"squid_boots":1},"on_true":{"type":"model","model":"hplus:skyblock/armor/misc/squid_boots"},"on_false":{"type":"minecraft:select","cases":[{"model":{"type":"minecraft:model","model":"minecraft:item/leather_boots_quartz_trim","tints":[{"type":"minecraft:dye","default":-6265536}]},"when":"minecraft:quartz"},{"model":{"type":"minecraft:model","model":"minecraft:item/leather_boots_iron_trim","tints":[{"type":"minecraft:dye","default":-6265536}]},"when":"minecraft:iron"},{"model":{"type":"minecraft:model","model":"minecraft:item/leather_boots_netherite_trim","tints":[{"type":"minecraft:dye","default":-6265536}]},"when":"minecraft:netherite"},{"model":{"type":"minecraft:model","model":"minecraft:item/leather_boots_redstone_trim","tints":[{"type":"minecraft:dye","default":-6265536}]},"when":"minecraft:redstone"},{"model":{"type":"minecraft:model","model":"minecraft:item/leather_boots_copper_trim","tints":[{"type":"minecraft:dye","default":-6265536}]},"when":"minecraft:copper"},{"model":{"type":"minecraft:model","model":"minecraft:item/leather_boots_gold_trim","tints":[{"type":"minecraft:dye","default":-6265536}]},"when":"minecraft:gold"},{"model":{"type":"minecraft:model","model":"minecraft:item/leather_boots_emerald_trim","tints":[{"type":"minecraft:dye","default":-6265536}]},"when":"minecraft:emerald"},{"model":{"type":"minecraft:model","model":"minecraft:item/leather_boots_diamond_trim","tints":[{"type":"minecraft:dye","default":-6265536}]},"when":"minecraft:diamond"},{"model":{"type":"minecraft:model","model":"minecraft:item/leather_boots_lapis_trim","tints":[{"type":"minecraft:dye","default":-6265536}]},"when":"minecraft:lapis"},{"model":{"type":"minecraft:model","model":"minecraft:item/leather_boots_amethyst_trim","tints":[{"type":"minecraft:dye","default":-6265536}]},"when":"minecraft:amethyst"},{"model":{"type":"minecraft:model","model":"minecraft:item/leather_boots_resin_trim","tints":[{"type":"minecraft:dye","default":-6265536}]},"when":"minecraft:resin"}],"fallback":{"type":"minecraft:model","model":"minecraft:item/leather_boots","tints":[{"type":"minecraft:dye","default":-6265536}]},"property":"minecraft:trim_material"}}}}}}}}}}}}}}}}}}}}}}}}}}}}}}}}}}}}}}}}}}}}}}}}}}}}}}}}}}}}}}}}}}}}}}}}}}}}}}}}}}}}}}}}}}}}}}}}}}}}}}}}}}}}}}}}}}}}}}}}}}}}}}}}}}}}}}}}}}}}}}}}}}}}}}}}}}}}}}}}}}}}}}}}}}}}}}}}}