{"HPLUS":"ARMOR","model":{"on_false":{"on_false":{"on_false":{"on_false":{"on_false":{"on_false":{"on_false":{"on_false":{"on_false":{"on_false":{"on_false":{"on_false":{"on_false":{"on_false":{"on_false":{"on_false":{"on_false":{"on_false":{"on_false":{"on_false":{"on_false":{"on_false":{"on_false":{"on_false":{"on_false":{"on_false":{"on_false":{"on_false":{"on_false":{"on_false":{"on_false":{"on_false":{"on_false":{"HPLUS":"ARMOR_DYED","on_false":{"on_false":{"on_false":{"on_false":{"on_false":{"on_false":{"on_false":{"on_false":{"on_false":{"on_false":{"on_false":{"on_false":{"on_false":{"on_false":{"on_false":{"on_false":{"on_false":{"on_false":{"on_false":{"on_false":{"on_false":{"on_false":{"on_false":{"on_false":{"on_false":{"on_false":{"on_false":{"on_false":{"on_false":{"on_false":{"on_false":{"on_false":{"on_false":{"on_false":{"HPLUS":"BEDWARS","on_false":{"on_false":{"on_false":{"cases":[{"model":{"model":"minecraft:item/leather_helmet_quartz_trim","tints":[{"default":-6265536,"type":"minecraft:dye"}],"type":"minecraft:model"},"when":"minecraft:quartz"},{"model":{"model":"minecraft:item/leather_helmet_iron_trim","tints":[{"default":-6265536,"type":"minecraft:dye"}],"type":"minecraft:model"},"when":"minecraft:iron"},{"model":{"model":"minecraft:item/leather_helmet_netherite_trim","tints":[{"default":-6265536,"type":"minecraft:dye"}],"type":"minecraft:model"},"when":"minecraft:netherite"},{"model":{"model":"minecraft:item/leather_helmet_redstone_trim","tints":[{"default":-6265536,"type":"minecraft:dye"}],"type":"minecraft:model"},"when":"minecraft:redstone"},{"model":{"model":"minecraft:item/leather_helmet_copper_trim","tints":[{"default":-6265536,"type":"minecraft:dye"}],"type":"minecraft:model"},"when":"minecraft:copper"},{"model":{"model":"minecraft:item/leather_helmet_gold_trim","tints":[{"default":-6265536,"type":"minecraft:dye"}],"type":"minecraft:model"},"when":"minecraft:gold"},{"model":{"model":"minecraft:item/leather_helmet_emerald_trim","tints":[{"default":-6265536,"type":"minecraft:dye"}],"type":"minecraft:model"},"when":"minecraft:emerald"},{"model":{"model":"minecraft:item/leather_helmet_diamond_trim","tints":[{"default":-6265536,"type":"minecraft:dye"}],"type":"minecraft:model"},"when":"minecraft:diamond"},{"model":{"model":"minecraft:item/leather_helmet_lapis_trim","tints":[{"default":-6265536,"type":"minecraft:dye"}],"type":"minecraft:model"},"when":"minecraft:lapis"},{"model":{"model":"minecraft:item/leather_helmet_amethyst_trim","tints":[{"default":-6265536,"type":"minecraft:dye"}],"type":"minecraft:model"},"when":"minecraft:amethyst"},{"model":{"model":"minecraft:item/leather_helmet_resin_trim","tints":[{"default":-6265536,"type":"minecraft:dye"}],"type":"minecraft:model"},"when":"minecraft:resin"}],"fallback":{"model":"minecraft:item/leather_helmet","tints":[{"default":-6265536,"type":"minecraft:dye"}],"type":"minecraft:model"},"property":"minecraft:trim_material","type":"minecraft:select"},"on_true":{"model":"hplus:bedwars/lucky_blocks/disco_helmet","type":"model"},"predicate":"custom_data","property":"component","type":"condition","value":{"disco_helmet":1}},"on_true":{"model":"hplus:skyblock/armor/armor_of_yog/armor_of_yog_helmet","type":"model"},"predicate":"custom_data","property":"component","type":"condition","value":{"hot_head":1}},"on_true":{"model":"hplus:skyblock/armor/zombie_lord/zombie_lord_helmet_dyed","tints":[{"default":-6265536,"type":"minecraft:dye"}],"type":"model"},"predicate":"custom_data","property":"component","type":"condition","value":{"id":"ZOMBIE_LORD_HELMET"}},"on_true":{"model":"hplus:skyblock/armor/zombie_knight/zombie_knight_helmet_dyed","tints":[{"default":-6265536,"type":"minecraft:dye"}],"type":"model"},"predicate":"custom_data","property":"component","type":"condition","value":{"id":"ZOMBIE_KNIGHT_HELMET"}},"on_true":{"model":"hplus:skyblock/armor/tank_miner/tank_miner_helmet_dyed","tints":[{"default":-6265536,"type":"minecraft:dye"}],"type":"model"},"predicate":"custom_data","property":"component","type":"condition","value":{"id":"TANK_MINER_HELMET"}},"on_true":{"model":"hplus:skyblock/armor/starlight/starlight_helmet_dyed","tints":[{"default":-6265536,"type":"minecraft:dye"}],"type":"model"},"predicate":"custom_data","property":"component","type":"condition","value":{"id":"STARLIGHT_HELMET"}},"on_true":{"model":"hplus:skyblock/armor/admin/star_helmet_dyed","tints":[{"default":-6265536,"type":"minecraft:dye"}],"type":"model"},"predicate":"custom_data","property":"component","type":"condition","value":{"id":"STAR_HELMET"}},"on_true":{"model":"hplus:skyblock/armor/squire/squire_helmet_dyed","tints":[{"default":-6265536,"type":"minecraft:dye"}],"type":"model"},"predicate":"custom_data","property":"component","type":"condition","value":{"id":"SQUIRE_HELMET"}},"on_true":{"model":"hplus:skyblock/armor/sorrow/sorrow_helmet_dyed","tints":[{"default":-6265536,"type":"minecraft:dye"}],"type":"model"},"predicate":"custom_data","property":"component","type":"condition","value":{"id":"SORROW_HELMET"}},"on_true":{"model":"hplus:skyblock/armor/skeleton_lord/skeleton_lord_helmet_dyed","tints":[{"default":-6265536,"type":"minecraft:dye"}],"type":"model"},"predicate":"custom_data","property":"component","type":"condition","value":{"id":"SKELETON_LORD_HELMET"}},"on_true":{"model":"hplus:skyblock/armor/monster_hunter/skeleton_helmet_dyed","tints":[{"default":-6265536,"type":"minecraft:dye"}],"type":"model"},"predicate":"custom_data","property":"component","type":"condition","value":{"id":"SKELETON_HELMET"}},"on_true":{"model":"hplus:skyblock/armor/hunter/silver/silver_hunter_helmet_dyed","tints":[{"default":-6265536,"type":"minecraft:dye"}],"type":"model"},"predicate":"custom_data","property":"component","type":"condition","value":{"id":"SILVER_HUNTER_HELMET"}},"on_true":{"model":"hplus:skyblock/armor/rosetta/rosetta_helmet_dyed","tints":[{"default":-6265536,"type":"minecraft:dye"}],"type":"model"},"predicate":"custom_data","property":"component","type":"condition","value":{"id":"ROSETTA_HELMET"}},"on_true":{"model":"hplus:skyblock/armor/misc/potato_crown_dyed","tints":[{"default":-6265536,"type":"minecraft:dye"}],"type":"model"},"predicate":"custom_data","property":"component","type":"condition","value":{"id":"POTATO_CROWN"}},"on_true":{"model":"hplus:skyblock/armor/perfect/perfect_9/perfect_helmet_9_dyed","tints":[{"default":-6265536,"type":"minecraft:dye"}],"type":"model"},"predicate":"custom_data","property":"component","type":"condition","value":{"id":"PERFECT_HELMET_9"}},"on_true":{"model":"hplus:skyblock/armor/perfect/perfect_8/perfect_helmet_8_dyed","tints":[{"default":-6265536,"type":"minecraft:dye"}],"type":"model"},"predicate":"custom_data","property":"component","type":"condition","value":{"id":"PERFECT_HELMET_8"}},"on_true":{"model":"hplus:skyblock/armor/perfect/perfect_7/perfect_helmet_7_dyed","tints":[{"default":-6265536,"type":"minecraft:dye"}],"type":"model"},"predicate":"custom_data","property":"component","type":"condition","value":{"id":"PERFECT_HELMET_7"}},"on_true":{"model":"hplus:skyblock/armor/perfect/perfect_6/perfect_helmet_6_dyed","tints":[{"default":-6265536,"type":"minecraft:dye"}],"type":"model"},"predicate":"custom_data","property":"component","type":"condition","value":{"id":"PERFECT_HELMET_6"}},"on_true":{"model":"hplus:skyblock/armor/perfect/perfect_5/perfect_helmet_5_dyed","tints":[{"default":-6265536,"type":"minecraft:dye"}],"type":"model"},"predicate":"custom_data","property":"component","type":"condition","value":{"id":"PERFECT_HELMET_5"}},"on_true":{"model":"hplus:skyblock/armor/perfect/perfect_4/perfect_helmet_4_dyed","tints":[{"default":-6265536,"type":"minecraft:dye"}],"type":"model"},"predicate":"custom_data","property":"component","type":"condition","value":{"id":"PERFECT_HELMET_4"}},"on_true":{"model":"hplus:skyblock/armor/perfect/perfect_3/perfect_helmet_3_dyed","tints":[{"default":-6265536,"type":"minecraft:dye"}],"type":"model"},"predicate":"custom_data","property":"component","type":"condition","value":{"id":"PERFECT_HELMET_3"}},"on_true":{"model":"hplus:skyblock/armor/perfect/perfect_2/perfect_helmet_2_dyed","tints":[{"default":-6265536,"type":"minecraft:dye"}],"type":"model"},"predicate":"custom_data","property":"component","type":"condition","value":{"id":"PERFECT_HELMET_2"}},"on_true":{"model":"hplus:skyblock/armor/perfect/perfect_13/perfect_helmet_13_dyed","tints":[{"default":-6265536,"type":"minecraft:dye"}],"type":"model"},"predicate":"custom_data","property":"component","type":"condition","value":{"id":"PERFECT_HELMET_13"}},"on_true":{"model":"hplus:skyblock/armor/perfect/perfect_12/perfect_helmet_12_dyed","tints":[{"default":-6265536,"type":"minecraft:dye"}],"type":"model"},"predicate":"custom_data","property":"component","type":"condition","value":{"id":"PERFECT_HELMET_12"}},"on_true":{"model":"hplus:skyblock/armor/perfect/perfect_11/perfect_helmet_11_dyed","tints":[{"default":-6265536,"type":"minecraft:dye"}],"type":"model"},"predicate":"custom_data","property":"component","type":"condition","value":{"id":"PERFECT_HELMET_11"}},"on_true":{"model":"hplus:skyblock/armor/perfect/perfect_10/perfect_helmet_10_dyed","tints":[{"default":-6265536,"type":"minecraft:dye"}],"type":"model"},"predicate":"custom_data","property":"component","type":"condition","value":{"id":"PERFECT_HELMET_10"}},"on_true":{"model":"hplus:skyblock/armor/perfect/perfect_1/perfect_helmet_1_dyed","tints":[{"default":-6265536,"type":"minecraft:dye"}],"type":"model"},"predicate":"custom_data","property":"component","type":"condition","value":{"id":"PERFECT_HELMET_1"}},"on_true":{"model":"hplus:skyblock/armor/mercenary/mercenary_helmet_dyed","tints":[{"default":-6265536,"type":"minecraft:dye"}],"type":"model"},"predicate":"custom_data","property":"component","type":"condition","value":{"id":"MERCENARY_HELMET"}},"on_true":{"model":"hplus:skyblock/armor/hardened_diamond/hardened_diamond_helmet_dyed","tints":[{"default":-6265536,"type":"minecraft:dye"}],"type":"model"},"predicate":"custom_data","property":"component","type":"condition","value":{"id":"HARDENED_DIAMOND_HELMET"}},"on_true":{"model":"hplus:skyblock/armor/golem_armor/golem_armor_helmet_dyed","tints":[{"default":-6265536,"type":"minecraft:dye"}],"type":"model"},"predicate":"custom_data","property":"component","type":"condition","value":{"id":"GOLEM_ARMOR_HELMET"}},"on_true":{"model":"hplus:skyblock/armor/hunter/gold/gold_hunter_helmet_dyed","tints":[{"default":-6265536,"type":"minecraft:dye"}],"type":"model"},"predicate":"custom_data","property":"component","type":"condition","value":{"id":"GOLD_HUNTER_HELMET"}},"on_true":{"model":"hplus:skyblock/armor/flamebreaker/flamebreaker_helmet_dyed","tints":[{"default":-6265536,"type":"minecraft:dye"}],"type":"model"},"predicate":"custom_data","property":"component","type":"condition","value":{"id":"FLAMEBREAKER_HELMET"}},"on_true":{"model":"hplus:skyblock/armor/flame_breaker/flame_breaker_helmet_dyed","tints":[{"default":-6265536,"type":"minecraft:dye"}],"type":"model"},"predicate":"custom_data","property":"component","type":"condition","value":{"id":"FLAME_BREAKER_HELMET"}},"on_true":{"model":"hplus:skyblock/armor/hunter/diamond/diamond_hunter_helmet_dyed","tints":[{"default":-6265536,"type":"minecraft:dye"}],"type":"model"},"predicate":"custom_data","property":"component","type":"condition","value":{"id":"DIAMOND_HUNTER_HELMET"}},"on_true":{"model":"hplus:skyblock/armor/misc/crown_of_greed_dyed","tints":[{"default":-6265536,"type":"minecraft:dye"}],"type":"model"},"predicate":"custom_data","property":"component","type":"condition","value":{"id":"CROWN_OF_GREED"}},"on_true":{"model":"hplus:skyblock/armor/angler/angler_helmet_dyed","tints":[{"default":-6265536,"type":"minecraft:dye"}],"type":"model"},"predicate":"custom_data","property":"component","type":"condition","value":{"id":"ANGLER_HELMET"}},"on_true":{"cases":[{"model":{"model":"hplus:skyblock/armor/zombie_soldier/zombie_soldier_helmet","type":"model"},"when":13664000}],"component":"dyed_color","fallback":{"model":"hplus:skyblock/armor/zombie_soldier/zombie_soldier_helmet_dyed","tints":[{"default":-6265536,"type":"minecraft:dye"}],"type":"model"},"property":"component","type":"select"},"predicate":"custom_data","property":"component","type":"condition","value":{"id":"ZOMBIE_SOLDIER_HELMET"}},"on_true":{"cases":[{"model":{"model":"hplus:skyblock/armor/zombie_commander/zombie_commander_helmet","type":"model"},"when":13963824}],"component":"dyed_color","fallback":{"model":"hplus:skyblock/armor/zombie_commander/zombie_commander_helmet_dyed","tints":[{"default":-6265536,"type":"minecraft:dye"}],"type":"model"},"property":"component","type":"select"},"predicate":"custom_data","property":"component","type":"condition","value":{"id":"ZOMBIE_COMMANDER_HELMET"}},"on_true":{"model":"hplus:skyblock/armor/tuxedo/seymour/velvet_top_hat","tints":[{"default":-6265536,"type":"minecraft:dye"}],"type":"model"},"predicate":"custom_data","property":"component","type":"condition","value":{"id":"VELVET_TOP_HAT"}},"on_true":{"cases":[{"model":{"model":"hplus:skyblock/armor/tarantula/tarantula_helmet","type":"model"},"when":0}],"component":"dyed_color","fallback":{"model":"hplus:skyblock/armor/tarantula/tarantula_helmet_dyed","tints":[{"default":-6265536,"type":"minecraft:dye"}],"type":"model"},"property":"component","type":"select"},"predicate":"custom_data","property":"component","type":"condition","value":{"id":"TARANTULA_HELMET"}},"on_true":{"cases":[{"model":{"model":"hplus:skyblock/armor/super_heavy/super_heavy_helmet","type":"model"},"when":15132390}],"component":"dyed_color","fallback":{"model":"hplus:skyblock/armor/super_heavy/super_heavy_helmet_dyed","tints":[{"default":-6265536,"type":"minecraft:dye"}],"type":"model"},"property":"component","type":"select"},"predicate":"custom_data","property":"component","type":"condition","value":{"id":"SUPER_HEAVY_HELMET"}},"on_true":{"cases":[{"model":{"model":"hplus:skyblock/armor/speedster/speedster_helmet","type":"model"},"when":14744823}],"component":"dyed_color","fallback":{"model":"hplus:skyblock/armor/speedster/speedster_helmet_dyed","tints":[{"default":-6265536,"type":"minecraft:dye"}],"type":"model"},"property":"component","type":"select"},"predicate":"custom_data","property":"component","type":"condition","value":{"id":"SPEEDSTER_HELMET"}},"on_true":{"cases":[{"model":{"model":"hplus:skyblock/armor/skeleton_soldier/skeleton_soldier_helmet","type":"model"},"when":16759819}],"component":"dyed_color","fallback":{"model":"hplus:skyblock/armor/skeleton_soldier/skeleton_soldier_helmet_dyed","tints":[{"default":-6265536,"type":"minecraft:dye"}],"type":"model"},"property":"component","type":"select"},"predicate":"custom_data","property":"component","type":"condition","value":{"id":"SKELETON_SOLDIER_HELMET"}},"on_true":{"cases":[{"model":{"model":"hplus:skyblock/armor/skeleton_master/skeleton_master_helmet","type":"model"},"when":16739083}],"component":"dyed_color","fallback":{"model":"hplus:skyblock/armor/skeleton_master/skeleton_master_helmet_dyed","tints":[{"default":-6265536,"type":"minecraft:dye"}],"type":"model"},"property":"component","type":"select"},"predicate":"custom_data","property":"component","type":"condition","value":{"id":"SKELETON_MASTER_HELMET"}},"on_true":{"cases":[{"model":{"model":"hplus:skyblock/armor/skeleton_grunt/skeleton_grunt_helmet","type":"model"},"when":14805812}],"component":"dyed_color","fallback":{"model":"hplus:skyblock/armor/skeleton_grunt/skeleton_grunt_helmet_dyed","tints":[{"default":-6265536,"type":"minecraft:dye"}],"type":"model"},"property":"component","type":"select"},"predicate":"custom_data","property":"component","type":"condition","value":{"id":"SKELETON_GRUNT_HELMET"}},"on_true":{"cases":[{"model":{"model":"hplus:skyblock/armor/salmon/salmon_helmet_new","type":"model"},"when":12663823}],"component":"dyed_color","fallback":{"model":"hplus:skyblock/armor/salmon/salmon_helmet_new_dyed","tints":[{"default":-6265536,"type":"minecraft:dye"}],"type":"model"},"property":"component","type":"select"},"predicate":"custom_data","property":"component","type":"condition","value":{"id":"SALMON_HELMET_NEW"}},"on_true":{"cases":[{"model":{"model":"hplus:skyblock/armor/rotten/rotten_helmet","type":"model"},"when":10383363}],"component":"dyed_color","fallback":{"model":"hplus:skyblock/armor/rotten/rotten_helmet_dyed","tints":[{"default":-6265536,"type":"minecraft:dye"}],"type":"model"},"property":"component","type":"select"},"predicate":"custom_data","property":"component","type":"condition","value":{"id":"ROTTEN_HELMET"}},"on_true":{"cases":[{"model":{"model":"hplus:skyblock/armor/rabbit/rabbit_helmet","type":"model"},"when":13357787}],"component":"dyed_color","fallback":{"model":"hplus:skyblock/armor/rabbit/rabbit_helmet_dyed","tints":[{"default":-6265536,"type":"minecraft:dye"}],"type":"model"},"property":"component","type":"select"},"predicate":"custom_data","property":"component","type":"condition","value":{"id":"RABBIT_HELMET"}},"on_true":{"cases":[{"model":{"model":"hplus:skyblock/armor/pumpkin/pumpkin_helmet","type":"model"},"when":15575606}],"component":"dyed_color","fallback":{"model":"hplus:skyblock/armor/pumpkin/pumpkin_helmet_dyed","tints":[{"default":-6265536,"type":"minecraft:dye"}],"type":"model"},"property":"component","type":"select"},"predicate":"custom_data","property":"component","type":"condition","value":{"id":"PUMPKIN_HELMET"}},"on_true":{"cases":[{"model":{"model":"hplus:skyblock/armor/misc/party_hat","type":"model"},"when":65280}],"component":"dyed_color","fallback":{"model":"hplus:skyblock/armor/misc/party_hat_dyed","tints":[{"default":-6265536,"type":"minecraft:dye"}],"type":"model"},"property":"component","type":"select"},"predicate":"custom_data","property":"component","type":"condition","value":{"id":"PARTY_HAT"}},"on_true":{"cases":[{"model":{"model":"hplus:skyblock/armor/mushroom/mushroom_helmet","type":"model"},"when":16711680}],"component":"dyed_color","fallback":{"model":"hplus:skyblock/armor/mushroom/mushroom_helmet_dyed","tints":[{"default":-6265536,"type":"minecraft:dye"}],"type":"model"},"property":"component","type":"select"},"predicate":"custom_data","property":"component","type":"condition","value":{"id":"MUSHROOM_HELMET"}},"on_true":{"cases":[{"model":{"model":"hplus:skyblock/armor/miner_outfit/miner_outfit_helmet","type":"model"},"when":8026468}],"component":"dyed_color","fallback":{"model":"hplus:skyblock/armor/miner_outfit/miner_outfit_helmet_dyed","tints":[{"default":-6265536,"type":"minecraft:dye"}],"type":"model"},"property":"component","type":"select"},"predicate":"custom_data","property":"component","type":"condition","value":{"id":"MINER_OUTFIT_HELMET"}},"on_true":{"cases":[{"model":{"model":"hplus:skyblock/armor/of_the_pack/helmet_of_the_pack","type":"model"},"when":16777215}],"component":"dyed_color","fallback":{"model":"hplus:skyblock/armor/of_the_pack/helmet_of_the_pack_dyed","tints":[{"default":-6265536,"type":"minecraft:dye"}],"type":"model"},"property":"component","type":"select"},"predicate":"custom_data","property":"component","type":"condition","value":{"id":"HELMET_OF_THE_PACK"}},"on_true":{"cases":[{"model":{"model":"hplus:skyblock/armor/heavy/heavy_helmet","type":"model"},"when":16777215}],"component":"dyed_color","fallback":{"model":"hplus:skyblock/armor/heavy/heavy_helmet_dyed","tints":[{"default":-6265536,"type":"minecraft:dye"}],"type":"model"},"property":"component","type":"select"},"predicate":"custom_data","property":"component","type":"condition","value":{"id":"HEAVY_HELMET"}},"on_true":{"cases":[{"model":{"model":"hplus:skyblock/armor/heat/heat_helmet","type":"model"},"when":11776947}],"component":"dyed_color","fallback":{"model":"hplus:skyblock/armor/heat/heat_helmet_dyed","tints":[{"default":-6265536,"type":"minecraft:dye"}],"type":"model"},"property":"component","type":"select"},"predicate":"custom_data","property":"component","type":"condition","value":{"id":"HEAT_HELMET"}},"on_true":{"cases":[{"model":{"model":"hplus:skyblock/armor/growth/growth_helmet","type":"model"},"when":48640}],"component":"dyed_color","fallback":{"model":"hplus:skyblock/armor/growth/growth_helmet_dyed","tints":[{"default":-6265536,"type":"minecraft:dye"}],"type":"model"},"property":"component","type":"select"},"predicate":"custom_data","property":"component","type":"condition","value":{"id":"GROWTH_HELMET"}},"on_true":{"model":"hplus:skyblock/armor/great_spook/great_spook_helmet","tints":[{"default":-6265536,"type":"minecraft:dye"}],"type":"model"},"predicate":"custom_data","property":"component","type":"condition","value":{"id":"GREAT_SPOOK_HELMET"}},"on_true":{"cases":[{"model":{"model":"hplus:skyblock/armor/farm_suit/farm_suit_helmet","type":"model"},"when":16776960}],"component":"dyed_color","fallback":{"model":"hplus:skyblock/armor/farm_suit/farm_suit_helmet_dyed","tints":[{"default":-6265536,"type":"minecraft:dye"}],"type":"model"},"property":"component","type":"select"},"predicate":"custom_data","property":"component","type":"condition","value":{"id":"FARM_SUIT_HELMET"}},"on_true":{"cases":[{"model":{"model":"hplus:skyblock/armor/farm_armor/farm_armor_helmet","type":"model"},"when":16766720}],"component":"dyed_color","fallback":{"model":"hplus:skyblock/armor/farm_armor/farm_armor_helmet_dyed","tints":[{"default":-6265536,"type":"minecraft:dye"}],"type":"model"},"property":"component","type":"select"},"predicate":"custom_data","property":"component","type":"condition","value":{"id":"FARM_ARMOR_HELMET"}},"on_true":{"model":"hplus:skyblock/armor/fairy/fairy_helmet","tints":[{"default":-6265536,"type":"minecraft:dye"}],"type":"model"},"predicate":"custom_data","property":"component","type":"condition","value":{"id":"FAIRY_HELMET"}},"on_true":{"cases":[{"model":{"model":"hplus:skyblock/armor/emerald_armor/emerald_armor_helmet","type":"model"},"when":65280}],"component":"dyed_color","fallback":{"model":"hplus:skyblock/armor/emerald_armor/emerald_armor_helmet_dyed","tints":[{"default":-6265536,"type":"minecraft:dye"}],"type":"model"},"property":"component","type":"select"},"predicate":"custom_data","property":"component","type":"condition","value":{"id":"EMERALD_ARMOR_HELMET"}},"on_true":{"cases":[{"model":{"model":"hplus:skyblock/armor/eleanor/eleanor_cap","type":"model"},"when":16766720}],"component":"dyed_color","fallback":{"model":"hplus:skyblock/armor/eleanor/eleanor_cap_dyed","tints":[{"default":-6265536,"type":"minecraft:dye"}],"type":"model"},"property":"component","type":"select"},"predicate":"custom_data","property":"component","type":"condition","value":{"id":"ELEANOR_CAP"}},"on_true":{"model":"hplus:skyblock/armor/crystal/crystal_helmet","tints":[{"default":-6265536,"type":"minecraft:dye"}],"type":"model"},"predicate":"custom_data","property":"component","type":"condition","value":{"id":"CRYSTAL_HELMET"}},"on_true":{"cases":[{"model":{"model":"hplus:skyblock/armor/crypt_witherlord/crypt_witherlord_helmet","type":"model"},"when":4522241}],"component":"dyed_color","fallback":{"model":"hplus:skyblock/armor/crypt_witherlord/crypt_witherlord_helmet_dyed","tints":[{"default":-6265536,"type":"minecraft:dye"}],"type":"model"},"property":"component","type":"select"},"predicate":"custom_data","property":"component","type":"condition","value":{"id":"CRYPT_WITHERLORD_HELMET"}},"on_true":{"cases":[{"model":{"model":"hplus:skyblock/armor/celeste/celeste_helmet","type":"model"},"when":13930226}],"component":"dyed_color","fallback":{"model":"hplus:skyblock/armor/celeste/celeste_helmet_dyed","tints":[{"default":-6265536,"type":"minecraft:dye"}],"type":"model"},"property":"component","type":"select"},"predicate":"custom_data","property":"component","type":"condition","value":{"id":"CELESTE_HELMET"}},"on_true":{"cases":[{"model":{"model":"hplus:skyblock/armor/cactus/cactus_helmet","type":"model"},"when":65280}],"component":"dyed_color","fallback":{"model":"hplus:skyblock/armor/cactus/cactus_helmet_dyed","tints":[{"default":-6265536,"type":"minecraft:dye"}],"type":"model"},"property":"component","type":"select"},"predicate":"custom_data","property":"component","type":"condition","value":{"id":"CACTUS_HELMET"}},"on_true":{"component":"dyed_color","on_false":{"model":"hplus:skyblock/armor/hunter/bronze/bronze_hunter_helmet","type":"model"},"on_true":{"model":"hplus:skyblock/armor/hunter/bronze/bronze_hunter_helmet_dyed","tints":[{"default":-6265536,"type":"minecraft:dye"}],"type":"model"},"property":"has_component","type":"condition"},"predicate":"custom_data","property":"component","type":"condition","value":{"id":"BRONZE_HUNTER_HELMET"}},"on_true":{"cases":[{"model":{"model":"hplus:skyblock/armor/bouncy/bouncy_helmet","type":"model"},"when":11403055}],"component":"dyed_color","fallback":{"model":"hplus:skyblock/armor/bouncy/bouncy_helmet_dyed","tints":[{"default":-6265536,"type":"minecraft:dye"}],"type":"model"},"property":"component","type":"select"},"predicate":"custom_data","property":"component","type":"condition","value":{"id":"BOUNCY_HELMET"}},"on_true":{"cases":[{"model":{"model":"hplus:skyblock/armor/armor_of_yog/armor_of_yog_helmet","type":"model"},"when":13120000}],"component":"dyed_color","fallback":{"model":"hplus:skyblock/armor/armor_of_yog/armor_of_yog_helmet_dyed","tints":[{"default":-6265536,"type":"minecraft:dye"}],"type":"model"},"property":"component","type":"select"},"predicate":"custom_data","property":"component","type":"condition","value":{"id":"ARMOR_OF_YOG_HELMET"}},"on_true":{"cases":[{"model":{"model":"hplus:skyblock/armor/armor_of_magma/armor_of_magma_helmet","type":"model"},"when":16749312}],"component":"dyed_color","fallback":{"model":"hplus:skyblock/armor/armor_of_magma/armor_of_magma_helmet_dyed","tints":[{"default":-6265536,"type":"minecraft:dye"}],"type":"model"},"property":"component","type":"select"},"predicate":"custom_data","property":"component","type":"condition","value":{"id":"ARMOR_OF_MAGMA_HELMET"}}}