{"HPLUS":"ITEMS CRIMSON_ISLE MOB_LOOT","model":{"HPLUS":"ITEMS FISHING CRIMSON_ISLE","on_false":{"HPLUS":"ITEMS EVENTS SPOOKY","on_false":{"on_false":{"model":"item/leather","type":"model"},"on_true":{"model":"hplus:skyblock/items/events/spooky/werewolf_skin","type":"model"},"predicate":"custom_data","property":"component","type":"condition","value":{"id":"WEREWOLF_SKIN"}},"on_true":{"model":"hplus:skyblock/items/fishing/crimson_isle/moogma_pelt","type":"model"},"predicate":"custom_data","property":"component","type":"condition","value":{"id":"MOOGMA_PELT"}},"on_true":{"model":"hplus:skyblock/items/crimson_isle/mob_loot/leather_cloth","type":"model"},"predicate":"custom_data","property":"component","type":"condition","value":{"id":"LEATHER_CLOTH"}}}