{"HPLUS":"ARMOR","model":{"type":"condition","property":"component","predicate":"custom_data","value":{"id":"ADAPTIVE_LEGGINGS"},"on_true":{"type":"select","property":"component","component":"dyed_color","fallback":{"type":"model","model":"hplus:skyblock/armor/adaptive/adaptive_leggings_dyed","tints":[{"type":"minecraft:dye","default":-6265536}]},"cases":[{"when":1482583,"model":{"type":"model","model":"hplus:skyblock/armor/adaptive/adaptive_leggings_archer"}},{"when":12255232,"model":{"type":"model","model":"hplus:skyblock/armor/adaptive/adaptive_leggings_berserker"}},{"when":16775142,"model":{"type":"model","model":"hplus:skyblock/armor/adaptive/adaptive_leggings_healer"}},{"when":7209120,"model":{"type":"model","model":"hplus:skyblock/armor/adaptive/adaptive_leggings_mage"}},{"when":2799013,"model":{"type":"model","model":"hplus:skyblock/armor/adaptive/adaptive_leggings_tank"}},{"when":12565682,"model":{"type":"model","model":"hplus:skyblock/armor/adaptive/adaptive_leggings"}}]},"on_false":{"type":"condition","property":"component","predicate":"custom_data","value":{"id":"ANGLER_LEGGINGS"},"on_true":{"type":"select","property":"component","component":"dyed_color","fallback":{"type":"model","model":"hplus:skyblock/armor/angler/angler_leggings_dyed","tints":[{"type":"minecraft:dye","default":-6265536}]},"cases":[{"when":720975,"model":{"type":"model","model":"hplus:skyblock/armor/angler/angler_leggings"}}]},"on_false":{"type":"condition","property":"component","predicate":"custom_data","value":{"id":"ARACHNE_LEGGINGS"},"on_true":{"type":"select","property":"component","component":"dyed_color","fallback":{"type":"model","model":"hplus:skyblock/armor/arachne/arachne_leggings_dyed","tints":[{"type":"minecraft:dye","default":-6265536}]},"cases":[{"when":9109504,"model":{"type":"model","model":"hplus:skyblock/armor/arachne/arachne_leggings"}}]},"on_false":{"type":"condition","property":"component","predicate":"custom_data","value":{"id":"ARMOR_OF_MAGMA_LEGGINGS"},"on_true":{"type":"select","property":"component","component":"dyed_color","fallback":{"type":"model","model":"hplus:skyblock/armor/armor_of_magma/armor_of_magma_leggings_dyed","tints":[{"type":"minecraft:dye","default":-6265536}]},"cases":[{"when":16749312,"model":{"type":"model","model":"hplus:skyblock/armor/armor_of_magma/armor_of_magma_leggings"}}]},"on_false":{"type":"condition","property":"component","predicate":"custom_data","value":{"id":"ARMOR_OF_THE_RESISTANCE_LEGGINGS"},"on_true":{"type":"select","property":"component","component":"dyed_color","fallback":{"type":"model","model":"hplus:skyblock/armor/armor_of_the_resistance/armor_of_the_resistance_leggings_dyed","tints":[{"type":"minecraft:dye","default":-6265536}]},"cases":[{"when":14597141,"model":{"type":"model","model":"hplus:skyblock/armor/armor_of_the_resistance/armor_of_the_resistance_leggings"}}]},"on_false":{"type":"condition","property":"component","predicate":"custom_data","value":{"id":"ARMOR_OF_YOG_LEGGINGS"},"on_true":{"type":"select","property":"component","component":"dyed_color","fallback":{"type":"model","model":"hplus:skyblock/armor/armor_of_yog/armor_of_yog_leggings_dyed","tints":[{"type":"minecraft:dye","default":-6265536}]},"cases":[{"when":13120000,"model":{"type":"model","model":"hplus:skyblock/armor/armor_of_yog/armor_of_yog_leggings"}}]},"on_false":{"type":"condition","property":"component","predicate":"custom_data","value":{"id":"AURORA_LEGGINGS"},"on_true":{"type":"select","property":"component","component":"dyed_color","fallback":{"type":"model","model":"hplus:skyblock/armor/aurora/aurora/aurora_leggings_dyed","tints":[{"type":"minecraft:dye","default":-6265536}]},"cases":[{"when":4151035,"model":{"type":"model","model":"hplus:skyblock/armor/aurora/aurora/aurora_leggings"}}]},"on_false":{"type":"condition","property":"component","predicate":"custom_data","value":{"id":"BACKWATER_LEGGINGS"},"on_true":{"type":"select","property":"component","component":"dyed_color","fallback":{"type":"model","model":"hplus:skyblock/armor/backwater/backwater_leggings_dyed","tints":[{"type":"minecraft:dye","default":-6265536}]},"cases":[{"when":97585,"model":{"type":"model","model":"hplus:skyblock/armor/backwater/backwater_leggings"}}]},"on_false":{"type":"condition","property":"component","predicate":"custom_data","value":{"id":"BAT_PERSON_LEGGINGS"},"on_true":{"type":"select","property":"component","component":"dyed_color","fallback":{"type":"model","model":"hplus:skyblock/armor/bat_person/bat_person_leggings_dyed","tints":[{"type":"minecraft:dye","default":-6265536}]},"cases":[{"when":0,"model":{"type":"model","model":"hplus:skyblock/armor/bat_person/bat_person_leggings"}}]},"on_false":{"type":"condition","property":"component","predicate":"custom_data","value":{"id":"BERSERKER_LEGGINGS"},"on_true":{"type":"select","property":"component","component":"dyed_color","fallback":{"type":"model","model":"hplus:skyblock/armor/berserker/berserker_leggings_dyed","tints":[{"type":"minecraft:dye","default":-6265536}]},"cases":[{"when":16758567,"model":{"type":"model","model":"hplus:skyblock/armor/berserker/berserker_leggings"}}]},"on_false":{"type":"condition","property":"component","predicate":"custom_data","value":{"id":"BIOHAZARD_LEGGINGS"},"on_true":{"type":"select","property":"component","component":"dyed_color","fallback":{"type":"model","model":"hplus:skyblock/armor/biohazard/biohazard_leggings_dyed","tints":[{"type":"minecraft:dye","default":-6265536}]},"cases":[{"when":16755712,"model":{"type":"model","model":"hplus:skyblock/armor/biohazard/biohazard_leggings"}}]},"on_false":{"type":"condition","property":"component","predicate":"custom_data","value":{"id":"BLAZE_LEGGINGS"},"on_true":{"type":"select","property":"component","component":"dyed_color","fallback":{"type":"model","model":"hplus:skyblock/armor/blaze/blaze_leggings_dyed","tints":[{"type":"minecraft:dye","default":-6265536}]},"cases":[{"when":16243251,"model":{"type":"model","model":"hplus:skyblock/armor/blaze/blaze_leggings"}}]},"on_false":{"type":"condition","property":"component","predicate":"custom_data","value":{"id":"BOUNCY_LEGGINGS"},"on_true":{"type":"select","property":"component","component":"dyed_color","fallback":{"type":"model","model":"hplus:skyblock/armor/bouncy/bouncy_leggings_dyed","tints":[{"type":"minecraft:dye","default":-6265536}]},"cases":[{"when":11403055,"model":{"type":"model","model":"hplus:skyblock/armor/bouncy/bouncy_leggings"}}]},"on_false":{"type":"condition","property":"component","predicate":"custom_data","value":{"id":"BRONZE_HUNTER_LEGGINGS"},"on_true":{"type":"condition","property":"has_component","component":"dyed_color","on_true":{"type":"model","model":"hplus:skyblock/armor/hunter/bronze/bronze_hunter_leggings_dyed","tints":[{"type":"minecraft:dye","default":-6265536}]},"on_false":{"type":"model","model":"hplus:skyblock/armor/hunter/bronze/bronze_hunter_leggings"}},"on_false":{"type":"condition","property":"component","predicate":"custom_data","value":{"id":"BURNED_PANTS"},"on_true":{"type":"model","model":"hplus:skyblock/armor/rift/burned_pants"},"on_false":{"type":"condition","property":"component","predicate":"custom_data","value":{"id":"BURNING_AURORA_LEGGINGS"},"on_true":{"type":"select","property":"component","component":"dyed_color","fallback":{"type":"model","model":"hplus:skyblock/armor/aurora/burning/burning_aurora_leggings_dyed","tints":[{"type":"minecraft:dye","default":-6265536}]},"cases":[{"when":4151035,"model":{"type":"model","model":"hplus:skyblock/armor/aurora/burning/burning_aurora_leggings"}}]},"on_false":{"type":"condition","property":"component","predicate":"custom_data","value":{"id":"BURNING_CRIMSON_LEGGINGS"},"on_true":{"type":"select","property":"component","component":"dyed_color","fallback":{"type":"model","model":"hplus:skyblock/armor/crimson/burning/burning_crimson_leggings_dyed","tints":[{"type":"minecraft:dye","default":-6265536}]},"cases":[{"when":15098117,"model":{"type":"model","model":"hplus:skyblock/armor/crimson/burning/burning_crimson_leggings"}}]},"on_false":{"type":"condition","property":"component","predicate":"custom_data","value":{"id":"BURNING_FERVOR_LEGGINGS"},"on_true":{"type":"select","property":"component","component":"dyed_color","fallback":{"type":"model","model":"hplus:skyblock/armor/fervor/burning/burning_fervor_leggings_dyed","tints":[{"type":"minecraft:dye","default":-6265536}]},"cases":[{"when":1556361,"model":{"type":"model","model":"hplus:skyblock/armor/fervor/burning/burning_fervor_leggings"}}]},"on_false":{"type":"condition","property":"component","predicate":"custom_data","value":{"id":"BURNING_HOLLOW_LEGGINGS"},"on_true":{"type":"select","property":"component","component":"dyed_color","fallback":{"type":"model","model":"hplus:skyblock/armor/hollow/burning/burning_hollow_leggings_dyed","tints":[{"type":"minecraft:dye","default":-6265536}]},"cases":[{"when":16774819,"model":{"type":"model","model":"hplus:skyblock/armor/hollow/burning/burning_hollow_leggings"}}]},"on_false":{"type":"condition","property":"component","predicate":"custom_data","value":{"id":"BURNING_TERROR_LEGGINGS"},"on_true":{"type":"select","property":"component","component":"dyed_color","fallback":{"type":"model","model":"hplus:skyblock/armor/terror/burning/burning_terror_leggings_dyed","tints":[{"type":"minecraft:dye","default":-6265536}]},"cases":[{"when":6104017,"model":{"type":"model","model":"hplus:skyblock/armor/terror/burning/burning_terror_leggings"}}]},"on_false":{"type":"condition","property":"component","predicate":"custom_data","value":{"id":"CACTUS_LEGGINGS"},"on_true":{"type":"select","property":"component","component":"dyed_color","fallback":{"type":"model","model":"hplus:skyblock/armor/cactus/cactus_leggings_dyed","tints":[{"type":"minecraft:dye","default":-6265536}]},"cases":[{"when":65280,"model":{"type":"model","model":"hplus:skyblock/armor/cactus/cactus_leggings"}}]},"on_false":{"type":"condition","property":"component","predicate":"custom_data","value":{"id":"CELESTE_LEGGINGS"},"on_true":{"type":"select","property":"component","component":"dyed_color","fallback":{"type":"model","model":"hplus:skyblock/armor/celeste/celeste_leggings_dyed","tints":[{"type":"minecraft:dye","default":-6265536}]},"cases":[{"when":16748234,"model":{"type":"model","model":"hplus:skyblock/armor/celeste/celeste_leggings"}}]},"on_false":{"type":"condition","property":"component","predicate":"custom_data","value":{"id":"CHEAP_TUXEDO_LEGGINGS"},"on_true":{"type":"select","property":"component","component":"dyed_color","fallback":{"type":"model","model":"hplus:skyblock/armor/tuxedo/cheap/cheap_tuxedo_leggings_dyed","tints":[{"type":"minecraft:dye","default":-6265536}]},"cases":[{"when":13092807,"model":{"type":"model","model":"hplus:skyblock/armor/tuxedo/cheap/cheap_tuxedo_leggings"}}]},"on_false":{"type":"condition","property":"component","predicate":"custom_data","value":{"id":"CHICKEN_LEGGS"},"on_true":{"type":"model","model":"hplus:skyblock/armor/rift/chicken_leggs"},"on_false":{"type":"condition","property":"component","predicate":"custom_data","value":{"id":"CREEPER_LEGGINGS"},"on_true":{"type":"select","property":"component","component":"dyed_color","fallback":{"type":"model","model":"hplus:skyblock/armor/monster_hunter/creeper_leggings_dyed","tints":[{"type":"minecraft:dye","default":-6265536}]},"cases":[{"when":8054828,"model":{"type":"model","model":"hplus:skyblock/armor/monster_hunter/creeper_leggings"}}]},"on_false":{"type":"condition","property":"component","predicate":"custom_data","value":{"id":"CRIMSON_LEGGINGS"},"on_true":{"type":"select","property":"component","component":"dyed_color","fallback":{"type":"model","model":"hplus:skyblock/armor/crimson/crimson/crimson_leggings_dyed","tints":[{"type":"minecraft:dye","default":-6265536}]},"cases":[{"when":15098117,"model":{"type":"model","model":"hplus:skyblock/armor/crimson/crimson/crimson_leggings"}}]},"on_false":{"type":"condition","property":"component","predicate":"custom_data","value":{"id":"CROPIE_LEGGINGS"},"on_true":{"type":"select","property":"component","component":"dyed_color","fallback":{"type":"model","model":"hplus:skyblock/armor/cropie/cropie_leggings_dyed","tints":[{"type":"minecraft:dye","default":-6265536}]},"cases":[{"when":9717023,"model":{"type":"model","model":"hplus:skyblock/armor/cropie/cropie_leggings"}}]},"on_false":{"type":"condition","property":"component","predicate":"custom_data","value":{"id":"CRYPT_WITHERLORD_LEGGINGS"},"on_true":{"type":"select","property":"component","component":"dyed_color","fallback":{"type":"model","model":"hplus:skyblock/armor/crypt_witherlord/crypt_witherlord_leggings_dyed","tints":[{"type":"minecraft:dye","default":-6265536}]},"cases":[{"when":4522241,"model":{"type":"model","model":"hplus:skyblock/armor/crypt_witherlord/crypt_witherlord_leggings"}}]},"on_false":{"type":"condition","property":"component","predicate":"custom_data","value":{"id":"CRYSTAL_LEGGINGS"},"on_true":{"type":"model","model":"hplus:skyblock/armor/crystal/crystal_leggings","tints":[{"type":"minecraft:dye","default":-6265536}]},"on_false":{"type":"condition","property":"component","predicate":"custom_data","value":{"id":"ELEANOR_TROUSERS"},"on_true":{"type":"select","property":"component","component":"dyed_color","fallback":{"type":"model","model":"hplus:skyblock/armor/eleanor/eleanor_trousers_dyed","tints":[{"type":"minecraft:dye","default":-6265536}]},"cases":[{"when":16766720,"model":{"type":"model","model":"hplus:skyblock/armor/eleanor/eleanor_trousers"}}]},"on_false":{"type":"condition","property":"component","predicate":"custom_data","value":{"id":"ELEGANT_TUXEDO_LEGGINGS"},"on_true":{"type":"select","property":"component","component":"dyed_color","fallback":{"type":"model","model":"hplus:skyblock/armor/tuxedo/elegant/elegant_tuxedo_leggings_dyed","tints":[{"type":"minecraft:dye","default":-6265536}]},"cases":[{"when":16711164,"model":{"type":"model","model":"hplus:skyblock/armor/tuxedo/elegant/elegant_tuxedo_leggings"}}]},"on_false":{"type":"condition","property":"component","predicate":"custom_data","value":{"id":"EMERALD_ARMOR_LEGGINGS"},"on_true":{"type":"select","property":"component","component":"dyed_color","fallback":{"type":"model","model":"hplus:skyblock/armor/emerald_armor/emerald_armor_leggings_dyed","tints":[{"type":"minecraft:dye","default":-6265536}]},"cases":[{"when":65280,"model":{"type":"model","model":"hplus:skyblock/armor/emerald_armor/emerald_armor_leggings"}}]},"on_false":{"type":"condition","property":"component","predicate":"custom_data","value":{"id":"EMPEROR_LEGGINGS"},"on_true":{"type":"model","model":"hplus:skyblock/armor/mobs/emperor/emperor_leggings"},"on_false":{"type":"condition","property":"component","predicate":"custom_data","value":{"id":"FAIRY_LEGGINGS"},"on_true":{"type":"model","model":"hplus:skyblock/armor/fairy/fairy_leggings","tints":[{"type":"minecraft:dye","default":-6265536}]},"on_false":{"type":"condition","property":"component","predicate":"custom_data","value":{"id":"FANCY_TUXEDO_LEGGINGS"},"on_true":{"type":"select","property":"component","component":"dyed_color","fallback":{"type":"model","model":"hplus:skyblock/armor/tuxedo/fancy/fancy_tuxedo_leggings_dyed","tints":[{"type":"minecraft:dye","default":-6265536}]},"cases":[{"when":13948116,"model":{"type":"model","model":"hplus:skyblock/armor/tuxedo/fancy/fancy_tuxedo_leggings"}}]},"on_false":{"type":"condition","property":"component","predicate":"custom_data","value":{"id":"FARM_ARMOR_LEGGINGS"},"on_true":{"type":"select","property":"component","component":"dyed_color","fallback":{"type":"model","model":"hplus:skyblock/armor/farm_armor/farm_armor_leggings_dyed","tints":[{"type":"minecraft:dye","default":-6265536}]},"cases":[{"when":16766720,"model":{"type":"model","model":"hplus:skyblock/armor/farm_armor/farm_armor_leggings"}}]},"on_false":{"type":"condition","property":"component","predicate":"custom_data","value":{"id":"FARM_SUIT_LEGGINGS"},"on_true":{"type":"select","property":"component","component":"dyed_color","fallback":{"type":"model","model":"hplus:skyblock/armor/farm_suit/farm_suit_leggings_dyed","tints":[{"type":"minecraft:dye","default":-6265536}]},"cases":[{"when":16776960,"model":{"type":"model","model":"hplus:skyblock/armor/farm_suit/farm_suit_leggings"}}]},"on_false":{"type":"condition","property":"component","predicate":"custom_data","value":{"id":"FEMURGROWTH_LEGGINGS"},"on_true":{"type":"model","model":"hplus:skyblock/armor/rift/femurgrowth_leggings"},"on_false":{"type":"condition","property":"component","predicate":"custom_data","value":{"id":"FERMENTO_LEGGINGS"},"on_true":{"type":"select","property":"component","component":"dyed_color","fallback":{"type":"model","model":"hplus:skyblock/armor/fermento/fermento_leggings_dyed","tints":[{"type":"minecraft:dye","default":-6265536}]},"cases":[{"when":6986779,"model":{"type":"model","model":"hplus:skyblock/armor/fermento/fermento_leggings"}}]},"on_false":{"type":"condition","property":"component","predicate":"custom_data","value":{"id":"FERVOR_LEGGINGS"},"on_true":{"type":"select","property":"component","component":"dyed_color","fallback":{"type":"model","model":"hplus:skyblock/armor/fervor/fervor/fervor_leggings_dyed","tints":[{"type":"minecraft:dye","default":-6265536}]},"cases":[{"when":1556361,"model":{"type":"model","model":"hplus:skyblock/armor/fervor/fervor/fervor_leggings"}}]},"on_false":{"type":"condition","property":"component","predicate":"custom_data","value":{"id":"FIERY_AURORA_LEGGINGS"},"on_true":{"type":"select","property":"component","component":"dyed_color","fallback":{"type":"model","model":"hplus:skyblock/armor/aurora/fiery/fiery_aurora_leggings_dyed","tints":[{"type":"minecraft:dye","default":-6265536}]},"cases":[{"when":4151035,"model":{"type":"model","model":"hplus:skyblock/armor/aurora/fiery/fiery_aurora_leggings"}}]},"on_false":{"type":"condition","property":"component","predicate":"custom_data","value":{"id":"FIERY_CRIMSON_LEGGINGS"},"on_true":{"type":"select","property":"component","component":"dyed_color","fallback":{"type":"model","model":"hplus:skyblock/armor/crimson/fiery/fiery_crimson_leggings_dyed","tints":[{"type":"minecraft:dye","default":-6265536}]},"cases":[{"when":15098117,"model":{"type":"model","model":"hplus:skyblock/armor/crimson/fiery/fiery_crimson_leggings"}}]},"on_false":{"type":"condition","property":"component","predicate":"custom_data","value":{"id":"FIERY_FERVOR_LEGGINGS"},"on_true":{"type":"select","property":"component","component":"dyed_color","fallback":{"type":"model","model":"hplus:skyblock/armor/fervor/fiery/fiery_fervor_leggings_dyed","tints":[{"type":"minecraft:dye","default":-6265536}]},"cases":[{"when":1556361,"model":{"type":"model","model":"hplus:skyblock/armor/fervor/fiery/fiery_fervor_leggings"}}]},"on_false":{"type":"condition","property":"component","predicate":"custom_data","value":{"id":"FIERY_HOLLOW_LEGGINGS"},"on_true":{"type":"select","property":"component","component":"dyed_color","fallback":{"type":"model","model":"hplus:skyblock/armor/hollow/fiery/fiery_hollow_leggings_dyed","tints":[{"type":"minecraft:dye","default":-6265536}]},"cases":[{"when":16774819,"model":{"type":"model","model":"hplus:skyblock/armor/hollow/fiery/fiery_hollow_leggings"}}]},"on_false":{"type":"condition","property":"component","predicate":"custom_data","value":{"id":"FIERY_TERROR_LEGGINGS"},"on_true":{"type":"select","property":"component","component":"dyed_color","fallback":{"type":"model","model":"hplus:skyblock/armor/terror/fiery/fiery_terror_leggings_dyed","tints":[{"type":"minecraft:dye","default":-6265536}]},"cases":[{"when":6104017,"model":{"type":"model","model":"hplus:skyblock/armor/terror/fiery/fiery_terror_leggings"}}]},"on_false":{"type":"condition","property":"component","predicate":"custom_data","value":{"id":"FINAL_DESTINATION_LEGGINGS"},"on_true":{"type":"select","property":"component","component":"dyed_color","fallback":{"type":"model","model":"hplus:skyblock/armor/final_destination/final_destination_leggings_dyed","tints":[{"type":"minecraft:dye","default":-6265536}]},"cases":[{"when":16741887,"model":{"type":"model","model":"hplus:skyblock/armor/final_destination/final_destination_leggings"}}]},"on_false":{"type":"condition","property":"component","predicate":"custom_data","value":{"id":"FROZEN_BLAZE_LEGGINGS"},"on_true":{"type":"select","property":"component","component":"dyed_color","fallback":{"type":"model","model":"hplus:skyblock/armor/frozen_blaze/frozen_blaze_leggings_dyed","tints":[{"type":"minecraft:dye","default":-6265536}]},"cases":[{"when":10541807,"model":{"type":"model","model":"hplus:skyblock/armor/frozen_blaze/frozen_blaze_leggings"}}]},"on_false":{"type":"condition","property":"component","predicate":"custom_data","value":{"id":"GLACITE_LEGGINGS"},"on_true":{"type":"select","property":"component","component":"dyed_color","fallback":{"type":"model","model":"hplus:skyblock/armor/glacite/glacite_leggings_dyed","tints":[{"type":"minecraft:dye","default":-6265536}]},"cases":[{"when":261368,"model":{"type":"model","model":"hplus:skyblock/armor/glacite/glacite_leggings"}}]},"on_false":{"type":"condition","property":"component","predicate":"custom_data","value":{"id":"GLOSSY_MINERAL_LEGGINGS"},"on_true":{"type":"select","property":"component","component":"dyed_color","fallback":{"type":"model","model":"hplus:skyblock/armor/glossy_mineral/glossy_mineral_leggings_dyed","tints":[{"type":"minecraft:dye","default":-6265536}]},"cases":[{"when":5967278,"model":{"type":"model","model":"hplus:skyblock/armor/glossy_mineral/glossy_mineral_leggings"}}]},"on_false":{"type":"condition","property":"component","predicate":"custom_data","value":{"id":"GOBLIN_LEGGINGS"},"on_true":{"type":"select","property":"component","component":"dyed_color","fallback":{"type":"model","model":"hplus:skyblock/armor/goblin/goblin_leggings_dyed","tints":[{"type":"minecraft:dye","default":-6265536}]},"cases":[{"when":3649602,"model":{"type":"model","model":"hplus:skyblock/armor/goblin/goblin_leggings"}}]},"on_false":{"type":"condition","property":"component","predicate":"custom_data","value":{"id":"GREAT_SPOOK_LEGGINGS"},"on_true":{"type":"model","model":"hplus:skyblock/armor/great_spook/great_spook_leggings","tints":[{"type":"minecraft:dye","default":-6265536}]},"on_false":{"type":"condition","property":"component","predicate":"custom_data","value":{"id":"GROWTH_LEGGINGS"},"on_true":{"type":"select","property":"component","component":"dyed_color","fallback":{"type":"model","model":"hplus:skyblock/armor/growth/growth_leggings_dyed","tints":[{"type":"minecraft:dye","default":-6265536}]},"cases":[{"when":48640,"model":{"type":"model","model":"hplus:skyblock/armor/growth/growth_leggings"}}]},"on_false":{"type":"condition","property":"component","predicate":"custom_data","value":{"id":"HEAT_LEGGINGS"},"on_true":{"type":"select","property":"component","component":"dyed_color","fallback":{"type":"model","model":"hplus:skyblock/armor/heat/heat_leggings_dyed","tints":[{"type":"minecraft:dye","default":-6265536}]},"cases":[{"when":11776947,"model":{"type":"model","model":"hplus:skyblock/armor/heat/heat_leggings"}}]},"on_false":{"type":"condition","property":"component","predicate":"custom_data","value":{"id":"HEAVY_LEGGINGS"},"on_true":{"type":"select","property":"component","component":"dyed_color","fallback":{"type":"model","model":"hplus:skyblock/armor/heavy/heavy_leggings_dyed","tints":[{"type":"minecraft:dye","default":-6265536}]},"cases":[{"when":8553090,"model":{"type":"model","model":"hplus:skyblock/armor/heavy/heavy_leggings"}}]},"on_false":{"type":"condition","property":"component","predicate":"custom_data","value":{"id":"HOLLOW_LEGGINGS"},"on_true":{"type":"select","property":"component","component":"dyed_color","fallback":{"type":"model","model":"hplus:skyblock/armor/hollow/hollow/hollow_leggings_dyed","tints":[{"type":"minecraft:dye","default":-6265536}]},"cases":[{"when":16774819,"model":{"type":"model","model":"hplus:skyblock/armor/hollow/hollow/hollow_leggings"}}]},"on_false":{"type":"condition","property":"component","predicate":"custom_data","value":{"id":"HOLY_DRAGON_LEGGINGS"},"on_true":{"type":"select","property":"component","component":"dyed_color","fallback":{"type":"model","model":"hplus:skyblock/armor/holy_dragon/holy_dragon_leggings_dyed","tints":[{"type":"minecraft:dye","default":-6265536}]},"cases":[{"when":4706631,"model":{"type":"model","model":"hplus:skyblock/armor/holy_dragon/holy_dragon_leggings"}}]},"on_false":{"type":"condition","property":"component","predicate":"custom_data","value":{"id":"HOT_AURORA_LEGGINGS"},"on_true":{"type":"select","property":"component","component":"dyed_color","fallback":{"type":"model","model":"hplus:skyblock/armor/aurora/hot/hot_aurora_leggings_dyed","tints":[{"type":"minecraft:dye","default":-6265536}]},"cases":[{"when":4151035,"model":{"type":"model","model":"hplus:skyblock/armor/aurora/hot/hot_aurora_leggings"}}]},"on_false":{"type":"condition","property":"component","predicate":"custom_data","value":{"id":"HOT_CRIMSON_LEGGINGS"},"on_true":{"type":"select","property":"component","component":"dyed_color","fallback":{"type":"model","model":"hplus:skyblock/armor/crimson/hot/hot_crimson_leggings_dyed","tints":[{"type":"minecraft:dye","default":-6265536}]},"cases":[{"when":15098117,"model":{"type":"model","model":"hplus:skyblock/armor/crimson/hot/hot_crimson_leggings"}}]},"on_false":{"type":"condition","property":"component","predicate":"custom_data","value":{"id":"HOT_FERVOR_LEGGINGS"},"on_true":{"type":"select","property":"component","component":"dyed_color","fallback":{"type":"model","model":"hplus:skyblock/armor/fervor/hot/hot_fervor_leggings_dyed","tints":[{"type":"minecraft:dye","default":-6265536}]},"cases":[{"when":1556361,"model":{"type":"model","model":"hplus:skyblock/armor/fervor/hot/hot_fervor_leggings"}}]},"on_false":{"type":"condition","property":"component","predicate":"custom_data","value":{"id":"HOT_HOLLOW_LEGGINGS"},"on_true":{"type":"select","property":"component","component":"dyed_color","fallback":{"type":"model","model":"hplus:skyblock/armor/hollow/hot/hot_hollow_leggings_dyed","tints":[{"type":"minecraft:dye","default":-6265536}]},"cases":[{"when":16774819,"model":{"type":"model","model":"hplus:skyblock/armor/hollow/hot/hot_hollow_leggings"}}]},"on_false":{"type":"condition","property":"component","predicate":"custom_data","value":{"id":"HOT_TERROR_LEGGINGS"},"on_true":{"type":"select","property":"component","component":"dyed_color","fallback":{"type":"model","model":"hplus:skyblock/armor/terror/hot/hot_terror_leggings_dyed","tints":[{"type":"minecraft:dye","default":-6265536}]},"cases":[{"when":6104017,"model":{"type":"model","model":"hplus:skyblock/armor/terror/hot/hot_terror_leggings"}}]},"on_false":{"type":"condition","property":"component","predicate":"custom_data","value":{"id":"HYDRA1_LEGGINGS"},"on_true":{"type":"model","model":"hplus:skyblock/armor/mobs/hydra1/hydra1_leggings"},"on_false":{"type":"condition","property":"component","predicate":"custom_data","value":{"id":"INFERNAL_AURORA_LEGGINGS"},"on_true":{"type":"select","property":"component","component":"dyed_color","fallback":{"type":"model","model":"hplus:skyblock/armor/aurora/infernal/infernal_aurora_leggings_dyed","tints":[{"type":"minecraft:dye","default":-6265536}]},"cases":[{"when":4151035,"model":{"type":"model","model":"hplus:skyblock/armor/aurora/infernal/infernal_aurora_leggings"}}]},"on_false":{"type":"condition","property":"component","predicate":"custom_data","value":{"id":"INFERNAL_CRIMSON_LEGGINGS"},"on_true":{"type":"select","property":"component","component":"dyed_color","fallback":{"type":"model","model":"hplus:skyblock/armor/crimson/infernal/infernal_crimson_leggings_dyed","tints":[{"type":"minecraft:dye","default":-6265536}]},"cases":[{"when":15098117,"model":{"type":"model","model":"hplus:skyblock/armor/crimson/infernal/infernal_crimson_leggings"}}]},"on_false":{"type":"condition","property":"component","predicate":"custom_data","value":{"id":"INFERNAL_FERVOR_LEGGINGS"},"on_true":{"type":"select","property":"component","component":"dyed_color","fallback":{"type":"model","model":"hplus:skyblock/armor/fervor/infernal/infernal_fervor_leggings_dyed","tints":[{"type":"minecraft:dye","default":-6265536}]},"cases":[{"when":1556361,"model":{"type":"model","model":"hplus:skyblock/armor/fervor/infernal/infernal_fervor_leggings"}}]},"on_false":{"type":"condition","property":"component","predicate":"custom_data","value":{"id":"INFERNAL_HOLLOW_LEGGINGS"},"on_true":{"type":"select","property":"component","component":"dyed_color","fallback":{"type":"model","model":"hplus:skyblock/armor/hollow/infernal/infernal_hollow_leggings_dyed","tints":[{"type":"minecraft:dye","default":-6265536}]},"cases":[{"when":16774819,"model":{"type":"model","model":"hplus:skyblock/armor/hollow/infernal/infernal_hollow_leggings"}}]},"on_false":{"type":"condition","property":"component","predicate":"custom_data","value":{"id":"INFERNAL_TERROR_LEGGINGS"},"on_true":{"type":"select","property":"component","component":"dyed_color","fallback":{"type":"model","model":"hplus:skyblock/armor/terror/infernal/infernal_terror_leggings_dyed","tints":[{"type":"minecraft:dye","default":-6265536}]},"cases":[{"when":6104017,"model":{"type":"model","model":"hplus:skyblock/armor/terror/infernal/infernal_terror_leggings"}}]},"on_false":{"type":"condition","property":"component","predicate":"custom_data","value":{"id":"KUUDRA_FOLLOWER_LEGGINGS"},"on_true":{"type":"select","property":"component","component":"dyed_color","fallback":{"type":"model","model":"hplus:skyblock/armor/kuudra_follower/kuudra_follower_leggings_dyed","tints":[{"type":"minecraft:dye","default":-6265536}]},"cases":[{"when":3494666,"model":{"type":"model","model":"hplus:skyblock/armor/kuudra_follower/kuudra_follower_leggings"}}]},"on_false":{"type":"condition","property":"component","predicate":"custom_data","value":{"id":"LAPIS_ARMOR_LEGGINGS"},"on_true":{"type":"select","property":"component","component":"dyed_color","fallback":{"type":"model","model":"hplus:skyblock/armor/lapis_armor/lapis_armor_leggings_dyed","tints":[{"type":"minecraft:dye","default":-6265536}]},"cases":[{"when":255,"model":{"type":"model","model":"hplus:skyblock/armor/lapis_armor/lapis_armor_leggings"}}]},"on_false":{"type":"condition","property":"component","predicate":"custom_data","value":{"id":"LEAFLET_LEGGINGS"},"on_true":{"type":"select","property":"component","component":"dyed_color","fallback":{"type":"model","model":"hplus:skyblock/armor/leaflet/leaflet_leggings_dyed","tints":[{"type":"minecraft:dye","default":-6265536}]},"cases":[{"when":5098573,"model":{"type":"model","model":"hplus:skyblock/armor/leaflet/leaflet_leggings"}}]},"on_false":{"type":"condition","property":"component","predicate":"custom_data","value":{"id":"LEGGINGS_OF_THE_COVEN"},"on_true":{"type":"model","model":"hplus:skyblock/armor/rift/leggings_of_the_coven","tints":[{"type":"minecraft:dye","default":-6265536}]},"on_false":{"type":"condition","property":"component","predicate":"custom_data","value":{"id":"MAGMA_LORD_LEGGINGS"},"on_true":{"type":"select","property":"component","component":"dyed_color","fallback":{"type":"model","model":"hplus:skyblock/armor/magma_lord/magma_lord_leggings_dyed","tints":[{"type":"minecraft:dye","default":-6265536}]},"cases":[{"when":7278344,"model":{"type":"model","model":"hplus:skyblock/armor/magma_lord/magma_lord_leggings"}}]},"on_false":{"type":"condition","property":"component","predicate":"custom_data","value":{"id":"MELON_LEGGINGS"},"on_true":{"type":"select","property":"component","component":"dyed_color","fallback":{"type":"model","model":"hplus:skyblock/armor/melon/melon_leggings_dyed","tints":[{"type":"minecraft:dye","default":-6265536}]},"cases":[{"when":9018912,"model":{"type":"model","model":"hplus:skyblock/armor/melon/melon_leggings"}}]},"on_false":{"type":"condition","property":"component","predicate":"custom_data","value":{"id":"MINER_OUTFIT_LEGGINGS"},"on_true":{"type":"select","property":"component","component":"dyed_color","fallback":{"type":"model","model":"hplus:skyblock/armor/miner_outfit/miner_outfit_leggings_dyed","tints":[{"type":"minecraft:dye","default":-6265536}]},"cases":[{"when":8026468,"model":{"type":"model","model":"hplus:skyblock/armor/miner_outfit/miner_outfit_leggings"}}]},"on_false":{"type":"condition","property":"component","predicate":"custom_data","value":{"id":"MINERAL_LEGGINGS"},"on_true":{"type":"select","property":"component","component":"dyed_color","fallback":{"type":"model","model":"hplus:skyblock/armor/mineral/mineral_leggings_dyed","tints":[{"type":"minecraft:dye","default":-6265536}]},"cases":[{"when":13428223,"model":{"type":"model","model":"hplus:skyblock/armor/mineral/mineral_leggings"}}]},"on_false":{"type":"condition","property":"component","predicate":"custom_data","value":{"id":"MOOGMA_LEGGINGS"},"on_true":{"type":"select","property":"component","component":"dyed_color","fallback":{"type":"model","model":"hplus:skyblock/armor/lava_sea_creature/moogma_leggings_dyed","tints":[{"type":"minecraft:dye","default":-6265536}]},"cases":[{"when":13511724,"model":{"type":"model","model":"hplus:skyblock/armor/lava_sea_creature/moogma_leggings"}}]},"on_false":{"type":"condition","property":"component","predicate":"custom_data","value":{"id":"MUSHROOM_LEGGINGS"},"on_true":{"type":"select","property":"component","component":"dyed_color","fallback":{"type":"model","model":"hplus:skyblock/armor/mushroom/mushroom_leggings_dyed","tints":[{"type":"minecraft:dye","default":-6265536}]},"cases":[{"when":16711680,"model":{"type":"model","model":"hplus:skyblock/armor/mushroom/mushroom_leggings"}}]},"on_false":{"type":"condition","property":"component","predicate":"custom_data","value":{"id":"MUSIC_PANTS"},"on_true":{"type":"model","model":"hplus:skyblock/armor/misc/music_pants","tints":[{"type":"minecraft:dye","default":-6265536}]},"on_false":{"type":"condition","property":"component","predicate":"custom_data","value":{"id":"NECROMANCER_LORD_LEGGINGS"},"on_true":{"type":"select","property":"component","component":"dyed_color","fallback":{"type":"model","model":"hplus:skyblock/armor/necromancer_lord/necromancer_lord_leggings_dyed","tints":[{"type":"minecraft:dye","default":-6265536}]},"cases":[{"when":3604807,"model":{"type":"model","model":"hplus:skyblock/armor/necromancer_lord/necromancer_lord_leggings"}}]},"on_false":{"type":"condition","property":"component","predicate":"custom_data","value":{"id":"NUTCRACKER_LEGGINGS"},"on_true":{"type":"select","property":"component","component":"dyed_color","fallback":{"type":"model","model":"hplus:skyblock/armor/nutcracker/nutcracker_leggings_dyed","tints":[{"type":"minecraft:dye","default":-6265536}]},"cases":[{"when":16775659,"model":{"type":"model","model":"hplus:skyblock/armor/nutcracker/nutcracker_leggings"}}]},"on_false":{"type":"condition","property":"component","predicate":"custom_data","value":{"id":"OLD_DRAGON_LEGGINGS"},"on_true":{"type":"select","property":"component","component":"dyed_color","fallback":{"type":"model","model":"hplus:skyblock/armor/old_dragon/old_dragon_leggings_dyed","tints":[{"type":"minecraft:dye","default":-6265536}]},"cases":[{"when":15787690,"model":{"type":"model","model":"hplus:skyblock/armor/old_dragon/old_dragon_leggings"}}]},"on_false":{"type":"condition","property":"component","predicate":"custom_data","value":{"id":"POWER_WITHER_LEGGINGS"},"on_true":{"type":"condition","property":"component","predicate":"custom_data","value":{"is_shiny":1},"on_true":{"type":"select","property":"component","component":"dyed_color","fallback":{"type":"model","model":"hplus:skyblock/armor/power_wither/shiny/shiny_power_wither_leggings_dyed","tints":[{"type":"minecraft:dye","default":-6265536}]},"cases":[{"when":15162428,"model":{"type":"model","model":"hplus:skyblock/armor/power_wither/shiny/shiny_power_wither_leggings"}}]},"on_false":{"type":"select","property":"component","component":"dyed_color","fallback":{"type":"model","model":"hplus:skyblock/armor/power_wither/power_wither_leggings_dyed","tints":[{"type":"minecraft:dye","default":-6265536}]},"cases":[{"when":15162428,"model":{"type":"model","model":"hplus:skyblock/armor/power_wither/power_wither_leggings"}}]}},"on_false":{"type":"condition","property":"component","predicate":"custom_data","value":{"id":"PRIMAL_DRAGON_LEGGINGS"},"on_true":{"type":"select","property":"component","component":"dyed_color","fallback":{"type":"model","model":"hplus:skyblock/armor/primal_dragon/primal_dragon_leggings_dyed","tints":[{"type":"minecraft:dye","default":-6265536}]},"cases":[{"when":1644825,"model":{"type":"model","model":"hplus:skyblock/armor/primal_dragon/primal_dragon_leggings"}}]},"on_false":{"type":"condition","property":"component","predicate":"custom_data","value":{"id":"PROTECTOR_DRAGON_LEGGINGS"},"on_true":{"type":"select","property":"component","component":"dyed_color","fallback":{"type":"model","model":"hplus:skyblock/armor/protector_dragon/protector_dragon_leggings_dyed","tints":[{"type":"minecraft:dye","default":-6265536}]},"cases":[{"when":10065803,"model":{"type":"model","model":"hplus:skyblock/armor/protector_dragon/protector_dragon_leggings"}}]},"on_false":{"type":"condition","property":"component","predicate":"custom_data","value":{"id":"PUMPKIN_LEGGINGS"},"on_true":{"type":"select","property":"component","component":"dyed_color","fallback":{"type":"model","model":"hplus:skyblock/armor/pumpkin/pumpkin_leggings_dyed","tints":[{"type":"minecraft:dye","default":-6265536}]},"cases":[{"when":15575606,"model":{"type":"model","model":"hplus:skyblock/armor/pumpkin/pumpkin_leggings"}}]},"on_false":{"type":"condition","property":"component","predicate":"custom_data","value":{"id":"RABBIT_LEGGINGS"},"on_true":{"type":"select","property":"component","component":"dyed_color","fallback":{"type":"model","model":"hplus:skyblock/armor/rabbit/rabbit_leggings_dyed","tints":[{"type":"minecraft:dye","default":-6265536}]},"cases":[{"when":13357787,"model":{"type":"model","model":"hplus:skyblock/armor/rabbit/rabbit_leggings"}}]},"on_false":{"type":"condition","property":"component","predicate":"custom_data","value":{"id":"RAMPART_LEGGINGS"},"on_true":{"type":"select","property":"component","component":"dyed_color","fallback":{"type":"model","model":"hplus:skyblock/armor/rampart/rampart_leggings_dyed","tints":[{"type":"minecraft:dye","default":-6265536}]},"cases":[{"when":14626310,"model":{"type":"model","model":"hplus:skyblock/armor/rampart/rampart_leggings"}}]},"on_false":{"type":"condition","property":"component","predicate":"custom_data","value":{"id":"REAPER_LEGGINGS"},"on_true":{"type":"select","property":"component","component":"dyed_color","fallback":{"type":"model","model":"hplus:skyblock/armor/reaper/reaper_leggings_dyed","tints":[{"type":"minecraft:dye","default":-6265536}]},"cases":[{"when":16711680,"model":{"type":"model","model":"hplus:skyblock/armor/reaper/reaper_leggings_rage"}},{"when":1776411,"model":{"type":"model","model":"hplus:skyblock/armor/reaper/reaper_leggings"}}]},"on_false":{"type":"condition","property":"component","predicate":"custom_data","value":{"id":"ROTTEN_LEGGINGS"},"on_true":{"type":"select","property":"component","component":"dyed_color","fallback":{"type":"model","model":"hplus:skyblock/armor/rotten/rotten_leggings_dyed","tints":[{"type":"minecraft:dye","default":-6265536}]},"cases":[{"when":97585,"model":{"type":"model","model":"hplus:skyblock/armor/rotten/rotten_leggings"}}]},"on_false":{"type":"condition","property":"component","predicate":"custom_data","value":{"id":"SALMON_LEGGINGS_NEW"},"on_true":{"type":"select","property":"component","component":"dyed_color","fallback":{"type":"model","model":"hplus:skyblock/armor/salmon/salmon_leggings_new_dyed","tints":[{"type":"minecraft:dye","default":-6265536}]},"cases":[{"when":11021174,"model":{"type":"model","model":"hplus:skyblock/armor/salmon/salmon_leggings_new"}}]},"on_false":{"type":"condition","property":"component","predicate":"custom_data","value":{"id":"SATIN_TROUSERS"},"on_true":{"type":"model","model":"hplus:skyblock/armor/tuxedo/seymour/satin_trousers","tints":[{"type":"minecraft:dye","default":-6265536}]},"on_false":{"type":"condition","property":"component","predicate":"custom_data","value":{"id":"SEA_WALKER_LEGGINGS"},"on_true":{"type":"model","model":"hplus:skyblock/armor/mobs/sea_walker/sea_walker_leggings"},"on_false":{"type":"condition","property":"component","predicate":"custom_data","value":{"id":"SHADOW_ASSASSIN_LEGGINGS"},"on_true":{"type":"select","property":"component","component":"dyed_color","fallback":{"type":"model","model":"hplus:skyblock/armor/shadow_assassin/shadow_assassin_leggings_dyed","tints":[{"type":"minecraft:dye","default":-6265536}]},"cases":[{"when":0,"model":{"type":"model","model":"hplus:skyblock/armor/shadow_assassin/shadow_assassin_leggings"}}]},"on_false":{"type":"condition","property":"component","predicate":"custom_data","value":{"id":"SHARK_SCALE_LEGGINGS"},"on_true":{"type":"select","property":"component","component":"dyed_color","fallback":{"type":"model","model":"hplus:skyblock/armor/shark_scale/shark_scale_leggings_dyed","tints":[{"type":"minecraft:dye","default":-6265536}]},"cases":[{"when":11430,"model":{"type":"model","model":"hplus:skyblock/armor/shark_scale/shark_scale_leggings"}}]},"on_false":{"type":"condition","property":"component","predicate":"custom_data","value":{"id":"SHIMMERING_LIGHT_TROUSERS"},"on_true":{"type":"select","property":"component","component":"dyed_color","fallback":{"type":"model","model":"hplus:skyblock/armor/shimmering_light/shimmering_light_trousers_dyed","tints":[{"type":"minecraft:dye","default":-6265536}]},"cases":[{"when":459547,"model":{"type":"model","model":"hplus:skyblock/armor/shimmering_light/shimmering_light_trousers"}}]},"on_false":{"type":"condition","property":"component","predicate":"custom_data","value":{"id":"SKELETON_GRUNT_LEGGINGS"},"on_true":{"type":"select","property":"component","component":"dyed_color","fallback":{"type":"model","model":"hplus:skyblock/armor/skeleton_grunt/skeleton_grunt_leggings_dyed","tints":[{"type":"minecraft:dye","default":-6265536}]},"cases":[{"when":14805812,"model":{"type":"model","model":"hplus:skyblock/armor/skeleton_grunt/skeleton_grunt_leggings"}}]},"on_false":{"type":"condition","property":"component","predicate":"custom_data","value":{"id":"SKELETON_LORD_LEGGINGS"},"on_true":{"type":"select","property":"component","component":"dyed_color","fallback":{"type":"model","model":"hplus:skyblock/armor/skeleton_lord/skeleton_lord_leggings_dyed","tints":[{"type":"minecraft:dye","default":-6265536}]},"cases":[{"when":2523397,"model":{"type":"model","model":"hplus:skyblock/armor/skeleton_lord/skeleton_lord_leggings"}}]},"on_false":{"type":"condition","property":"component","predicate":"custom_data","value":{"id":"SKELETON_MASTER_LEGGINGS"},"on_true":{"type":"select","property":"component","component":"dyed_color","fallback":{"type":"model","model":"hplus:skyblock/armor/skeleton_master/skeleton_master_leggings_dyed","tints":[{"type":"minecraft:dye","default":-6265536}]},"cases":[{"when":16739083,"model":{"type":"model","model":"hplus:skyblock/armor/skeleton_master/skeleton_master_leggings"}}]},"on_false":{"type":"condition","property":"component","predicate":"custom_data","value":{"id":"SKELETON_SOLDIER_LEGGINGS"},"on_true":{"type":"select","property":"component","component":"dyed_color","fallback":{"type":"model","model":"hplus:skyblock/armor/skeleton_soldier/skeleton_soldier_leggings_dyed","tints":[{"type":"minecraft:dye","default":-6265536}]},"cases":[{"when":16759819,"model":{"type":"model","model":"hplus:skyblock/armor/skeleton_soldier/skeleton_soldier_leggings"}}]},"on_false":{"type":"condition","property":"component","predicate":"custom_data","value":{"id":"SNOW_SUIT_LEGGINGS"},"on_true":{"type":"select","property":"component","component":"dyed_color","fallback":{"type":"model","model":"hplus:skyblock/armor/snow_suit/snow_suit_leggings_dyed","tints":[{"type":"minecraft:dye","default":-6265536}]},"cases":[{"when":16777215,"model":{"type":"model","model":"hplus:skyblock/armor/snow_suit/snow_suit_leggings"}}]},"on_false":{"type":"condition","property":"component","predicate":"custom_data","value":{"id":"SPEED_WITHER_LEGGINGS"},"on_true":{"type":"condition","property":"component","predicate":"custom_data","value":{"is_shiny":1},"on_true":{"type":"select","property":"component","component":"dyed_color","fallback":{"type":"model","model":"hplus:skyblock/armor/speed_wither/shiny/shiny_speed_wither_leggings_dyed","tints":[{"type":"minecraft:dye","default":-6265536}]},"cases":[{"when":6107065,"model":{"type":"model","model":"hplus:skyblock/armor/speed_wither/shiny/shiny_speed_wither_leggings"}}]},"on_false":{"type":"select","property":"component","component":"dyed_color","fallback":{"type":"model","model":"hplus:skyblock/armor/speed_wither/speed_wither_leggings_dyed","tints":[{"type":"minecraft:dye","default":-6265536}]},"cases":[{"when":6107065,"model":{"type":"model","model":"hplus:skyblock/armor/speed_wither/speed_wither_leggings"}}]}},"on_false":{"type":"condition","property":"component","predicate":"custom_data","value":{"id":"SPEEDSTER_LEGGINGS"},"on_true":{"type":"select","property":"component","component":"dyed_color","fallback":{"type":"model","model":"hplus:skyblock/armor/speedster/speedster_leggings_dyed","tints":[{"type":"minecraft:dye","default":-6265536}]},"cases":[{"when":14744823,"model":{"type":"model","model":"hplus:skyblock/armor/speedster/speedster_leggings"}}]},"on_false":{"type":"condition","property":"component","predicate":"custom_data","value":{"id":"SPONGE_LEGGINGS"},"on_true":{"type":"select","property":"component","component":"dyed_color","fallback":{"type":"model","model":"hplus:skyblock/armor/sponge/sponge_leggings_dyed","tints":[{"type":"minecraft:dye","default":-6265536}]},"cases":[{"when":16768081,"model":{"type":"model","model":"hplus:skyblock/armor/sponge/sponge_leggings"}}]},"on_false":{"type":"condition","property":"component","predicate":"custom_data","value":{"id":"SPOOKY_LEGGINGS"},"on_true":{"type":"select","property":"component","component":"dyed_color","fallback":{"type":"model","model":"hplus:skyblock/armor/spooky/spooky_leggings_dyed","tints":[{"type":"minecraft:dye","default":-6265536}]},"cases":[{"when":6316128,"model":{"type":"model","model":"hplus:skyblock/armor/spooky/spooky_leggings"}}]},"on_false":{"type":"condition","property":"component","predicate":"custom_data","value":{"id":"SQUASH_LEGGINGS"},"on_true":{"type":"select","property":"component","component":"dyed_color","fallback":{"type":"model","model":"hplus:skyblock/armor/squash/squash_leggings_dyed","tints":[{"type":"minecraft:dye","default":-6265536}]},"cases":[{"when":805398,"model":{"type":"model","model":"hplus:skyblock/armor/squash/squash_leggings"}}]},"on_false":{"type":"condition","property":"component","predicate":"custom_data","value":{"id":"STARRED_ADAPTIVE_LEGGINGS"},"on_true":{"type":"select","property":"component","component":"dyed_color","fallback":{"type":"model","model":"hplus:skyblock/armor/adaptive/adaptive_leggings_dyed","tints":[{"type":"minecraft:dye","default":-6265536}]},"cases":[{"when":1482583,"model":{"type":"model","model":"hplus:skyblock/armor/adaptive/adaptive_leggings_archer"}},{"when":12255232,"model":{"type":"model","model":"hplus:skyblock/armor/adaptive/adaptive_leggings_berserker"}},{"when":16775142,"model":{"type":"model","model":"hplus:skyblock/armor/adaptive/adaptive_leggings_healer"}},{"when":7209120,"model":{"type":"model","model":"hplus:skyblock/armor/adaptive/adaptive_leggings_mage"}},{"when":2799013,"model":{"type":"model","model":"hplus:skyblock/armor/adaptive/adaptive_leggings_tank"}},{"when":12565682,"model":{"type":"model","model":"hplus:skyblock/armor/adaptive/starred_adaptive_leggings"}}]},"on_false":{"type":"condition","property":"component","predicate":"custom_data","value":{"id":"STARRED_SHADOW_ASSASSIN_LEGGINGS"},"on_true":{"type":"select","property":"component","component":"dyed_color","fallback":{"type":"model","model":"hplus:skyblock/armor/shadow_assassin/starred_shadow_assassin_leggings_dyed","tints":[{"type":"minecraft:dye","default":-6265536}]},"cases":[{"when":0,"model":{"type":"model","model":"hplus:skyblock/armor/shadow_assassin/starred_shadow_assassin_leggings"}}]},"on_false":{"type":"condition","property":"component","predicate":"custom_data","value":{"id":"STRONG_DRAGON_LEGGINGS"},"on_true":{"type":"select","property":"component","component":"dyed_color","fallback":{"type":"model","model":"hplus:skyblock/armor/strong_dragon/strong_dragon_leggings_dyed","tints":[{"type":"minecraft:dye","default":-6265536}]},"cases":[{"when":14717977,"model":{"type":"model","model":"hplus:skyblock/armor/strong_dragon/strong_dragon_leggings"}}]},"on_false":{"type":"condition","property":"component","predicate":"custom_data","value":{"id":"SUPER_HEAVY_LEGGINGS"},"on_true":{"type":"select","property":"component","component":"dyed_color","fallback":{"type":"model","model":"hplus:skyblock/armor/super_heavy/super_heavy_leggings_dyed","tints":[{"type":"minecraft:dye","default":-6265536}]},"cases":[{"when":5923940,"model":{"type":"model","model":"hplus:skyblock/armor/super_heavy/super_heavy_leggings"}}]},"on_false":{"type":"condition","property":"component","predicate":"custom_data","value":{"id":"SUPERIOR_DRAGON_LEGGINGS"},"on_true":{"type":"select","property":"component","component":"dyed_color","fallback":{"type":"model","model":"hplus:skyblock/armor/superior_dragon/superior_dragon_leggings_dyed","tints":[{"type":"minecraft:dye","default":-6265536}]},"cases":[{"when":15916817,"model":{"type":"model","model":"hplus:skyblock/armor/superior_dragon/superior_dragon_leggings"}}]},"on_false":{"type":"condition","property":"component","predicate":"custom_data","value":{"id":"TANK_WITHER_LEGGINGS"},"on_true":{"type":"condition","property":"component","predicate":"custom_data","value":{"is_shiny":1},"on_true":{"type":"select","property":"component","component":"dyed_color","fallback":{"type":"model","model":"hplus:skyblock/armor/tank_wither/shiny/shiny_tank_wither_leggings_dyed","tints":[{"type":"minecraft:dye","default":-6265536}]},"cases":[{"when":6643802,"model":{"type":"model","model":"hplus:skyblock/armor/tank_wither/shiny/shiny_tank_wither_leggings"}}]},"on_false":{"type":"select","property":"component","component":"dyed_color","fallback":{"type":"model","model":"hplus:skyblock/armor/tank_wither/tank_wither_leggings_dyed","tints":[{"type":"minecraft:dye","default":-6265536}]},"cases":[{"when":6643802,"model":{"type":"model","model":"hplus:skyblock/armor/tank_wither/tank_wither_leggings"}}]}},"on_false":{"type":"condition","property":"component","predicate":"custom_data","value":{"id":"TARANTULA_LEGGINGS"},"on_true":{"type":"select","property":"component","component":"dyed_color","fallback":{"type":"model","model":"hplus:skyblock/armor/tarantula/tarantula_leggings_dyed","tints":[{"type":"minecraft:dye","default":-6265536}]},"cases":[{"when":0,"model":{"type":"model","model":"hplus:skyblock/armor/tarantula/tarantula_leggings"}}]},"on_false":{"type":"condition","property":"component","predicate":"custom_data","value":{"id":"TERROR_LEGGINGS"},"on_true":{"type":"select","property":"component","component":"dyed_color","fallback":{"type":"model","model":"hplus:skyblock/armor/terror/terror/terror_leggings_dyed","tints":[{"type":"minecraft:dye","default":-6265536}]},"cases":[{"when":6104017,"model":{"type":"model","model":"hplus:skyblock/armor/terror/terror/terror_leggings"}}]},"on_false":{"type":"condition","property":"component","predicate":"custom_data","value":{"id":"THUNDER_LEGGINGS"},"on_true":{"type":"select","property":"component","component":"dyed_color","fallback":{"type":"model","model":"hplus:skyblock/armor/thunder/thunder_leggings_dyed","tints":[{"type":"minecraft:dye","default":-6265536}]},"cases":[{"when":2416101,"model":{"type":"model","model":"hplus:skyblock/armor/thunder/thunder_leggings"}}]},"on_false":{"type":"condition","property":"component","predicate":"custom_data","value":{"id":"UNSTABLE_DRAGON_LEGGINGS"},"on_true":{"type":"select","property":"component","component":"dyed_color","fallback":{"type":"model","model":"hplus:skyblock/armor/unstable_dragon/unstable_dragon_leggings_dyed","tints":[{"type":"minecraft:dye","default":-6265536}]},"cases":[{"when":11670243,"model":{"type":"model","model":"hplus:skyblock/armor/unstable_dragon/unstable_dragon_leggings"}}]},"on_false":{"type":"condition","property":"component","predicate":"custom_data","value":{"id":"VANGUARD_LEGGINGS"},"on_true":{"type":"select","property":"component","component":"dyed_color","fallback":{"type":"model","model":"hplus:skyblock/armor/vanguard/vanguard_leggings_dyed","tints":[{"type":"minecraft:dye","default":-6265536}]},"cases":[{"when":3508479,"model":{"type":"model","model":"hplus:skyblock/armor/vanguard/vanguard_leggings"}}]},"on_false":{"type":"condition","property":"component","predicate":"custom_data","value":{"id":"WATCHER_LEGS"},"on_true":{"type":"model","model":"hplus:skyblock/armor/mobs/watcher/watcher_legs"},"on_false":{"type":"condition","property":"component","predicate":"custom_data","value":{"id":"WEREWOLF_LEGGINGS"},"on_true":{"type":"select","property":"component","component":"dyed_color","fallback":{"type":"model","model":"hplus:skyblock/armor/werewolf/werewolf_leggings_dyed","tints":[{"type":"minecraft:dye","default":-6265536}]},"cases":[{"when":1904901,"model":{"type":"model","model":"hplus:skyblock/armor/werewolf/werewolf_leggings"}}]},"on_false":{"type":"condition","property":"component","predicate":"custom_data","value":{"id":"WISE_DRAGON_LEGGINGS"},"on_true":{"type":"select","property":"component","component":"dyed_color","fallback":{"type":"model","model":"hplus:skyblock/armor/wise_dragon/wise_dragon_leggings_dyed","tints":[{"type":"minecraft:dye","default":-6265536}]},"cases":[{"when":2748649,"model":{"type":"model","model":"hplus:skyblock/armor/wise_dragon/wise_dragon_leggings"}}]},"on_false":{"type":"condition","property":"component","predicate":"custom_data","value":{"id":"WISE_WITHER_LEGGINGS"},"on_true":{"type":"condition","property":"component","predicate":"custom_data","value":{"is_shiny":1},"on_true":{"type":"select","property":"component","component":"dyed_color","fallback":{"type":"model","model":"hplus:skyblock/armor/wise_wither/shiny/shiny_wise_wither_leggings_dyed","tints":[{"type":"minecraft:dye","default":-6265536}]},"cases":[{"when":1550532,"model":{"type":"model","model":"hplus:skyblock/armor/wise_wither/shiny/shiny_wise_wither_leggings"}}]},"on_false":{"type":"select","property":"component","component":"dyed_color","fallback":{"type":"model","model":"hplus:skyblock/armor/wise_wither/wise_wither_leggings_dyed","tints":[{"type":"minecraft:dye","default":-6265536}]},"cases":[{"when":1550532,"model":{"type":"model","model":"hplus:skyblock/armor/wise_wither/wise_wither_leggings"}}]}},"on_false":{"type":"condition","property":"component","predicate":"custom_data","value":{"id":"WITHER_LEGGINGS"},"on_true":{"type":"condition","property":"component","predicate":"custom_data","value":{"is_shiny":1},"on_true":{"type":"select","property":"component","component":"dyed_color","fallback":{"type":"model","model":"hplus:skyblock/armor/wither/shiny/shiny_wither_leggings_dyed","tints":[{"type":"minecraft:dye","default":-6265536}]},"cases":[{"when":0,"model":{"type":"model","model":"hplus:skyblock/armor/wither/shiny/shiny_wither_leggings"}}]},"on_false":{"type":"select","property":"component","component":"dyed_color","fallback":{"type":"model","model":"hplus:skyblock/armor/wither/wither_leggings_dyed","tints":[{"type":"minecraft:dye","default":-6265536}]},"cases":[{"when":0,"model":{"type":"model","model":"hplus:skyblock/armor/wither/wither_leggings"}}]}},"on_false":{"type":"condition","property":"component","predicate":"custom_data","value":{"id":"WIZARDMAN_LEGGINGS"},"on_true":{"type":"model","model":"hplus:skyblock/armor/rift/wizardman/wizardman_leggings","tints":[{"type":"minecraft:dye","default":-6265536}]},"on_false":{"type":"condition","property":"component","predicate":"custom_data","value":{"id":"WYLD_LEGGINGS"},"on_true":{"type":"model","model":"hplus:skyblock/armor/rift/wyld/wyld_leggings"},"on_false":{"type":"condition","property":"component","predicate":"custom_data","value":{"id":"YOUNG_DRAGON_LEGGINGS"},"on_true":{"type":"select","property":"component","component":"dyed_color","fallback":{"type":"model","model":"hplus:skyblock/armor/young_dragon/young_dragon_leggings_dyed","tints":[{"type":"minecraft:dye","default":-6265536}]},"cases":[{"when":14542064,"model":{"type":"model","model":"hplus:skyblock/armor/young_dragon/young_dragon_leggings"}}]},"on_false":{"type":"condition","property":"component","predicate":"custom_data","value":{"id":"ZOMBIE_COMMANDER_LEGGINGS"},"on_true":{"type":"select","property":"component","component":"dyed_color","fallback":{"type":"model","model":"hplus:skyblock/armor/zombie_commander/zombie_commander_leggings_dyed","tints":[{"type":"minecraft:dye","default":-6265536}]},"cases":[{"when":13963824,"model":{"type":"model","model":"hplus:skyblock/armor/zombie_commander/zombie_commander_leggings"}}]},"on_false":{"type":"condition","property":"component","predicate":"custom_data","value":{"id":"ZOMBIE_LORD_LEGGINGS"},"on_true":{"type":"select","property":"component","component":"dyed_color","fallback":{"type":"model","model":"hplus:skyblock/armor/zombie_lord/zombie_lord_leggings_dyed","tints":[{"type":"minecraft:dye","default":-6265536}]},"cases":[{"when":10158529,"model":{"type":"model","model":"hplus:skyblock/armor/zombie_lord/zombie_lord_leggings"}}]},"on_false":{"type":"condition","property":"component","predicate":"custom_data","value":{"id":"ZOMBIE_SOLDIER_LEGGINGS"},"on_true":{"type":"select","property":"component","component":"dyed_color","fallback":{"type":"model","model":"hplus:skyblock/armor/zombie_soldier/zombie_soldier_leggings_dyed","tints":[{"type":"minecraft:dye","default":-6265536}]},"cases":[{"when":13664000,"model":{"type":"model","model":"hplus:skyblock/armor/zombie_soldier/zombie_soldier_leggings"}}]},"HPLUS":"ARMOR_DYED","on_false":{"type":"condition","property":"component","predicate":"custom_data","value":{"id":"DIAMOND_HUNTER_LEGGINGS"},"on_true":{"type":"model","model":"hplus:skyblock/armor/hunter/diamond/diamond_hunter_leggings_dyed","tints":[{"type":"minecraft:dye","default":-6265536}]},"on_false":{"type":"condition","property":"component","predicate":"custom_data","value":{"id":"DIVAN_LEGGINGS"},"on_true":{"type":"model","model":"hplus:skyblock/armor/divan/divan_leggings_dyed","tints":[{"type":"minecraft:dye","default":-6265536}]},"on_false":{"type":"condition","property":"component","predicate":"custom_data","value":{"id":"DIVER_LEGGINGS"},"on_true":{"type":"model","model":"hplus:skyblock/armor/diver/diver_leggings_dyed","tints":[{"type":"minecraft:dye","default":-6265536}]},"on_false":{"type":"condition","property":"component","predicate":"custom_data","value":{"id":"EMBER_LEGGINGS"},"on_true":{"type":"model","model":"hplus:skyblock/armor/ember/ember_leggings_dyed","tints":[{"type":"minecraft:dye","default":-6265536}]},"on_false":{"type":"condition","property":"component","predicate":"custom_data","value":{"id":"END_LEGGINGS"},"on_true":{"type":"model","model":"hplus:skyblock/armor/end/end_leggings_dyed","tints":[{"type":"minecraft:dye","default":-6265536}]},"on_false":{"type":"condition","property":"component","predicate":"custom_data","value":{"id":"FLAME_BREAKER_LEGGINGS"},"on_true":{"type":"model","model":"hplus:skyblock/armor/flame_breaker/flame_breaker_leggings_dyed","tints":[{"type":"minecraft:dye","default":-6265536}]},"on_false":{"type":"condition","property":"component","predicate":"custom_data","value":{"id":"FLAMEBREAKER_LEGGINGS"},"on_true":{"type":"model","model":"hplus:skyblock/armor/flamebreaker/flamebreaker_leggings_dyed","tints":[{"type":"minecraft:dye","default":-6265536}]},"on_false":{"type":"condition","property":"component","predicate":"custom_data","value":{"id":"GOLD_HUNTER_LEGGINGS"},"on_true":{"type":"model","model":"hplus:skyblock/armor/hunter/gold/gold_hunter_leggings_dyed","tints":[{"type":"minecraft:dye","default":-6265536}]},"on_false":{"type":"condition","property":"component","predicate":"custom_data","value":{"id":"GOLEM_ARMOR_LEGGINGS"},"on_true":{"type":"model","model":"hplus:skyblock/armor/golem_armor/golem_armor_leggings_dyed","tints":[{"type":"minecraft:dye","default":-6265536}]},"on_false":{"type":"condition","property":"component","predicate":"custom_data","value":{"id":"HARDENED_DIAMOND_LEGGINGS"},"on_true":{"type":"model","model":"hplus:skyblock/armor/hardened_diamond/hardened_diamond_leggings_dyed","tints":[{"type":"minecraft:dye","default":-6265536}]},"on_false":{"type":"condition","property":"component","predicate":"custom_data","value":{"id":"LEGGINGS_OF_THE_PACK"},"on_true":{"type":"model","model":"hplus:skyblock/armor/of_the_pack/leggings_of_the_pack_dyed","tints":[{"type":"minecraft:dye","default":-6265536}]},"on_false":{"type":"condition","property":"component","predicate":"custom_data","value":{"id":"MASTIFF_LEGGINGS"},"on_true":{"type":"model","model":"hplus:skyblock/armor/mastiff/mastiff_leggings_dyed","tints":[{"type":"minecraft:dye","default":-6265536}]},"on_false":{"type":"condition","property":"component","predicate":"custom_data","value":{"id":"MERCENARY_LEGGINGS"},"on_true":{"type":"model","model":"hplus:skyblock/armor/mercenary/mercenary_leggings_dyed","tints":[{"type":"minecraft:dye","default":-6265536}]},"on_false":{"type":"condition","property":"component","predicate":"custom_data","value":{"id":"PERFECT_LEGGINGS_1"},"on_true":{"type":"model","model":"hplus:skyblock/armor/perfect/perfect_1/perfect_leggings_1_dyed","tints":[{"type":"minecraft:dye","default":-6265536}]},"on_false":{"type":"condition","property":"component","predicate":"custom_data","value":{"id":"PERFECT_LEGGINGS_10"},"on_true":{"type":"model","model":"hplus:skyblock/armor/perfect/perfect_10/perfect_leggings_10_dyed","tints":[{"type":"minecraft:dye","default":-6265536}]},"on_false":{"type":"condition","property":"component","predicate":"custom_data","value":{"id":"PERFECT_LEGGINGS_11"},"on_true":{"type":"model","model":"hplus:skyblock/armor/perfect/perfect_11/perfect_leggings_11_dyed","tints":[{"type":"minecraft:dye","default":-6265536}]},"on_false":{"type":"condition","property":"component","predicate":"custom_data","value":{"id":"PERFECT_LEGGINGS_12"},"on_true":{"type":"model","model":"hplus:skyblock/armor/perfect/perfect_12/perfect_leggings_12_dyed","tints":[{"type":"minecraft:dye","default":-6265536}]},"on_false":{"type":"condition","property":"component","predicate":"custom_data","value":{"id":"PERFECT_LEGGINGS_13"},"on_true":{"type":"model","model":"hplus:skyblock/armor/perfect/perfect_13/perfect_leggings_13_dyed","tints":[{"type":"minecraft:dye","default":-6265536}]},"on_false":{"type":"condition","property":"component","predicate":"custom_data","value":{"id":"PERFECT_LEGGINGS_2"},"on_true":{"type":"model","model":"hplus:skyblock/armor/perfect/perfect_2/perfect_leggings_2_dyed","tints":[{"type":"minecraft:dye","default":-6265536}]},"on_false":{"type":"condition","property":"component","predicate":"custom_data","value":{"id":"PERFECT_LEGGINGS_3"},"on_true":{"type":"model","model":"hplus:skyblock/armor/perfect/perfect_3/perfect_leggings_3_dyed","tints":[{"type":"minecraft:dye","default":-6265536}]},"on_false":{"type":"condition","property":"component","predicate":"custom_data","value":{"id":"PERFECT_LEGGINGS_4"},"on_true":{"type":"model","model":"hplus:skyblock/armor/perfect/perfect_4/perfect_leggings_4_dyed","tints":[{"type":"minecraft:dye","default":-6265536}]},"on_false":{"type":"condition","property":"component","predicate":"custom_data","value":{"id":"PERFECT_LEGGINGS_5"},"on_true":{"type":"model","model":"hplus:skyblock/armor/perfect/perfect_5/perfect_leggings_5_dyed","tints":[{"type":"minecraft:dye","default":-6265536}]},"on_false":{"type":"condition","property":"component","predicate":"custom_data","value":{"id":"PERFECT_LEGGINGS_6"},"on_true":{"type":"model","model":"hplus:skyblock/armor/perfect/perfect_6/perfect_leggings_6_dyed","tints":[{"type":"minecraft:dye","default":-6265536}]},"on_false":{"type":"condition","property":"component","predicate":"custom_data","value":{"id":"PERFECT_LEGGINGS_7"},"on_true":{"type":"model","model":"hplus:skyblock/armor/perfect/perfect_7/perfect_leggings_7_dyed","tints":[{"type":"minecraft:dye","default":-6265536}]},"on_false":{"type":"condition","property":"component","predicate":"custom_data","value":{"id":"PERFECT_LEGGINGS_8"},"on_true":{"type":"model","model":"hplus:skyblock/armor/perfect/perfect_8/perfect_leggings_8_dyed","tints":[{"type":"minecraft:dye","default":-6265536}]},"on_false":{"type":"condition","property":"component","predicate":"custom_data","value":{"id":"PERFECT_LEGGINGS_9"},"on_true":{"type":"model","model":"hplus:skyblock/armor/perfect/perfect_9/perfect_leggings_9_dyed","tints":[{"type":"minecraft:dye","default":-6265536}]},"on_false":{"type":"condition","property":"component","predicate":"custom_data","value":{"id":"REKINDLED_EMBER_LEGGINGS"},"on_true":{"type":"model","model":"hplus:skyblock/armor/rekindled_ember/rekindled_ember_leggings_dyed","tints":[{"type":"minecraft:dye","default":-6265536}]},"on_false":{"type":"condition","property":"component","predicate":"custom_data","value":{"id":"REVENANT_LEGGINGS"},"on_true":{"type":"model","model":"hplus:skyblock/armor/revenant/revenant_leggings_dyed","tints":[{"type":"minecraft:dye","default":-6265536}]},"on_false":{"type":"condition","property":"component","predicate":"custom_data","value":{"id":"ROSETTA_LEGGINGS"},"on_true":{"type":"model","model":"hplus:skyblock/armor/rosetta/rosetta_leggings_dyed","tints":[{"type":"minecraft:dye","default":-6265536}]},"on_false":{"type":"condition","property":"component","predicate":"custom_data","value":{"id":"SILVER_HUNTER_LEGGINGS"},"on_true":{"type":"model","model":"hplus:skyblock/armor/hunter/silver/silver_hunter_leggings_dyed","tints":[{"type":"minecraft:dye","default":-6265536}]},"on_false":{"type":"condition","property":"component","predicate":"custom_data","value":{"id":"SKELETOR_LEGGINGS"},"on_true":{"type":"model","model":"hplus:skyblock/armor/skeletor/skeletor_leggings_dyed","tints":[{"type":"minecraft:dye","default":-6265536}]},"on_false":{"type":"condition","property":"component","predicate":"custom_data","value":{"id":"SORROW_LEGGINGS"},"on_true":{"type":"model","model":"hplus:skyblock/armor/sorrow/sorrow_leggings_dyed","tints":[{"type":"minecraft:dye","default":-6265536}]},"on_false":{"type":"condition","property":"component","predicate":"custom_data","value":{"id":"SQUIRE_LEGGINGS"},"on_true":{"type":"model","model":"hplus:skyblock/armor/squire/squire_leggings_dyed","tints":[{"type":"minecraft:dye","default":-6265536}]},"on_false":{"type":"condition","property":"component","predicate":"custom_data","value":{"id":"STAR_LEGGINGS"},"on_true":{"type":"model","model":"hplus:skyblock/armor/admin/star_leggings_dyed","tints":[{"type":"minecraft:dye","default":-6265536}]},"on_false":{"type":"condition","property":"component","predicate":"custom_data","value":{"id":"STARLIGHT_LEGGINGS"},"on_true":{"type":"model","model":"hplus:skyblock/armor/starlight/starlight_leggings_dyed","tints":[{"type":"minecraft:dye","default":-6265536}]},"on_false":{"type":"condition","property":"component","predicate":"custom_data","value":{"id":"TANK_MINER_LEGGINGS"},"on_true":{"type":"model","model":"hplus:skyblock/armor/tank_miner/tank_miner_leggings_dyed","tints":[{"type":"minecraft:dye","default":-6265536}]},"on_false":{"type":"condition","property":"component","predicate":"custom_data","value":{"id":"TITAN_LEGGINGS"},"on_true":{"type":"model","model":"hplus:skyblock/armor/admin/titan_leggings_dyed","tints":[{"type":"minecraft:dye","default":-6265536}]},"on_false":{"type":"condition","property":"component","predicate":"custom_data","value":{"id":"ZOMBIE_KNIGHT_LEGGINGS"},"on_true":{"type":"model","model":"hplus:skyblock/armor/zombie_knight/zombie_knight_leggings_dyed","tints":[{"type":"minecraft:dye","default":-6265536}]},"on_false":{"type":"condition","property":"component","predicate":"custom_data","value":{"id":"ZOMBIE_LEGGINGS"},"on_true":{"type":"model","model":"hplus:skyblock/armor/zombie/zombie_leggings_dyed","tints":[{"type":"minecraft:dye","default":-6265536}]},"on_false":{"type":"minecraft:select","cases":[{"model":{"type":"minecraft:model","model":"minecraft:item/leather_leggings_quartz_trim","tints":[{"type":"minecraft:dye","default":-6265536}]},"when":"minecraft:quartz"},{"model":{"type":"minecraft:model","model":"minecraft:item/leather_leggings_iron_trim","tints":[{"type":"minecraft:dye","default":-6265536}]},"when":"minecraft:iron"},{"model":{"type":"minecraft:model","model":"minecraft:item/leather_leggings_netherite_trim","tints":[{"type":"minecraft:dye","default":-6265536}]},"when":"minecraft:netherite"},{"model":{"type":"minecraft:model","model":"minecraft:item/leather_leggings_redstone_trim","tints":[{"type":"minecraft:dye","default":-6265536}]},"when":"minecraft:redstone"},{"model":{"type":"minecraft:model","model":"minecraft:item/leather_leggings_copper_trim","tints":[{"type":"minecraft:dye","default":-6265536}]},"when":"minecraft:copper"},{"model":{"type":"minecraft:model","model":"minecraft:item/leather_leggings_gold_trim","tints":[{"type":"minecraft:dye","default":-6265536}]},"when":"minecraft:gold"},{"model":{"type":"minecraft:model","model":"minecraft:item/leather_leggings_emerald_trim","tints":[{"type":"minecraft:dye","default":-6265536}]},"when":"minecraft:emerald"},{"model":{"type":"minecraft:model","model":"minecraft:item/leather_leggings_diamond_trim","tints":[{"type":"minecraft:dye","default":-6265536}]},"when":"minecraft:diamond"},{"model":{"type":"minecraft:model","model":"minecraft:item/leather_leggings_lapis_trim","tints":[{"type":"minecraft:dye","default":-6265536}]},"when":"minecraft:lapis"},{"model":{"type":"minecraft:model","model":"minecraft:item/leather_leggings_amethyst_trim","tints":[{"type":"minecraft:dye","default":-6265536}]},"when":"minecraft:amethyst"},{"model":{"type":"minecraft:model","model":"minecraft:item/leather_leggings_resin_trim","tints":[{"type":"minecraft:dye","default":-6265536}]},"when":"minecraft:resin"}],"fallback":{"type":"minecraft:model","model":"minecraft:item/leather_leggings","tints":[{"type":"minecraft:dye","default":-6265536}]},"property":"minecraft:trim_material"}}}}}}}}}}}}}}}}}}}}}}}}}}}}}}}}}}}}}}}}}}}}}}}}}}}}}}}}}}}}}}}}}}}}}}}}}}}}}}}}}}}}}}}}}}}}}}}}}}}}}}}}}}}}}}}}}}}}}}}}}}}}}}}}}}}}}}}}}}}}}}}}}}}}}}}}}}}}}}}}}}}}}}}}