{"model":{"fallback":{"type":"condition","property":"component","predicate":"custom_data","value":{"id":"ADAPTIVE_CHESTPLATE"},"on_true":{"type":"select","property":"component","component":"dyed_color","fallback":{"type":"model","model":"hplus:skyblock/armor/adaptive/adaptive_chestplate_dyed","tints":[{"type":"minecraft:dye","default":-6265536}]},"cases":[{"when":3849848,"model":{"type":"model","model":"hplus:skyblock/armor/adaptive/adaptive_chestplate_archer"}},{"when":16728642,"model":{"type":"model","model":"hplus:skyblock/armor/adaptive/adaptive_chestplate_berserker"}},{"when":16761396,"model":{"type":"model","model":"hplus:skyblock/armor/adaptive/adaptive_chestplate_healer"}},{"when":13990399,"model":{"type":"model","model":"hplus:skyblock/armor/adaptive/adaptive_chestplate_mage"}},{"when":8578008,"model":{"type":"model","model":"hplus:skyblock/armor/adaptive/adaptive_chestplate_tank"}},{"when":12565682,"model":{"type":"model","model":"hplus:skyblock/armor/adaptive/adaptive_chestplate"}}]},"on_false":{"type":"condition","property":"component","predicate":"custom_data","value":{"id":"ANGLER_CHESTPLATE"},"on_true":{"type":"select","property":"component","component":"dyed_color","fallback":{"type":"model","model":"hplus:skyblock/armor/angler/angler_chestplate_dyed","tints":[{"type":"minecraft:dye","default":-6265536}]},"cases":[{"when":720975,"model":{"type":"model","model":"hplus:skyblock/armor/angler/angler_chestplate"}}]},"on_false":{"type":"condition","property":"component","predicate":"custom_data","value":{"id":"ARACHNE_CHESTPLATE"},"on_true":{"type":"select","property":"component","component":"dyed_color","fallback":{"type":"model","model":"hplus:skyblock/armor/arachne/arachne_chestplate_dyed","tints":[{"type":"minecraft:dye","default":-6265536}]},"cases":[{"when":9109504,"model":{"type":"model","model":"hplus:skyblock/armor/arachne/arachne_chestplate"}}]},"on_false":{"type":"condition","property":"component","predicate":"custom_data","value":{"id":"ARMOR_OF_MAGMA_CHESTPLATE"},"on_true":{"type":"select","property":"component","component":"dyed_color","fallback":{"type":"model","model":"hplus:skyblock/armor/armor_of_magma/armor_of_magma_chestplate_dyed","tints":[{"type":"minecraft:dye","default":-6265536}]},"cases":[{"when":16749312,"model":{"type":"model","model":"hplus:skyblock/armor/armor_of_magma/armor_of_magma_chestplate"}}]},"on_false":{"type":"condition","property":"component","predicate":"custom_data","value":{"id":"ARMOR_OF_YOG_CHESTPLATE"},"on_true":{"type":"select","property":"component","component":"dyed_color","fallback":{"type":"model","model":"hplus:skyblock/armor/armor_of_yog/armor_of_yog_chestplate_dyed","tints":[{"type":"minecraft:dye","default":-6265536}]},"cases":[{"when":13120000,"model":{"type":"model","model":"hplus:skyblock/armor/armor_of_yog/armor_of_yog_chestplate"}}]},"on_false":{"type":"condition","property":"component","predicate":"custom_data","value":{"id":"AURORA_CHESTPLATE"},"on_true":{"type":"select","property":"component","component":"dyed_color","fallback":{"type":"model","model":"hplus:skyblock/armor/aurora/aurora/aurora_chestplate_dyed","tints":[{"type":"minecraft:dye","default":-6265536}]},"cases":[{"when":2638321,"model":{"type":"model","model":"hplus:skyblock/armor/aurora/aurora/aurora_chestplate"}}]},"on_false":{"type":"condition","property":"component","predicate":"custom_data","value":{"id":"BACKWATER_CHESTPLATE"},"on_true":{"type":"select","property":"component","component":"dyed_color","fallback":{"type":"model","model":"hplus:skyblock/armor/backwater/backwater_chestplate_dyed","tints":[{"type":"minecraft:dye","default":-6265536}]},"cases":[{"when":97585,"model":{"type":"model","model":"hplus:skyblock/armor/backwater/backwater_chestplate"}}]},"on_false":{"type":"condition","property":"component","predicate":"custom_data","value":{"id":"BAT_PERSON_CHESTPLATE"},"on_true":{"type":"select","property":"component","component":"dyed_color","fallback":{"type":"model","model":"hplus:skyblock/armor/bat_person/bat_person_chestplate_dyed","tints":[{"type":"minecraft:dye","default":-6265536}]},"cases":[{"when":0,"model":{"type":"model","model":"hplus:skyblock/armor/bat_person/bat_person_chestplate"}}]},"on_false":{"type":"condition","property":"component","predicate":"custom_data","value":{"id":"BERSERKER_CHESTPLATE"},"on_true":{"type":"select","property":"component","component":"dyed_color","fallback":{"type":"model","model":"hplus:skyblock/armor/berserker/berserker_chestplate_dyed","tints":[{"type":"minecraft:dye","default":-6265536}]},"cases":[{"when":16753467,"model":{"type":"model","model":"hplus:skyblock/armor/berserker/berserker_chestplate"}}]},"on_false":{"type":"condition","property":"component","predicate":"custom_data","value":{"id":"BIOHAZARD_SUIT"},"on_true":{"type":"select","property":"component","component":"dyed_color","fallback":{"type":"model","model":"hplus:skyblock/armor/biohazard/biohazard_suit_dyed","tints":[{"type":"minecraft:dye","default":-6265536}]},"cases":[{"when":16755712,"model":{"type":"model","model":"hplus:skyblock/armor/biohazard/biohazard_suit"}}]},"on_false":{"type":"condition","property":"component","predicate":"custom_data","value":{"id":"BLAZE_CHESTPLATE"},"on_true":{"type":"select","property":"component","component":"dyed_color","fallback":{"type":"model","model":"hplus:skyblock/armor/blaze/blaze_chestplate_dyed","tints":[{"type":"minecraft:dye","default":-6265536}]},"cases":[{"when":16243251,"model":{"type":"model","model":"hplus:skyblock/armor/blaze/blaze_chestplate"}}]},"on_false":{"type":"condition","property":"component","predicate":"custom_data","value":{"id":"BOUNCY_CHESTPLATE"},"on_true":{"type":"select","property":"component","component":"dyed_color","fallback":{"type":"model","model":"hplus:skyblock/armor/bouncy/bouncy_chestplate_dyed","tints":[{"type":"minecraft:dye","default":-6265536}]},"cases":[{"when":11403055,"model":{"type":"model","model":"hplus:skyblock/armor/bouncy/bouncy_chestplate"}}]},"on_false":{"type":"condition","property":"component","predicate":"custom_data","value":{"id":"BRONZE_HUNTER_CHESTPLATE"},"on_true":{"type":"condition","property":"has_component","component":"dyed_color","on_true":{"type":"model","model":"hplus:skyblock/armor/hunter/bronze/bronze_hunter_chestplate_dyed","tints":[{"type":"minecraft:dye","default":-6265536}]},"on_false":{"type":"model","model":"hplus:skyblock/armor/hunter/bronze/bronze_hunter_chestplate"}},"on_false":{"type":"condition","property":"component","predicate":"custom_data","value":{"id":"BURNING_AURORA_CHESTPLATE"},"on_true":{"type":"select","property":"component","component":"dyed_color","fallback":{"type":"model","model":"hplus:skyblock/armor/aurora/burning/burning_aurora_chestplate_dyed","tints":[{"type":"minecraft:dye","default":-6265536}]},"cases":[{"when":2638321,"model":{"type":"model","model":"hplus:skyblock/armor/aurora/burning/burning_aurora_chestplate"}}]},"on_false":{"type":"condition","property":"component","predicate":"custom_data","value":{"id":"BURNING_CRIMSON_CHESTPLATE"},"on_true":{"type":"select","property":"component","component":"dyed_color","fallback":{"type":"model","model":"hplus:skyblock/armor/crimson/burning/burning_crimson_chestplate_dyed","tints":[{"type":"minecraft:dye","default":-6265536}]},"cases":[{"when":16740108,"model":{"type":"model","model":"hplus:skyblock/armor/crimson/burning/burning_crimson_chestplate"}}]},"on_false":{"type":"condition","property":"component","predicate":"custom_data","value":{"id":"BURNING_FERVOR_CHESTPLATE"},"on_true":{"type":"select","property":"component","component":"dyed_color","fallback":{"type":"model","model":"hplus:skyblock/armor/fervor/burning/burning_fervor_chestplate_dyed","tints":[{"type":"minecraft:dye","default":-6265536}]},"cases":[{"when":15746857,"model":{"type":"model","model":"hplus:skyblock/armor/fervor/burning/burning_fervor_chestplate"}}]},"on_false":{"type":"condition","property":"component","predicate":"custom_data","value":{"id":"BURNING_HOLLOW_CHESTPLATE"},"on_true":{"type":"select","property":"component","component":"dyed_color","fallback":{"type":"model","model":"hplus:skyblock/armor/hollow/burning/burning_hollow_chestplate_dyed","tints":[{"type":"minecraft:dye","default":-6265536}]},"cases":[{"when":16763661,"model":{"type":"model","model":"hplus:skyblock/armor/hollow/burning/burning_hollow_chestplate"}}]},"on_false":{"type":"condition","property":"component","predicate":"custom_data","value":{"id":"BURNING_TERROR_CHESTPLATE"},"on_true":{"type":"select","property":"component","component":"dyed_color","fallback":{"type":"model","model":"hplus:skyblock/armor/terror/burning/burning_terror_chestplate_dyed","tints":[{"type":"minecraft:dye","default":-6265536}]},"cases":[{"when":4064687,"model":{"type":"model","model":"hplus:skyblock/armor/terror/burning/burning_terror_chestplate"}}]},"on_false":{"type":"condition","property":"component","predicate":"custom_data","value":{"id":"CACTUS_CHESTPLATE"},"on_true":{"type":"select","property":"component","component":"dyed_color","fallback":{"type":"model","model":"hplus:skyblock/armor/cactus/cactus_chestplate_dyed","tints":[{"type":"minecraft:dye","default":-6265536}]},"cases":[{"when":65280,"model":{"type":"model","model":"hplus:skyblock/armor/cactus/cactus_chestplate"}}]},"on_false":{"type":"condition","property":"component","predicate":"custom_data","value":{"id":"CASHMERE_JACKET"},"on_true":{"type":"model","model":"hplus:skyblock/armor/tuxedo/seymour/cashmere_jacket","tints":[{"type":"minecraft:dye","default":-6265536}]},"on_false":{"type":"condition","property":"component","predicate":"custom_data","value":{"id":"CELESTE_CHESTPLATE"},"on_true":{"type":"select","property":"component","component":"dyed_color","fallback":{"type":"model","model":"hplus:skyblock/armor/celeste/celeste_chestplate_dyed","tints":[{"type":"minecraft:dye","default":-6265536}]},"cases":[{"when":16748254,"model":{"type":"model","model":"hplus:skyblock/armor/celeste/celeste_chestplate"}}]},"on_false":{"type":"condition","property":"component","predicate":"custom_data","value":{"id":"CHEAP_TUXEDO_CHESTPLATE"},"on_true":{"type":"select","property":"component","component":"dyed_color","fallback":{"type":"model","model":"hplus:skyblock/armor/tuxedo/cheap/cheap_tuxedo_chestplate_dyed","tints":[{"type":"minecraft:dye","default":-6265536}]},"cases":[{"when":3684408,"model":{"type":"model","model":"hplus:skyblock/armor/tuxedo/cheap/cheap_tuxedo_chestplate"}}]},"on_false":{"type":"condition","property":"component","predicate":"custom_data","value":{"id":"CHESTPLATE_OF_THE_PACK"},"on_true":{"type":"select","property":"component","component":"dyed_color","fallback":{"type":"model","model":"hplus:skyblock/armor/of_the_pack/chestplate_of_the_pack_dyed","tints":[{"type":"minecraft:dye","default":-6265536}]},"cases":[{"when":16711680,"model":{"type":"model","model":"hplus:skyblock/armor/of_the_pack/chestplate_of_the_pack"}}]},"on_false":{"type":"condition","property":"component","predicate":"custom_data","value":{"id":"CRIMSON_CHESTPLATE"},"on_true":{"type":"select","property":"component","component":"dyed_color","fallback":{"type":"model","model":"hplus:skyblock/armor/crimson/crimson/crimson_chestplate_dyed","tints":[{"type":"minecraft:dye","default":-6265536}]},"cases":[{"when":16740108,"model":{"type":"model","model":"hplus:skyblock/armor/crimson/crimson/crimson_chestplate"}}]},"on_false":{"type":"condition","property":"component","predicate":"custom_data","value":{"id":"CROPIE_CHESTPLATE"},"on_true":{"type":"select","property":"component","component":"dyed_color","fallback":{"type":"model","model":"hplus:skyblock/armor/cropie/cropie_chestplate_dyed","tints":[{"type":"minecraft:dye","default":-6265536}]},"cases":[{"when":8005888,"model":{"type":"model","model":"hplus:skyblock/armor/cropie/cropie_chestplate"}}]},"on_false":{"type":"condition","property":"component","predicate":"custom_data","value":{"id":"CRYPT_WITHERLORD_CHESTPLATE"},"on_true":{"type":"select","property":"component","component":"dyed_color","fallback":{"type":"model","model":"hplus:skyblock/armor/crypt_witherlord/crypt_witherlord_chestplate_dyed","tints":[{"type":"minecraft:dye","default":-6265536}]},"cases":[{"when":4522241,"model":{"type":"model","model":"hplus:skyblock/armor/crypt_witherlord/crypt_witherlord_chestplate"}}]},"on_false":{"type":"condition","property":"component","predicate":"custom_data","value":{"id":"CRYSTAL_CHESTPLATE"},"on_true":{"type":"model","model":"hplus:skyblock/armor/crystal/crystal_chestplate","tints":[{"type":"minecraft:dye","default":-6265536}]},"on_false":{"type":"condition","property":"component","predicate":"custom_data","value":{"id":"ELEANOR_TUNIC"},"on_true":{"type":"select","property":"component","component":"dyed_color","fallback":{"type":"model","model":"hplus:skyblock/armor/eleanor/eleanor_tunic_dyed","tints":[{"type":"minecraft:dye","default":-6265536}]},"cases":[{"when":16766720,"model":{"type":"model","model":"hplus:skyblock/armor/eleanor/eleanor_tunic"}}]},"on_false":{"type":"condition","property":"component","predicate":"custom_data","value":{"id":"ELEGANT_TUXEDO_CHESTPLATE"},"on_true":{"type":"select","property":"component","component":"dyed_color","fallback":{"type":"model","model":"hplus:skyblock/armor/tuxedo/elegant/elegant_tuxedo_chestplate_dyed","tints":[{"type":"minecraft:dye","default":-6265536}]},"cases":[{"when":1644825,"model":{"type":"model","model":"hplus:skyblock/armor/tuxedo/elegant/elegant_tuxedo_chestplate"}}]},"on_false":{"type":"condition","property":"component","predicate":"custom_data","value":{"id":"EMERALD_ARMOR_CHESTPLATE"},"on_true":{"type":"select","property":"component","component":"dyed_color","fallback":{"type":"model","model":"hplus:skyblock/armor/emerald_armor/emerald_armor_chestplate_dyed","tints":[{"type":"minecraft:dye","default":-6265536}]},"cases":[{"when":65280,"model":{"type":"model","model":"hplus:skyblock/armor/emerald_armor/emerald_armor_chestplate"}}]},"on_false":{"type":"condition","property":"component","predicate":"custom_data","value":{"id":"EMPEROR_ROBES"},"on_true":{"type":"model","model":"hplus:skyblock/armor/mobs/emperor/emperor_robes"},"on_false":{"type":"condition","property":"component","predicate":"custom_data","value":{"id":"FAIRY_CHESTPLATE"},"on_true":{"type":"model","model":"hplus:skyblock/armor/fairy/fairy_chestplate","tints":[{"type":"minecraft:dye","default":-6265536}]},"on_false":{"type":"condition","property":"component","predicate":"custom_data","value":{"id":"FANCY_TUXEDO_CHESTPLATE"},"on_true":{"type":"select","property":"component","component":"dyed_color","fallback":{"type":"model","model":"hplus:skyblock/armor/tuxedo/fancy/fancy_tuxedo_chestplate_dyed","tints":[{"type":"minecraft:dye","default":-6265536}]},"cases":[{"when":3353130,"model":{"type":"model","model":"hplus:skyblock/armor/tuxedo/fancy/fancy_tuxedo_chestplate"}}]},"on_false":{"type":"condition","property":"component","predicate":"custom_data","value":{"id":"FARM_ARMOR_CHESTPLATE"},"on_true":{"type":"select","property":"component","component":"dyed_color","fallback":{"type":"model","model":"hplus:skyblock/armor/farm_armor/farm_armor_chestplate_dyed","tints":[{"type":"minecraft:dye","default":-6265536}]},"cases":[{"when":16766720,"model":{"type":"model","model":"hplus:skyblock/armor/farm_armor/farm_armor_chestplate"}}]},"on_false":{"type":"condition","property":"component","predicate":"custom_data","value":{"id":"FARM_SUIT_CHESTPLATE"},"on_true":{"type":"select","property":"component","component":"dyed_color","fallback":{"type":"model","model":"hplus:skyblock/armor/farm_suit/farm_suit_chestplate_dyed","tints":[{"type":"minecraft:dye","default":-6265536}]},"cases":[{"when":16776960,"model":{"type":"model","model":"hplus:skyblock/armor/farm_suit/farm_suit_chestplate"}}]},"on_false":{"type":"condition","property":"component","predicate":"custom_data","value":{"id":"FERMENTO_CHESTPLATE"},"on_true":{"type":"select","property":"component","component":"dyed_color","fallback":{"type":"model","model":"hplus:skyblock/armor/fermento/fermento_chestplate_dyed","tints":[{"type":"minecraft:dye","default":-6265536}]},"cases":[{"when":5802252,"model":{"type":"model","model":"hplus:skyblock/armor/fermento/fermento_chestplate"}}]},"on_false":{"type":"condition","property":"component","predicate":"custom_data","value":{"id":"FERVOR_CHESTPLATE"},"on_true":{"type":"select","property":"component","component":"dyed_color","fallback":{"type":"model","model":"hplus:skyblock/armor/fervor/fervor/fervor_chestplate_dyed","tints":[{"type":"minecraft:dye","default":-6265536}]},"cases":[{"when":15746857,"model":{"type":"model","model":"hplus:skyblock/armor/fervor/fervor/fervor_chestplate"}}]},"on_false":{"type":"condition","property":"component","predicate":"custom_data","value":{"id":"FIERY_AURORA_CHESTPLATE"},"on_true":{"type":"select","property":"component","component":"dyed_color","fallback":{"type":"model","model":"hplus:skyblock/armor/aurora/fiery/fiery_aurora_chestplate_dyed","tints":[{"type":"minecraft:dye","default":-6265536}]},"cases":[{"when":2638321,"model":{"type":"model","model":"hplus:skyblock/armor/aurora/fiery/fiery_aurora_chestplate"}}]},"on_false":{"type":"condition","property":"component","predicate":"custom_data","value":{"id":"FIERY_CRIMSON_CHESTPLATE"},"on_true":{"type":"select","property":"component","component":"dyed_color","fallback":{"type":"model","model":"hplus:skyblock/armor/crimson/fiery/fiery_crimson_chestplate_dyed","tints":[{"type":"minecraft:dye","default":-6265536}]},"cases":[{"when":16740108,"model":{"type":"model","model":"hplus:skyblock/armor/crimson/fiery/fiery_crimson_chestplate"}}]},"on_false":{"type":"condition","property":"component","predicate":"custom_data","value":{"id":"FIERY_FERVOR_CHESTPLATE"},"on_true":{"type":"select","property":"component","component":"dyed_color","fallback":{"type":"model","model":"hplus:skyblock/armor/fervor/fiery/fiery_fervor_chestplate_dyed","tints":[{"type":"minecraft:dye","default":-6265536}]},"cases":[{"when":15746857,"model":{"type":"model","model":"hplus:skyblock/armor/fervor/fiery/fiery_fervor_chestplate"}}]},"on_false":{"type":"condition","property":"component","predicate":"custom_data","value":{"id":"FIERY_HOLLOW_CHESTPLATE"},"on_true":{"type":"select","property":"component","component":"dyed_color","fallback":{"type":"model","model":"hplus:skyblock/armor/hollow/fiery/fiery_hollow_chestplate_dyed","tints":[{"type":"minecraft:dye","default":-6265536}]},"cases":[{"when":16763661,"model":{"type":"model","model":"hplus:skyblock/armor/hollow/fiery/fiery_hollow_chestplate"}}]},"on_false":{"type":"condition","property":"component","predicate":"custom_data","value":{"id":"FIERY_TERROR_CHESTPLATE"},"on_true":{"type":"select","property":"component","component":"dyed_color","fallback":{"type":"model","model":"hplus:skyblock/armor/terror/fiery/fiery_terror_chestplate_dyed","tints":[{"type":"minecraft:dye","default":-6265536}]},"cases":[{"when":4064687,"model":{"type":"model","model":"hplus:skyblock/armor/terror/fiery/fiery_terror_chestplate"}}]},"on_false":{"type":"condition","property":"component","predicate":"custom_data","value":{"id":"FINAL_DESTINATION_CHESTPLATE"},"on_true":{"type":"select","property":"component","component":"dyed_color","fallback":{"type":"model","model":"hplus:skyblock/armor/final_destination/final_destination_chestplate_dyed","tints":[{"type":"minecraft:dye","default":-6265536}]},"cases":[{"when":655377,"model":{"type":"model","model":"hplus:skyblock/armor/final_destination/final_destination_chestplate"}}]},"on_false":{"type":"condition","property":"component","predicate":"custom_data","value":{"id":"FLAMING_CHESTPLATE"},"on_true":{"type":"select","property":"component","component":"dyed_color","fallback":{"type":"model","model":"hplus:skyblock/armor/lava_sea_creature/flaming_chestplate_dyed","tints":[{"type":"minecraft:dye","default":-6265536}]},"cases":[{"when":15558162,"model":{"type":"model","model":"hplus:skyblock/armor/lava_sea_creature/flaming_chestplate"}}]},"on_false":{"type":"condition","property":"component","predicate":"custom_data","value":{"id":"FROZEN_BLAZE_CHESTPLATE"},"on_true":{"type":"select","property":"component","component":"dyed_color","fallback":{"type":"model","model":"hplus:skyblock/armor/frozen_blaze/frozen_blaze_chestplate_dyed","tints":[{"type":"minecraft:dye","default":-6265536}]},"cases":[{"when":10541807,"model":{"type":"model","model":"hplus:skyblock/armor/frozen_blaze/frozen_blaze_chestplate"}}]},"on_false":{"type":"condition","property":"component","predicate":"custom_data","value":{"id":"GLACITE_CHESTPLATE"},"on_true":{"type":"select","property":"component","component":"dyed_color","fallback":{"type":"model","model":"hplus:skyblock/armor/glacite/glacite_chestplate_dyed","tints":[{"type":"minecraft:dye","default":-6265536}]},"cases":[{"when":261368,"model":{"type":"model","model":"hplus:skyblock/armor/glacite/glacite_chestplate"}}]},"on_false":{"type":"condition","property":"component","predicate":"custom_data","value":{"id":"GLOSSY_MINERAL_CHESTPLATE"},"on_true":{"type":"select","property":"component","component":"dyed_color","fallback":{"type":"model","model":"hplus:skyblock/armor/glossy_mineral/glossy_mineral_chestplate_dyed","tints":[{"type":"minecraft:dye","default":-6265536}]},"cases":[{"when":5967278,"model":{"type":"model","model":"hplus:skyblock/armor/glossy_mineral/glossy_mineral_chestplate"}}]},"on_false":{"type":"condition","property":"component","predicate":"custom_data","value":{"id":"GOBLIN_CHESTPLATE"},"on_true":{"type":"select","property":"component","component":"dyed_color","fallback":{"type":"model","model":"hplus:skyblock/armor/goblin/goblin_chestplate_dyed","tints":[{"type":"minecraft:dye","default":-6265536}]},"cases":[{"when":3649602,"model":{"type":"model","model":"hplus:skyblock/armor/goblin/goblin_chestplate"}}]},"on_false":{"type":"condition","property":"component","predicate":"custom_data","value":{"id":"GREAT_SPOOK_CHESTPLATE"},"on_true":{"type":"model","model":"hplus:skyblock/armor/great_spook/great_spook_chestplate","tints":[{"type":"minecraft:dye","default":-6265536}]},"on_false":{"type":"condition","property":"component","predicate":"custom_data","value":{"id":"GROWTH_CHESTPLATE"},"on_true":{"type":"select","property":"component","component":"dyed_color","fallback":{"type":"model","model":"hplus:skyblock/armor/growth/growth_chestplate_dyed","tints":[{"type":"minecraft:dye","default":-6265536}]},"cases":[{"when":48640,"model":{"type":"model","model":"hplus:skyblock/armor/growth/growth_chestplate"}}]},"on_false":{"type":"condition","property":"component","predicate":"custom_data","value":{"id":"GUARDIAN_CHESTPLATE"},"on_true":{"type":"select","property":"component","component":"dyed_color","fallback":{"type":"model","model":"hplus:skyblock/armor/monster_hunter/guardian_chestplate_dyed","tints":[{"type":"minecraft:dye","default":-6265536}]},"cases":[{"when":1143697,"model":{"type":"model","model":"hplus:skyblock/armor/monster_hunter/guardian_chestplate"}}]},"on_false":{"type":"condition","property":"component","predicate":"custom_data","value":{"id":"HEAT_CHESTPLATE"},"on_true":{"type":"select","property":"component","component":"dyed_color","fallback":{"type":"model","model":"hplus:skyblock/armor/heat/heat_chestplate_dyed","tints":[{"type":"minecraft:dye","default":-6265536}]},"cases":[{"when":11776947,"model":{"type":"model","model":"hplus:skyblock/armor/heat/heat_chestplate"}}]},"on_false":{"type":"condition","property":"component","predicate":"custom_data","value":{"id":"HEAVY_CHESTPLATE"},"on_true":{"type":"select","property":"component","component":"dyed_color","fallback":{"type":"model","model":"hplus:skyblock/armor/heavy/heavy_chestplate_dyed","tints":[{"type":"minecraft:dye","default":-6265536}]},"cases":[{"when":8553090,"model":{"type":"model","model":"hplus:skyblock/armor/heavy/heavy_chestplate"}}]},"on_false":{"type":"condition","property":"component","predicate":"custom_data","value":{"id":"HOLLOW_CHESTPLATE"},"on_true":{"type":"select","property":"component","component":"dyed_color","fallback":{"type":"model","model":"hplus:skyblock/armor/hollow/hollow/hollow_chestplate_dyed","tints":[{"type":"minecraft:dye","default":-6265536}]},"cases":[{"when":16763661,"model":{"type":"model","model":"hplus:skyblock/armor/hollow/hollow/hollow_chestplate"}}]},"on_false":{"type":"condition","property":"component","predicate":"custom_data","value":{"id":"HOLY_DRAGON_CHESTPLATE"},"on_true":{"type":"select","property":"component","component":"dyed_color","fallback":{"type":"model","model":"hplus:skyblock/armor/holy_dragon/holy_dragon_chestplate_dyed","tints":[{"type":"minecraft:dye","default":-6265536}]},"cases":[{"when":4706631,"model":{"type":"model","model":"hplus:skyblock/armor/holy_dragon/holy_dragon_chestplate"}}]},"on_false":{"type":"condition","property":"component","predicate":"custom_data","value":{"id":"HOT_AURORA_CHESTPLATE"},"on_true":{"type":"select","property":"component","component":"dyed_color","fallback":{"type":"model","model":"hplus:skyblock/armor/aurora/hot/hot_aurora_chestplate_dyed","tints":[{"type":"minecraft:dye","default":-6265536}]},"cases":[{"when":2638321,"model":{"type":"model","model":"hplus:skyblock/armor/aurora/hot/hot_aurora_chestplate"}}]},"on_false":{"type":"condition","property":"component","predicate":"custom_data","value":{"id":"HOT_CRIMSON_CHESTPLATE"},"on_true":{"type":"select","property":"component","component":"dyed_color","fallback":{"type":"model","model":"hplus:skyblock/armor/crimson/hot/hot_crimson_chestplate_dyed","tints":[{"type":"minecraft:dye","default":-6265536}]},"cases":[{"when":16740108,"model":{"type":"model","model":"hplus:skyblock/armor/crimson/hot/hot_crimson_chestplate"}}]},"on_false":{"type":"condition","property":"component","predicate":"custom_data","value":{"id":"HOT_FERVOR_CHESTPLATE"},"on_true":{"type":"select","property":"component","component":"dyed_color","fallback":{"type":"model","model":"hplus:skyblock/armor/fervor/hot/hot_fervor_chestplate_dyed","tints":[{"type":"minecraft:dye","default":-6265536}]},"cases":[{"when":15746857,"model":{"type":"model","model":"hplus:skyblock/armor/fervor/hot/hot_fervor_chestplate"}}]},"on_false":{"type":"condition","property":"component","predicate":"custom_data","value":{"id":"HOT_HOLLOW_CHESTPLATE"},"on_true":{"type":"select","property":"component","component":"dyed_color","fallback":{"type":"model","model":"hplus:skyblock/armor/hollow/hot/hot_hollow_chestplate_dyed","tints":[{"type":"minecraft:dye","default":-6265536}]},"cases":[{"when":16763661,"model":{"type":"model","model":"hplus:skyblock/armor/hollow/hot/hot_hollow_chestplate"}}]},"on_false":{"type":"condition","property":"component","predicate":"custom_data","value":{"id":"HOT_TERROR_CHESTPLATE"},"on_true":{"type":"select","property":"component","component":"dyed_color","fallback":{"type":"model","model":"hplus:skyblock/armor/terror/hot/hot_terror_chestplate_dyed","tints":[{"type":"minecraft:dye","default":-6265536}]},"cases":[{"when":4064687,"model":{"type":"model","model":"hplus:skyblock/armor/terror/hot/hot_terror_chestplate"}}]},"on_false":{"type":"condition","property":"component","predicate":"custom_data","value":{"id":"HYDRA1_CHESTPLATE"},"on_true":{"type":"model","model":"hplus:skyblock/armor/mobs/hydra1/hydra1_chestplate"},"on_false":{"type":"condition","property":"component","predicate":"custom_data","value":{"id":"INFERNAL_AURORA_CHESTPLATE"},"on_true":{"type":"select","property":"component","component":"dyed_color","fallback":{"type":"model","model":"hplus:skyblock/armor/aurora/infernal/infernal_aurora_chestplate_dyed","tints":[{"type":"minecraft:dye","default":-6265536}]},"cases":[{"when":2638321,"model":{"type":"model","model":"hplus:skyblock/armor/aurora/infernal/infernal_aurora_chestplate"}}]},"on_false":{"type":"condition","property":"component","predicate":"custom_data","value":{"id":"INFERNAL_CRIMSON_CHESTPLATE"},"on_true":{"type":"select","property":"component","component":"dyed_color","fallback":{"type":"model","model":"hplus:skyblock/armor/crimson/infernal/infernal_crimson_chestplate_dyed","tints":[{"type":"minecraft:dye","default":-6265536}]},"cases":[{"when":16740108,"model":{"type":"model","model":"hplus:skyblock/armor/crimson/infernal/infernal_crimson_chestplate"}}]},"on_false":{"type":"condition","property":"component","predicate":"custom_data","value":{"id":"INFERNAL_FERVOR_CHESTPLATE"},"on_true":{"type":"select","property":"component","component":"dyed_color","fallback":{"type":"model","model":"hplus:skyblock/armor/fervor/infernal/infernal_fervor_chestplate_dyed","tints":[{"type":"minecraft:dye","default":-6265536}]},"cases":[{"when":15746857,"model":{"type":"model","model":"hplus:skyblock/armor/fervor/infernal/infernal_fervor_chestplate"}}]},"on_false":{"type":"condition","property":"component","predicate":"custom_data","value":{"id":"INFERNAL_HOLLOW_CHESTPLATE"},"on_true":{"type":"select","property":"component","component":"dyed_color","fallback":{"type":"model","model":"hplus:skyblock/armor/hollow/infernal/infernal_hollow_chestplate_dyed","tints":[{"type":"minecraft:dye","default":-6265536}]},"cases":[{"when":16763661,"model":{"type":"model","model":"hplus:skyblock/armor/hollow/infernal/infernal_hollow_chestplate"}}]},"on_false":{"type":"condition","property":"component","predicate":"custom_data","value":{"id":"INFERNAL_TERROR_CHESTPLATE"},"on_true":{"type":"select","property":"component","component":"dyed_color","fallback":{"type":"model","model":"hplus:skyblock/armor/terror/infernal/infernal_terror_chestplate_dyed","tints":[{"type":"minecraft:dye","default":-6265536}]},"cases":[{"when":4064687,"model":{"type":"model","model":"hplus:skyblock/armor/terror/infernal/infernal_terror_chestplate"}}]},"on_false":{"type":"condition","property":"component","predicate":"custom_data","value":{"id":"KUUDRA_FOLLOWER_CHESTPLATE"},"on_true":{"type":"select","property":"component","component":"dyed_color","fallback":{"type":"model","model":"hplus:skyblock/armor/kuudra_follower/kuudra_follower_chestplate_dyed","tints":[{"type":"minecraft:dye","default":-6265536}]},"cases":[{"when":3494666,"model":{"type":"model","model":"hplus:skyblock/armor/kuudra_follower/kuudra_follower_chestplate"}}]},"on_false":{"type":"condition","property":"component","predicate":"custom_data","value":{"id":"LAPIS_ARMOR_CHESTPLATE"},"on_true":{"type":"select","property":"component","component":"dyed_color","fallback":{"type":"model","model":"hplus:skyblock/armor/lapis_armor/lapis_armor_chestplate_dyed","tints":[{"type":"minecraft:dye","default":-6265536}]},"cases":[{"when":255,"model":{"type":"model","model":"hplus:skyblock/armor/lapis_armor/lapis_armor_chestplate"}}]},"on_false":{"type":"condition","property":"component","predicate":"custom_data","value":{"id":"LEAFLET_CHESTPLATE"},"on_true":{"type":"select","property":"component","component":"dyed_color","fallback":{"type":"model","model":"hplus:skyblock/armor/leaflet/leaflet_chestplate_dyed","tints":[{"type":"minecraft:dye","default":-6265536}]},"cases":[{"when":5098573,"model":{"type":"model","model":"hplus:skyblock/armor/leaflet/leaflet_chestplate"}}]},"on_false":{"type":"condition","property":"component","predicate":"custom_data","value":{"id":"MAGMA_LORD_CHESTPLATE"},"on_true":{"type":"select","property":"component","component":"dyed_color","fallback":{"type":"model","model":"hplus:skyblock/armor/magma_lord/magma_lord_chestplate_dyed","tints":[{"type":"minecraft:dye","default":-6265536}]},"cases":[{"when":7278344,"model":{"type":"model","model":"hplus:skyblock/armor/magma_lord/magma_lord_chestplate"}}]},"on_false":{"type":"condition","property":"component","predicate":"custom_data","value":{"id":"MELON_CHESTPLATE"},"on_true":{"type":"select","property":"component","component":"dyed_color","fallback":{"type":"model","model":"hplus:skyblock/armor/melon/melon_chestplate_dyed","tints":[{"type":"minecraft:dye","default":-6265536}]},"cases":[{"when":9018912,"model":{"type":"model","model":"hplus:skyblock/armor/melon/melon_chestplate"}}]},"on_false":{"type":"condition","property":"component","predicate":"custom_data","value":{"id":"METAL_CHESTPLATE"},"on_true":{"type":"select","property":"component","component":"dyed_color","fallback":{"type":"model","model":"hplus:skyblock/armor/misc/metal_chestplate_dyed","tints":[{"type":"minecraft:dye","default":-6265536}]},"cases":[{"when":14277081,"model":{"type":"model","model":"hplus:skyblock/armor/misc/metal_chestplate"}}]},"on_false":{"type":"condition","property":"component","predicate":"custom_data","value":{"id":"MINER_OUTFIT_CHESTPLATE"},"on_true":{"type":"select","property":"component","component":"dyed_color","fallback":{"type":"model","model":"hplus:skyblock/armor/miner_outfit/miner_outfit_chestplate_dyed","tints":[{"type":"minecraft:dye","default":-6265536}]},"cases":[{"when":8026468,"model":{"type":"model","model":"hplus:skyblock/armor/miner_outfit/miner_outfit_chestplate"}}]},"on_false":{"type":"condition","property":"component","predicate":"custom_data","value":{"id":"MINERAL_CHESTPLATE"},"on_true":{"type":"select","property":"component","component":"dyed_color","fallback":{"type":"model","model":"hplus:skyblock/armor/mineral/mineral_chestplate_dyed","tints":[{"type":"minecraft:dye","default":-6265536}]},"cases":[{"when":13428223,"model":{"type":"model","model":"hplus:skyblock/armor/mineral/mineral_chestplate"}}]},"on_false":{"type":"condition","property":"component","predicate":"custom_data","value":{"id":"MUSHROOM_CHESTPLATE"},"on_true":{"type":"select","property":"component","component":"dyed_color","fallback":{"type":"model","model":"hplus:skyblock/armor/mushroom/mushroom_chestplate_dyed","tints":[{"type":"minecraft:dye","default":-6265536}]},"cases":[{"when":16711680,"model":{"type":"model","model":"hplus:skyblock/armor/mushroom/mushroom_chestplate"}}]},"on_false":{"type":"condition","property":"component","predicate":"custom_data","value":{"id":"NECROMANCER_LORD_CHESTPLATE"},"on_true":{"type":"select","property":"component","component":"dyed_color","fallback":{"type":"model","model":"hplus:skyblock/armor/necromancer_lord/necromancer_lord_chestplate_dyed","tints":[{"type":"minecraft:dye","default":-6265536}]},"cases":[{"when":0,"model":{"type":"model","model":"hplus:skyblock/armor/necromancer_lord/necromancer_lord_chestplate"}}]},"on_false":{"type":"condition","property":"component","predicate":"custom_data","value":{"id":"NUTCRACKER_CHESTPLATE"},"on_true":{"type":"select","property":"component","component":"dyed_color","fallback":{"type":"model","model":"hplus:skyblock/armor/nutcracker/nutcracker_chestplate_dyed","tints":[{"type":"minecraft:dye","default":-6265536}]},"cases":[{"when":16527164,"model":{"type":"model","model":"hplus:skyblock/armor/nutcracker/nutcracker_chestplate"}}]},"on_false":{"type":"condition","property":"component","predicate":"custom_data","value":{"id":"OBSIDIAN_CHESTPLATE"},"on_true":{"type":"select","property":"component","component":"dyed_color","fallback":{"type":"model","model":"hplus:skyblock/armor/obsidian/obsidian_chestplate_dyed","tints":[{"type":"minecraft:dye","default":-6265536}]},"cases":[{"when":0,"model":{"type":"model","model":"hplus:skyblock/armor/obsidian/obsidian_chestplate"}}]},"on_false":{"type":"condition","property":"component","predicate":"custom_data","value":{"id":"OLD_DRAGON_CHESTPLATE"},"on_true":{"type":"select","property":"component","component":"dyed_color","fallback":{"type":"model","model":"hplus:skyblock/armor/old_dragon/old_dragon_chestplate_dyed","tints":[{"type":"minecraft:dye","default":-6265536}]},"cases":[{"when":15787690,"model":{"type":"model","model":"hplus:skyblock/armor/old_dragon/old_dragon_chestplate"}}]},"on_false":{"type":"condition","property":"component","predicate":"custom_data","value":{"id":"ORANGE_CHESTPLATE"},"on_true":{"type":"model","model":"hplus:skyblock/armor/rift/orange_chestplate"},"on_false":{"type":"condition","property":"component","predicate":"custom_data","value":{"id":"POWER_WITHER_CHESTPLATE"},"on_true":{"type":"condition","property":"component","predicate":"custom_data","value":{"is_shiny":1},"on_true":{"type":"select","property":"component","component":"dyed_color","fallback":{"type":"model","model":"hplus:skyblock/armor/power_wither/shiny/shiny_power_wither_chestplate_dyed","tints":[{"type":"minecraft:dye","default":-6265536}]},"cases":[{"when":15155516,"model":{"type":"model","model":"hplus:skyblock/armor/power_wither/shiny/shiny_power_wither_chestplate"}}]},"on_false":{"type":"select","property":"component","component":"dyed_color","fallback":{"type":"model","model":"hplus:skyblock/armor/power_wither/power_wither_chestplate_dyed","tints":[{"type":"minecraft:dye","default":-6265536}]},"cases":[{"when":15155516,"model":{"type":"model","model":"hplus:skyblock/armor/power_wither/power_wither_chestplate"}}]}},"on_false":{"type":"condition","property":"component","predicate":"custom_data","value":{"id":"PRIMAL_DRAGON_CHESTPLATE"},"on_true":{"type":"select","property":"component","component":"dyed_color","fallback":{"type":"model","model":"hplus:skyblock/armor/primal_dragon/primal_dragon_chestplate_dyed","tints":[{"type":"minecraft:dye","default":-6265536}]},"cases":[{"when":1644825,"model":{"type":"model","model":"hplus:skyblock/armor/primal_dragon/primal_dragon_chestplate"}}]},"on_false":{"type":"condition","property":"component","predicate":"custom_data","value":{"id":"PROTECTOR_DRAGON_CHESTPLATE"},"on_true":{"type":"select","property":"component","component":"dyed_color","fallback":{"type":"model","model":"hplus:skyblock/armor/protector_dragon/protector_dragon_chestplate_dyed","tints":[{"type":"minecraft:dye","default":-6265536}]},"cases":[{"when":10065803,"model":{"type":"model","model":"hplus:skyblock/armor/protector_dragon/protector_dragon_chestplate"}}]},"on_false":{"type":"condition","property":"component","predicate":"custom_data","value":{"id":"PUMPKIN_CHESTPLATE"},"on_true":{"type":"select","property":"component","component":"dyed_color","fallback":{"type":"model","model":"hplus:skyblock/armor/pumpkin/pumpkin_chestplate_dyed","tints":[{"type":"minecraft:dye","default":-6265536}]},"cases":[{"when":15575606,"model":{"type":"model","model":"hplus:skyblock/armor/pumpkin/pumpkin_chestplate"}}]},"on_false":{"type":"condition","property":"component","predicate":"custom_data","value":{"id":"RABBIT_CHESTPLATE"},"on_true":{"type":"select","property":"component","component":"dyed_color","fallback":{"type":"model","model":"hplus:skyblock/armor/rabbit/rabbit_chestplate_dyed","tints":[{"type":"minecraft:dye","default":-6265536}]},"cases":[{"when":13357787,"model":{"type":"model","model":"hplus:skyblock/armor/rabbit/rabbit_chestplate"}}]},"on_false":{"type":"condition","property":"component","predicate":"custom_data","value":{"id":"RAMPART_CHESTPLATE"},"on_true":{"type":"select","property":"component","component":"dyed_color","fallback":{"type":"model","model":"hplus:skyblock/armor/rampart/rampart_chestplate_dyed","tints":[{"type":"minecraft:dye","default":-6265536}]},"cases":[{"when":14626310,"model":{"type":"model","model":"hplus:skyblock/armor/rampart/rampart_chestplate"}}]},"on_false":{"type":"condition","property":"component","predicate":"custom_data","value":{"id":"REAPER_CHESTPLATE"},"on_true":{"type":"select","property":"component","component":"dyed_color","fallback":{"type":"model","model":"hplus:skyblock/armor/reaper/reaper_chestplate_dyed","tints":[{"type":"minecraft:dye","default":-6265536}]},"cases":[{"when":16711680,"model":{"type":"model","model":"hplus:skyblock/armor/reaper/reaper_chestplate_rage"}},{"when":1776411,"model":{"type":"model","model":"hplus:skyblock/armor/reaper/reaper_chestplate"}}]},"on_false":{"type":"condition","property":"component","predicate":"custom_data","value":{"id":"ROTTEN_CHESTPLATE"},"on_true":{"type":"select","property":"component","component":"dyed_color","fallback":{"type":"model","model":"hplus:skyblock/armor/rotten/rotten_chestplate_dyed","tints":[{"type":"minecraft:dye","default":-6265536}]},"cases":[{"when":97585,"model":{"type":"model","model":"hplus:skyblock/armor/rotten/rotten_chestplate"}}]},"on_false":{"type":"condition","property":"component","predicate":"custom_data","value":{"id":"S_LOGO_CHESTPLATE"},"on_true":{"type":"model","model":"hplus:skyblock/armor/rift/wizardman/s_logo_chestplate"},"on_false":{"type":"condition","property":"component","predicate":"custom_data","value":{"id":"SALMON_CHESTPLATE_NEW"},"on_true":{"type":"select","property":"component","component":"dyed_color","fallback":{"type":"model","model":"hplus:skyblock/armor/salmon/salmon_chestplate_new_dyed","tints":[{"type":"minecraft:dye","default":-6265536}]},"cases":[{"when":11021174,"model":{"type":"model","model":"hplus:skyblock/armor/salmon/salmon_chestplate_new"}}]},"on_false":{"type":"condition","property":"component","predicate":"custom_data","value":{"id":"SEA_WALKER_CHESTPLATE"},"on_true":{"type":"model","model":"hplus:skyblock/armor/mobs/sea_walker/sea_walker_chestplate"},"on_false":{"type":"condition","property":"component","predicate":"custom_data","value":{"id":"SHADOW_ASSASSIN_CHESTPLATE"},"on_true":{"type":"select","property":"component","component":"dyed_color","fallback":{"type":"model","model":"hplus:skyblock/armor/shadow_assassin/shadow_assassin_chestplate_dyed","tints":[{"type":"minecraft:dye","default":-6265536}]},"cases":[{"when":0,"model":{"type":"model","model":"hplus:skyblock/armor/shadow_assassin/shadow_assassin_chestplate"}}]},"on_false":{"type":"condition","property":"component","predicate":"custom_data","value":{"id":"SHARK_SCALE_CHESTPLATE"},"on_true":{"type":"select","property":"component","component":"dyed_color","fallback":{"type":"model","model":"hplus:skyblock/armor/shark_scale/shark_scale_chestplate_dyed","tints":[{"type":"minecraft:dye","default":-6265536}]},"cases":[{"when":11430,"model":{"type":"model","model":"hplus:skyblock/armor/shark_scale/shark_scale_chestplate"}}]},"on_false":{"type":"condition","property":"component","predicate":"custom_data","value":{"id":"SHIMMERING_LIGHT_TUNIC"},"on_true":{"type":"select","property":"component","component":"dyed_color","fallback":{"type":"model","model":"hplus:skyblock/armor/shimmering_light/shimmering_light_tunic_dyed","tints":[{"type":"minecraft:dye","default":-6265536}]},"cases":[{"when":459547,"model":{"type":"model","model":"hplus:skyblock/armor/shimmering_light/shimmering_light_tunic"}}]},"on_false":{"type":"condition","property":"component","predicate":"custom_data","value":{"id":"SKELETON_GRUNT_CHESTPLATE"},"on_true":{"type":"select","property":"component","component":"dyed_color","fallback":{"type":"model","model":"hplus:skyblock/armor/skeleton_grunt/skeleton_grunt_chestplate_dyed","tints":[{"type":"minecraft:dye","default":-6265536}]},"cases":[{"when":14805812,"model":{"type":"model","model":"hplus:skyblock/armor/skeleton_grunt/skeleton_grunt_chestplate"}}]},"on_false":{"type":"condition","property":"component","predicate":"custom_data","value":{"id":"SKELETON_LORD_CHESTPLATE"},"on_true":{"type":"select","property":"component","component":"dyed_color","fallback":{"type":"model","model":"hplus:skyblock/armor/skeleton_lord/skeleton_lord_chestplate_dyed","tints":[{"type":"minecraft:dye","default":-6265536}]},"cases":[{"when":2523397,"model":{"type":"model","model":"hplus:skyblock/armor/skeleton_lord/skeleton_lord_chestplate"}}]},"on_false":{"type":"condition","property":"component","predicate":"custom_data","value":{"id":"SKELETON_MASTER_CHESTPLATE"},"on_true":{"type":"select","property":"component","component":"dyed_color","fallback":{"type":"model","model":"hplus:skyblock/armor/skeleton_master/skeleton_master_chestplate_dyed","tints":[{"type":"minecraft:dye","default":-6265536}]},"cases":[{"when":16739083,"model":{"type":"model","model":"hplus:skyblock/armor/skeleton_master/skeleton_master_chestplate"}}]},"on_false":{"type":"condition","property":"component","predicate":"custom_data","value":{"id":"SKELETON_SOLDIER_CHESTPLATE"},"on_true":{"type":"select","property":"component","component":"dyed_color","fallback":{"type":"model","model":"hplus:skyblock/armor/skeleton_soldier/skeleton_soldier_chestplate_dyed","tints":[{"type":"minecraft:dye","default":-6265536}]},"cases":[{"when":16759819,"model":{"type":"model","model":"hplus:skyblock/armor/skeleton_soldier/skeleton_soldier_chestplate"}}]},"on_false":{"type":"condition","property":"component","predicate":"custom_data","value":{"id":"SNOW_SUIT_CHESTPLATE"},"on_true":{"type":"select","property":"component","component":"dyed_color","fallback":{"type":"model","model":"hplus:skyblock/armor/snow_suit/snow_suit_chestplate_dyed","tints":[{"type":"minecraft:dye","default":-6265536}]},"cases":[{"when":16777215,"model":{"type":"model","model":"hplus:skyblock/armor/snow_suit/snow_suit_chestplate"}}]},"on_false":{"type":"condition","property":"component","predicate":"custom_data","value":{"id":"SPEED_WITHER_CHESTPLATE"},"on_true":{"type":"condition","property":"component","predicate":"custom_data","value":{"is_shiny":1},"on_true":{"type":"select","property":"component","component":"dyed_color","fallback":{"type":"model","model":"hplus:skyblock/armor/speed_wither/shiny/shiny_speed_wither_chestplate_dyed","tints":[{"type":"minecraft:dye","default":-6265536}]},"cases":[{"when":4854967,"model":{"type":"model","model":"hplus:skyblock/armor/speed_wither/shiny/shiny_speed_wither_chestplate"}}]},"on_false":{"type":"select","property":"component","component":"dyed_color","fallback":{"type":"model","model":"hplus:skyblock/armor/speed_wither/speed_wither_chestplate_dyed","tints":[{"type":"minecraft:dye","default":-6265536}]},"cases":[{"when":4854967,"model":{"type":"model","model":"hplus:skyblock/armor/speed_wither/speed_wither_chestplate"}}]}},"on_false":{"type":"condition","property":"component","predicate":"custom_data","value":{"id":"SPEEDSTER_CHESTPLATE"},"on_true":{"type":"select","property":"component","component":"dyed_color","fallback":{"type":"model","model":"hplus:skyblock/armor/speedster/speedster_chestplate_dyed","tints":[{"type":"minecraft:dye","default":-6265536}]},"cases":[{"when":14744823,"model":{"type":"model","model":"hplus:skyblock/armor/speedster/speedster_chestplate"}}]},"on_false":{"type":"condition","property":"component","predicate":"custom_data","value":{"id":"SPONGE_CHESTPLATE"},"on_true":{"type":"select","property":"component","component":"dyed_color","fallback":{"type":"model","model":"hplus:skyblock/armor/sponge/sponge_chestplate_dyed","tints":[{"type":"minecraft:dye","default":-6265536}]},"cases":[{"when":16768081,"model":{"type":"model","model":"hplus:skyblock/armor/sponge/sponge_chestplate"}}]},"on_false":{"type":"condition","property":"component","predicate":"custom_data","value":{"id":"SPOOKY_CHESTPLATE"},"on_true":{"type":"select","property":"component","component":"dyed_color","fallback":{"type":"model","model":"hplus:skyblock/armor/spooky/spooky_chestplate_dyed","tints":[{"type":"minecraft:dye","default":-6265536}]},"cases":[{"when":6316128,"model":{"type":"model","model":"hplus:skyblock/armor/spooky/spooky_chestplate"}}]},"on_false":{"type":"condition","property":"component","predicate":"custom_data","value":{"id":"SQUASH_CHESTPLATE"},"on_true":{"type":"select","property":"component","component":"dyed_color","fallback":{"type":"model","model":"hplus:skyblock/armor/squash/squash_chestplate_dyed","tints":[{"type":"minecraft:dye","default":-6265536}]},"cases":[{"when":213774,"model":{"type":"model","model":"hplus:skyblock/armor/squash/squash_chestplate"}}]},"on_false":{"type":"condition","property":"component","predicate":"custom_data","value":{"id":"STARLIGHT_CHESTPLATE"},"on_true":{"type":"select","property":"component","component":"dyed_color","fallback":{"type":"model","model":"hplus:skyblock/armor/starlight/starlight_chestplate_dyed","tints":[{"type":"minecraft:dye","default":-6265536}]},"cases":[{"when":13893887,"model":{"type":"model","model":"hplus:skyblock/armor/starlight/starlight_chestplate"}}]},"on_false":{"type":"condition","property":"component","predicate":"custom_data","value":{"id":"STARRED_ADAPTIVE_CHESTPLATE"},"on_true":{"type":"select","property":"component","component":"dyed_color","fallback":{"type":"model","model":"hplus:skyblock/armor/adaptive/adaptive_chestplate_dyed","tints":[{"type":"minecraft:dye","default":-6265536}]},"cases":[{"when":3849848,"model":{"type":"model","model":"hplus:skyblock/armor/adaptive/adaptive_chestplate_archer"}},{"when":16728642,"model":{"type":"model","model":"hplus:skyblock/armor/adaptive/adaptive_chestplate_berserker"}},{"when":16761396,"model":{"type":"model","model":"hplus:skyblock/armor/adaptive/adaptive_chestplate_healer"}},{"when":13990399,"model":{"type":"model","model":"hplus:skyblock/armor/adaptive/adaptive_chestplate_mage"}},{"when":8578008,"model":{"type":"model","model":"hplus:skyblock/armor/adaptive/adaptive_chestplate_tank"}},{"when":12565682,"model":{"type":"model","model":"hplus:skyblock/armor/adaptive/starred_adaptive_chestplate"}}]},"on_false":{"type":"condition","property":"component","predicate":"custom_data","value":{"id":"STARRED_SHADOW_ASSASSIN_CHESTPLATE"},"on_true":{"type":"select","property":"component","component":"dyed_color","fallback":{"type":"model","model":"hplus:skyblock/armor/shadow_assassin/starred_shadow_assassin_chestplate_dyed","tints":[{"type":"minecraft:dye","default":-6265536}]},"cases":[{"when":0,"model":{"type":"model","model":"hplus:skyblock/armor/shadow_assassin/starred_shadow_assassin_chestplate"}}]},"on_false":{"type":"condition","property":"component","predicate":"custom_data","value":{"id":"STEEL_CHESTPLATE"},"on_true":{"type":"select","property":"component","component":"dyed_color","fallback":{"type":"model","model":"hplus:skyblock/armor/misc/steel_chestplate_dyed","tints":[{"type":"minecraft:dye","default":-6265536}]},"cases":[{"when":14277081,"model":{"type":"model","model":"hplus:skyblock/armor/misc/steel_chestplate"}}]},"on_false":{"type":"condition","property":"component","predicate":"custom_data","value":{"id":"STONE_CHESTPLATE"},"on_true":{"type":"select","property":"component","component":"dyed_color","fallback":{"type":"model","model":"hplus:skyblock/armor/misc/stone_chestplate_dyed","tints":[{"type":"minecraft:dye","default":-6265536}]},"cases":[{"when":14277081,"model":{"type":"model","model":"hplus:skyblock/armor/misc/stone_chestplate"}}]},"on_false":{"type":"condition","property":"component","predicate":"custom_data","value":{"id":"STRONG_DRAGON_CHESTPLATE"},"on_true":{"type":"select","property":"component","component":"dyed_color","fallback":{"type":"model","model":"hplus:skyblock/armor/strong_dragon/strong_dragon_chestplate_dyed","tints":[{"type":"minecraft:dye","default":-6265536}]},"cases":[{"when":14229057,"model":{"type":"model","model":"hplus:skyblock/armor/strong_dragon/strong_dragon_chestplate"}}]},"on_false":{"type":"condition","property":"component","predicate":"custom_data","value":{"id":"SUPER_HEAVY_CHESTPLATE"},"on_true":{"type":"select","property":"component","component":"dyed_color","fallback":{"type":"model","model":"hplus:skyblock/armor/super_heavy/super_heavy_chestplate_dyed","tints":[{"type":"minecraft:dye","default":-6265536}]},"cases":[{"when":5923940,"model":{"type":"model","model":"hplus:skyblock/armor/super_heavy/super_heavy_chestplate"}}]},"on_false":{"type":"condition","property":"component","predicate":"custom_data","value":{"id":"SUPERIOR_DRAGON_CHESTPLATE"},"on_true":{"type":"select","property":"component","component":"dyed_color","fallback":{"type":"model","model":"hplus:skyblock/armor/superior_dragon/superior_dragon_chestplate_dyed","tints":[{"type":"minecraft:dye","default":-6265536}]},"cases":[{"when":15916817,"model":{"type":"model","model":"hplus:skyblock/armor/superior_dragon/superior_dragon_chestplate"}}]},"on_false":{"type":"condition","property":"component","predicate":"custom_data","value":{"id":"TANK_WITHER_CHESTPLATE"},"on_true":{"type":"condition","property":"component","predicate":"custom_data","value":{"is_shiny":1},"on_true":{"type":"select","property":"component","component":"dyed_color","fallback":{"type":"model","model":"hplus:skyblock/armor/tank_wither/shiny/shiny_tank_wither_chestplate_dyed","tints":[{"type":"minecraft:dye","default":-6265536}]},"cases":[{"when":6643802,"model":{"type":"model","model":"hplus:skyblock/armor/tank_wither/shiny/shiny_tank_wither_chestplate"}}]},"on_false":{"type":"select","property":"component","component":"dyed_color","fallback":{"type":"model","model":"hplus:skyblock/armor/tank_wither/tank_wither_chestplate_dyed","tints":[{"type":"minecraft:dye","default":-6265536}]},"cases":[{"when":6643802,"model":{"type":"model","model":"hplus:skyblock/armor/tank_wither/tank_wither_chestplate"}}]}},"on_false":{"type":"condition","property":"component","predicate":"custom_data","value":{"id":"TARANTULA_CHESTPLATE"},"on_true":{"type":"select","property":"component","component":"dyed_color","fallback":{"type":"model","model":"hplus:skyblock/armor/tarantula/tarantula_chestplate_dyed","tints":[{"type":"minecraft:dye","default":-6265536}]},"cases":[{"when":0,"model":{"type":"model","model":"hplus:skyblock/armor/tarantula/tarantula_chestplate"}}]},"on_false":{"type":"condition","property":"component","predicate":"custom_data","value":{"id":"TERROR_CHESTPLATE"},"on_true":{"type":"select","property":"component","component":"dyed_color","fallback":{"type":"model","model":"hplus:skyblock/armor/terror/terror/terror_chestplate_dyed","tints":[{"type":"minecraft:dye","default":-6265536}]},"cases":[{"when":4064687,"model":{"type":"model","model":"hplus:skyblock/armor/terror/terror/terror_chestplate"}}]},"on_false":{"type":"condition","property":"component","predicate":"custom_data","value":{"id":"THUNDER_CHESTPLATE"},"on_true":{"type":"select","property":"component","component":"dyed_color","fallback":{"type":"model","model":"hplus:skyblock/armor/thunder/thunder_chestplate_dyed","tints":[{"type":"minecraft:dye","default":-6265536}]},"cases":[{"when":2416101,"model":{"type":"model","model":"hplus:skyblock/armor/thunder/thunder_chestplate"}}]},"on_false":{"type":"condition","property":"component","predicate":"custom_data","value":{"id":"UNSTABLE_DRAGON_CHESTPLATE"},"on_true":{"type":"select","property":"component","component":"dyed_color","fallback":{"type":"model","model":"hplus:skyblock/armor/unstable_dragon/unstable_dragon_chestplate_dyed","tints":[{"type":"minecraft:dye","default":-6265536}]},"cases":[{"when":11670243,"model":{"type":"model","model":"hplus:skyblock/armor/unstable_dragon/unstable_dragon_chestplate"}}]},"on_false":{"type":"condition","property":"component","predicate":"custom_data","value":{"id":"VANGUARD_CHESTPLATE"},"on_true":{"type":"select","property":"component","component":"dyed_color","fallback":{"type":"model","model":"hplus:skyblock/armor/vanguard/vanguard_chestplate_dyed","tints":[{"type":"minecraft:dye","default":-6265536}]},"cases":[{"when":3508479,"model":{"type":"model","model":"hplus:skyblock/armor/vanguard/vanguard_chestplate"}}]},"on_false":{"type":"condition","property":"component","predicate":"custom_data","value":{"id":"WATCHER_CHESTPLATE"},"on_true":{"type":"model","model":"hplus:skyblock/armor/mobs/watcher/watcher_chestplate"},"on_false":{"type":"condition","property":"component","predicate":"custom_data","value":{"id":"WEREWOLF_CHESTPLATE"},"on_true":{"type":"select","property":"component","component":"dyed_color","fallback":{"type":"model","model":"hplus:skyblock/armor/werewolf/werewolf_chestplate_dyed","tints":[{"type":"minecraft:dye","default":-6265536}]},"cases":[{"when":1904901,"model":{"type":"model","model":"hplus:skyblock/armor/werewolf/werewolf_chestplate"}}]},"on_false":{"type":"condition","property":"component","predicate":"custom_data","value":{"id":"WISE_DRAGON_CHESTPLATE"},"on_true":{"type":"select","property":"component","component":"dyed_color","fallback":{"type":"model","model":"hplus:skyblock/armor/wise_dragon/wise_dragon_chestplate_dyed","tints":[{"type":"minecraft:dye","default":-6265536}]},"cases":[{"when":2748649,"model":{"type":"model","model":"hplus:skyblock/armor/wise_dragon/wise_dragon_chestplate"}}]},"on_false":{"type":"condition","property":"component","predicate":"custom_data","value":{"id":"WISE_WITHER_CHESTPLATE"},"on_true":{"type":"condition","property":"component","predicate":"custom_data","value":{"is_shiny":1},"on_true":{"type":"select","property":"component","component":"dyed_color","fallback":{"type":"model","model":"hplus:skyblock/armor/wise_wither/shiny/shiny_wise_wither_chestplate_dyed","tints":[{"type":"minecraft:dye","default":-6265536}]},"cases":[{"when":1545156,"model":{"type":"model","model":"hplus:skyblock/armor/wise_wither/shiny/shiny_wise_wither_chestplate"}}]},"on_false":{"type":"select","property":"component","component":"dyed_color","fallback":{"type":"model","model":"hplus:skyblock/armor/wise_wither/wise_wither_chestplate_dyed","tints":[{"type":"minecraft:dye","default":-6265536}]},"cases":[{"when":1545156,"model":{"type":"model","model":"hplus:skyblock/armor/wise_wither/wise_wither_chestplate"}}]}},"on_false":{"type":"condition","property":"component","predicate":"custom_data","value":{"id":"WITHER_CHESTPLATE"},"on_true":{"type":"condition","property":"component","predicate":"custom_data","value":{"is_shiny":1},"on_true":{"type":"select","property":"component","component":"dyed_color","fallback":{"type":"model","model":"hplus:skyblock/armor/wither/shiny/shiny_wither_chestplate_dyed","tints":[{"type":"minecraft:dye","default":-6265536}]},"cases":[{"when":0,"model":{"type":"model","model":"hplus:skyblock/armor/wither/shiny/shiny_wither_chestplate"}}]},"on_false":{"type":"select","property":"component","component":"dyed_color","fallback":{"type":"model","model":"hplus:skyblock/armor/wither/wither_chestplate_dyed","tints":[{"type":"minecraft:dye","default":-6265536}]},"cases":[{"when":0,"model":{"type":"model","model":"hplus:skyblock/armor/wither/wither_chestplate"}}]}},"on_false":{"type":"condition","property":"component","predicate":"custom_data","value":{"id":"YOUNG_DRAGON_CHESTPLATE"},"on_true":{"type":"select","property":"component","component":"dyed_color","fallback":{"type":"model","model":"hplus:skyblock/armor/young_dragon/young_dragon_chestplate_dyed","tints":[{"type":"minecraft:dye","default":-6265536}]},"cases":[{"when":14542064,"model":{"type":"model","model":"hplus:skyblock/armor/young_dragon/young_dragon_chestplate"}}]},"on_false":{"type":"condition","property":"component","predicate":"custom_data","value":{"id":"ZOMBIE_COMMANDER_CHESTPLATE"},"on_true":{"type":"select","property":"component","component":"dyed_color","fallback":{"type":"model","model":"hplus:skyblock/armor/zombie_commander/zombie_commander_chestplate_dyed","tints":[{"type":"minecraft:dye","default":-6265536}]},"cases":[{"when":13963824,"model":{"type":"model","model":"hplus:skyblock/armor/zombie_commander/zombie_commander_chestplate"}}]},"on_false":{"type":"condition","property":"component","predicate":"custom_data","value":{"id":"ZOMBIE_LORD_CHESTPLATE"},"on_true":{"type":"select","property":"component","component":"dyed_color","fallback":{"type":"model","model":"hplus:skyblock/armor/zombie_lord/zombie_lord_chestplate_dyed","tints":[{"type":"minecraft:dye","default":-6265536}]},"cases":[{"when":10158529,"model":{"type":"model","model":"hplus:skyblock/armor/zombie_lord/zombie_lord_chestplate"}}]},"on_false":{"type":"condition","property":"component","predicate":"custom_data","value":{"id":"ZOMBIE_SOLDIER_CHESTPLATE"},"on_true":{"type":"select","property":"component","component":"dyed_color","fallback":{"type":"model","model":"hplus:skyblock/armor/zombie_soldier/zombie_soldier_chestplate_dyed","tints":[{"type":"minecraft:dye","default":-6265536}]},"cases":[{"when":13664000,"model":{"type":"model","model":"hplus:skyblock/armor/zombie_soldier/zombie_soldier_chestplate"}}]},"HPLUS":"ARMOR_DYED","on_false":{"type":"condition","property":"component","predicate":"custom_data","value":{"id":"ARMOR_OF_THE_RESISTANCE_CHESTPLATE"},"on_true":{"type":"model","model":"hplus:skyblock/armor/armor_of_the_resistance/armor_of_the_resistance_chestplate_dyed","tints":[{"type":"minecraft:dye","default":-6265536}]},"on_false":{"type":"condition","property":"component","predicate":"custom_data","value":{"id":"DIAMOND_HUNTER_CHESTPLATE"},"on_true":{"type":"model","model":"hplus:skyblock/armor/hunter/diamond/diamond_hunter_chestplate_dyed","tints":[{"type":"minecraft:dye","default":-6265536}]},"on_false":{"type":"condition","property":"component","predicate":"custom_data","value":{"id":"DIVAN_CHESTPLATE"},"on_true":{"type":"model","model":"hplus:skyblock/armor/divan/divan_chestplate_dyed","tints":[{"type":"minecraft:dye","default":-6265536}]},"on_false":{"type":"condition","property":"component","predicate":"custom_data","value":{"id":"DIVER_CHESTPLATE"},"on_true":{"type":"model","model":"hplus:skyblock/armor/diver/diver_chestplate_dyed","tints":[{"type":"minecraft:dye","default":-6265536}]},"on_false":{"type":"condition","property":"component","predicate":"custom_data","value":{"id":"EMBER_CHESTPLATE"},"on_true":{"type":"model","model":"hplus:skyblock/armor/ember/ember_chestplate_dyed","tints":[{"type":"minecraft:dye","default":-6265536}]},"on_false":{"type":"condition","property":"component","predicate":"custom_data","value":{"id":"END_CHESTPLATE"},"on_true":{"type":"model","model":"hplus:skyblock/armor/end/end_chestplate_dyed","tints":[{"type":"minecraft:dye","default":-6265536}]},"on_false":{"type":"condition","property":"component","predicate":"custom_data","value":{"id":"FLAME_BREAKER_CHESTPLATE"},"on_true":{"type":"model","model":"hplus:skyblock/armor/flame_breaker/flame_breaker_chestplate_dyed","tints":[{"type":"minecraft:dye","default":-6265536}]},"on_false":{"type":"condition","property":"component","predicate":"custom_data","value":{"id":"FLAMEBREAKER_CHESTPLATE"},"on_true":{"type":"model","model":"hplus:skyblock/armor/flamebreaker/flamebreaker_chestplate_dyed","tints":[{"type":"minecraft:dye","default":-6265536}]},"on_false":{"type":"condition","property":"component","predicate":"custom_data","value":{"id":"GOLD_HUNTER_CHESTPLATE"},"on_true":{"type":"model","model":"hplus:skyblock/armor/hunter/gold/gold_hunter_chestplate_dyed","tints":[{"type":"minecraft:dye","default":-6265536}]},"on_false":{"type":"condition","property":"component","predicate":"custom_data","value":{"id":"GOLEM_ARMOR_CHESTPLATE"},"on_true":{"type":"model","model":"hplus:skyblock/armor/golem_armor/golem_armor_chestplate_dyed","tints":[{"type":"minecraft:dye","default":-6265536}]},"on_false":{"type":"condition","property":"component","predicate":"custom_data","value":{"id":"HARDENED_DIAMOND_CHESTPLATE"},"on_true":{"type":"model","model":"hplus:skyblock/armor/hardened_diamond/hardened_diamond_chestplate_dyed","tints":[{"type":"minecraft:dye","default":-6265536}]},"on_false":{"type":"condition","property":"component","predicate":"custom_data","value":{"id":"MASTIFF_CHESTPLATE"},"on_true":{"type":"model","model":"hplus:skyblock/armor/mastiff/mastiff_chestplate_dyed","tints":[{"type":"minecraft:dye","default":-6265536}]},"on_false":{"type":"condition","property":"component","predicate":"custom_data","value":{"id":"MERCENARY_CHESTPLATE"},"on_true":{"type":"model","model":"hplus:skyblock/armor/mercenary/mercenary_chestplate_dyed","tints":[{"type":"minecraft:dye","default":-6265536}]},"on_false":{"type":"condition","property":"component","predicate":"custom_data","value":{"id":"MITHRIL_COAT"},"on_true":{"type":"model","model":"hplus:skyblock/armor/misc/mithril_coat_dyed","tints":[{"type":"minecraft:dye","default":-6265536}]},"on_false":{"type":"condition","property":"component","predicate":"custom_data","value":{"id":"PERFECT_CHESTPLATE_1"},"on_true":{"type":"model","model":"hplus:skyblock/armor/perfect/perfect_1/perfect_chestplate_1_dyed","tints":[{"type":"minecraft:dye","default":-6265536}]},"on_false":{"type":"condition","property":"component","predicate":"custom_data","value":{"id":"PERFECT_CHESTPLATE_10"},"on_true":{"type":"model","model":"hplus:skyblock/armor/perfect/perfect_10/perfect_chestplate_10_dyed","tints":[{"type":"minecraft:dye","default":-6265536}]},"on_false":{"type":"condition","property":"component","predicate":"custom_data","value":{"id":"PERFECT_CHESTPLATE_11"},"on_true":{"type":"model","model":"hplus:skyblock/armor/perfect/perfect_11/perfect_chestplate_11_dyed","tints":[{"type":"minecraft:dye","default":-6265536}]},"on_false":{"type":"condition","property":"component","predicate":"custom_data","value":{"id":"PERFECT_CHESTPLATE_12"},"on_true":{"type":"model","model":"hplus:skyblock/armor/perfect/perfect_12/perfect_chestplate_12_dyed","tints":[{"type":"minecraft:dye","default":-6265536}]},"on_false":{"type":"condition","property":"component","predicate":"custom_data","value":{"id":"PERFECT_CHESTPLATE_13"},"on_true":{"type":"model","model":"hplus:skyblock/armor/perfect/perfect_13/perfect_chestplate_13_dyed","tints":[{"type":"minecraft:dye","default":-6265536}]},"on_false":{"type":"condition","property":"component","predicate":"custom_data","value":{"id":"PERFECT_CHESTPLATE_2"},"on_true":{"type":"model","model":"hplus:skyblock/armor/perfect/perfect_2/perfect_chestplate_2_dyed","tints":[{"type":"minecraft:dye","default":-6265536}]},"on_false":{"type":"condition","property":"component","predicate":"custom_data","value":{"id":"PERFECT_CHESTPLATE_3"},"on_true":{"type":"model","model":"hplus:skyblock/armor/perfect/perfect_3/perfect_chestplate_3_dyed","tints":[{"type":"minecraft:dye","default":-6265536}]},"on_false":{"type":"condition","property":"component","predicate":"custom_data","value":{"id":"PERFECT_CHESTPLATE_4"},"on_true":{"type":"model","model":"hplus:skyblock/armor/perfect/perfect_4/perfect_chestplate_4_dyed","tints":[{"type":"minecraft:dye","default":-6265536}]},"on_false":{"type":"condition","property":"component","predicate":"custom_data","value":{"id":"PERFECT_CHESTPLATE_5"},"on_true":{"type":"model","model":"hplus:skyblock/armor/perfect/perfect_5/perfect_chestplate_5_dyed","tints":[{"type":"minecraft:dye","default":-6265536}]},"on_false":{"type":"condition","property":"component","predicate":"custom_data","value":{"id":"PERFECT_CHESTPLATE_6"},"on_true":{"type":"model","model":"hplus:skyblock/armor/perfect/perfect_6/perfect_chestplate_6_dyed","tints":[{"type":"minecraft:dye","default":-6265536}]},"on_false":{"type":"condition","property":"component","predicate":"custom_data","value":{"id":"PERFECT_CHESTPLATE_7"},"on_true":{"type":"model","model":"hplus:skyblock/armor/perfect/perfect_7/perfect_chestplate_7_dyed","tints":[{"type":"minecraft:dye","default":-6265536}]},"on_false":{"type":"condition","property":"component","predicate":"custom_data","value":{"id":"PERFECT_CHESTPLATE_8"},"on_true":{"type":"model","model":"hplus:skyblock/armor/perfect/perfect_8/perfect_chestplate_8_dyed","tints":[{"type":"minecraft:dye","default":-6265536}]},"on_false":{"type":"condition","property":"component","predicate":"custom_data","value":{"id":"PERFECT_CHESTPLATE_9"},"on_true":{"type":"model","model":"hplus:skyblock/armor/perfect/perfect_9/perfect_chestplate_9_dyed","tints":[{"type":"minecraft:dye","default":-6265536}]},"on_false":{"type":"condition","property":"component","predicate":"custom_data","value":{"id":"REKINDLED_EMBER_CHESTPLATE"},"on_true":{"type":"model","model":"hplus:skyblock/armor/rekindled_ember/rekindled_ember_chestplate_dyed","tints":[{"type":"minecraft:dye","default":-6265536}]},"on_false":{"type":"condition","property":"component","predicate":"custom_data","value":{"id":"REVENANT_CHESTPLATE"},"on_true":{"type":"model","model":"hplus:skyblock/armor/revenant/revenant_chestplate_dyed","tints":[{"type":"minecraft:dye","default":-6265536}]},"on_false":{"type":"condition","property":"component","predicate":"custom_data","value":{"id":"ROSETTA_CHESTPLATE"},"on_true":{"type":"model","model":"hplus:skyblock/armor/rosetta/rosetta_chestplate_dyed","tints":[{"type":"minecraft:dye","default":-6265536}]},"on_false":{"type":"condition","property":"component","predicate":"custom_data","value":{"id":"SHIMMERSPARKLE_CHESTPLATE"},"on_true":{"type":"model","model":"hplus:skyblock/armor/misc/shimmersparkle_chestplate_dyed","tints":[{"type":"minecraft:dye","default":-6265536}]},"on_false":{"type":"condition","property":"component","predicate":"custom_data","value":{"id":"SILVER_HUNTER_CHESTPLATE"},"on_true":{"type":"model","model":"hplus:skyblock/armor/hunter/silver/silver_hunter_chestplate_dyed","tints":[{"type":"minecraft:dye","default":-6265536}]},"on_false":{"type":"condition","property":"component","predicate":"custom_data","value":{"id":"SKELETOR_CHESTPLATE"},"on_true":{"type":"model","model":"hplus:skyblock/armor/skeletor/skeletor_chestplate_dyed","tints":[{"type":"minecraft:dye","default":-6265536}]},"on_false":{"type":"condition","property":"component","predicate":"custom_data","value":{"id":"SORROW_CHESTPLATE"},"on_true":{"type":"model","model":"hplus:skyblock/armor/sorrow/sorrow_chestplate_dyed","tints":[{"type":"minecraft:dye","default":-6265536}]},"on_false":{"type":"condition","property":"component","predicate":"custom_data","value":{"id":"SQUIRE_CHESTPLATE"},"on_true":{"type":"model","model":"hplus:skyblock/armor/squire/squire_chestplate_dyed","tints":[{"type":"minecraft:dye","default":-6265536}]},"on_false":{"type":"condition","property":"component","predicate":"custom_data","value":{"id":"STAR_CHESTPLATE"},"on_true":{"type":"model","model":"hplus:skyblock/armor/admin/star_chestplate_dyed","tints":[{"type":"minecraft:dye","default":-6265536}]},"on_false":{"type":"condition","property":"component","predicate":"custom_data","value":{"id":"TANK_MINER_CHESTPLATE"},"on_true":{"type":"model","model":"hplus:skyblock/armor/tank_miner/tank_miner_chestplate_dyed","tints":[{"type":"minecraft:dye","default":-6265536}]},"on_false":{"type":"condition","property":"component","predicate":"custom_data","value":{"id":"TITAN_CHESTPLATE"},"on_true":{"type":"model","model":"hplus:skyblock/armor/admin/titan_chestplate_dyed","tints":[{"type":"minecraft:dye","default":-6265536}]},"on_false":{"type":"condition","property":"component","predicate":"custom_data","value":{"id":"ZOMBIE_CHESTPLATE"},"on_true":{"type":"model","model":"hplus:skyblock/armor/zombie/zombie_chestplate_dyed","tints":[{"type":"minecraft:dye","default":-6265536}]},"on_false":{"type":"condition","property":"component","predicate":"custom_data","value":{"id":"ZOMBIE_KNIGHT_CHESTPLATE"},"on_true":{"type":"model","model":"hplus:skyblock/armor/zombie_knight/zombie_knight_chestplate_dyed","tints":[{"type":"minecraft:dye","default":-6265536}]},"on_false":{"type":"minecraft:select","cases":[{"model":{"type":"minecraft:model","model":"minecraft:item/leather_chestplate_quartz_trim","tints":[{"type":"minecraft:dye","default":-6265536}]},"when":"minecraft:quartz"},{"model":{"type":"minecraft:model","model":"minecraft:item/leather_chestplate_iron_trim","tints":[{"type":"minecraft:dye","default":-6265536}]},"when":"minecraft:iron"},{"model":{"type":"minecraft:model","model":"minecraft:item/leather_chestplate_netherite_trim","tints":[{"type":"minecraft:dye","default":-6265536}]},"when":"minecraft:netherite"},{"model":{"type":"minecraft:model","model":"minecraft:item/leather_chestplate_redstone_trim","tints":[{"type":"minecraft:dye","default":-6265536}]},"when":"minecraft:redstone"},{"model":{"type":"minecraft:model","model":"minecraft:item/leather_chestplate_copper_trim","tints":[{"type":"minecraft:dye","default":-6265536}]},"when":"minecraft:copper"},{"model":{"type":"minecraft:model","model":"minecraft:item/leather_chestplate_gold_trim","tints":[{"type":"minecraft:dye","default":-6265536}]},"when":"minecraft:gold"},{"model":{"type":"minecraft:model","model":"minecraft:item/leather_chestplate_emerald_trim","tints":[{"type":"minecraft:dye","default":-6265536}]},"when":"minecraft:emerald"},{"model":{"type":"minecraft:model","model":"minecraft:item/leather_chestplate_diamond_trim","tints":[{"type":"minecraft:dye","default":-6265536}]},"when":"minecraft:diamond"},{"model":{"type":"minecraft:model","model":"minecraft:item/leather_chestplate_lapis_trim","tints":[{"type":"minecraft:dye","default":-6265536}]},"when":"minecraft:lapis"},{"model":{"type":"minecraft:model","model":"minecraft:item/leather_chestplate_amethyst_trim","tints":[{"type":"minecraft:dye","default":-6265536}]},"when":"minecraft:amethyst"},{"model":{"type":"minecraft:model","model":"minecraft:item/leather_chestplate_resin_trim","tints":[{"type":"minecraft:dye","default":-6265536}]},"when":"minecraft:resin"}],"fallback":{"type":"minecraft:model","model":"minecraft:item/leather_chestplate","tints":[{"type":"minecraft:dye","default":-6265536}]},"property":"minecraft:trim_material"}}}}}}}}}}}}}}}}}}}}}}}}}}}}}}}}}}}}}}}}}}}}}}}}}}}}}}}}}}}}}}}}}}}}}}}}}}}}}}}}}}}}}}}}}}}}}}}}}}}}}}}}}}}}}}}}}}}}}}}}}}}}}}}}}}}}}}}}}}}}}}}}}}}}}}}}}}}}}}}}}}}}}}}},"type":"select","property":"component","component":"custom_name","cases":[{"when":[{"italic":false,"extra":[{"color":"green","text":"Wardrobe"}],"text":""}],"model":{"type":"model","model":"hplus:ui/icons/skyblock_menu/wardrobe"}},{"when":[{"italic":false,"extra":[{"color":"green","text":"Access to Wardrobe"}],"text":""}],"model":{"type":"model","model":"hplus:ui/icons/skyblock_menu/wardrobe"}},{"when":[{"italic":false,"extra":[{"color":"green","text":"Customize Appearances"}],"text":""}],"model":{"type":"model","model":"hplus:ui/icons/skyblock_menu/wardrobe"}}]}}