{"HPLUS":"ITEMS MINING","model":{"HPLUS":"ITEMS SPECIAL CAKE_SOUL","on_false":{"on_false":{"model":"item/light_blue_dye","type":"model"},"on_true":{"model":"hplus:skyblock/items/special/cake_soul/cake_soul_aqua","type":"model"},"predicate":"custom_data","property":"component","type":"condition","value":{"id":"CAKE_SOUL"}},"on_true":{"model":"hplus:skyblock/items/mining/refined_mineral","type":"model"},"predicate":"custom_data","property":"component","type":"condition","value":{"id":"REFINED_MINERAL"}}}