{"model":{"cases":[{"model":{"model":"hplus:ui/glass/menu_glass_light_gray","type":"model"},"when":[{"extra":[" "],"italic":false,"text":""}]},{"model":{"model":"hplus:ui/icons/empty_slot/empty_armor_slot_helmet","type":"model"},"when":[{"extra":[{"color":"gray","text":"Empty Helmet Slot"}],"italic":false,"text":""}]},{"model":{"model":"hplus:ui/icons/empty_slot/empty_armor_slot_chestplate","type":"model"},"when":[{"extra":[{"color":"gray","text":"Empty Chestplate Slot"}],"italic":false,"text":""}]},{"model":{"model":"hplus:ui/icons/empty_slot/empty_armor_slot_leggings","type":"model"},"when":[{"extra":[{"color":"gray","text":"Empty Leggings Slot"}],"italic":false,"text":""}]},{"model":{"model":"hplus:ui/icons/empty_slot/empty_armor_slot_boots","type":"model"},"when":[{"extra":[{"color":"gray","text":"Empty Boots Slot"}],"italic":false,"text":""}]},{"model":{"model":"hplus:ui/icons/empty_slot/empty_armor_slot_pet","type":"model"},"when":[{"extra":[{"color":"gray","text":"Empty Pet Slot"}],"italic":false,"text":""}]},{"model":{"model":"hplus:ui/icons/empty_slot/empty_armor_slot_hand","type":"model"},"when":[{"extra":[{"color":"gray","text":"Empty Hand Slot"}],"italic":false,"text":""}]},{"model":{"model":"hplus:ui/icons/empty_slot/empty_armor_slot_hand","type":"model"},"when":[{"extra":[{"color":"gray","text":"Empty Held Item Slot"}],"italic":false,"text":""}]},{"model":{"cases":[{"model":{"model":"hplus:ui/icons/empty_slot/empty_armor_slot_necklace","type":"model"},"when":[{"extra":[" ",{"color":"dark_gray","text":"> Necklace"}],"italic":false,"text":""}]},{"model":{"model":"hplus:ui/icons/empty_slot/empty_armor_slot_cloak","type":"model"},"when":[{"extra":[" ",{"color":"dark_gray","text":"> Cloak"}],"italic":false,"text":""}]},{"model":{"model":"hplus:ui/icons/empty_slot/empty_armor_slot_belt","type":"model"},"when":[{"extra":[" ",{"color":"dark_gray","text":"> Belt"}],"italic":false,"text":""}]},{"model":{"model":"hplus:ui/icons/empty_slot/empty_armor_slot_gloves","type":"model"},"when":[{"extra":[" ",{"color":"dark_gray","text":"> Gloves"}],"italic":false,"text":""},{"extra":[" ",{"color":"dark_gray","text":"> Bracelet"}],"italic":false,"text":""}]}],"component":"lore","fallback":{"model":"item/light_gray_stained_glass_pane","type":"model"},"property":"component","type":"select"},"when":[{"extra":[{"color":"gray","text":"Empty Equipment Slot"}],"italic":false,"text":""}]}],"component":"custom_name","fallback":{"model":"item/light_gray_stained_glass_pane","type":"model"},"property":"component","type":"select"}}