{"HPLUS":"ITEMS PET_ITEMS","model":{"HPLUS":"ITEMS RIFT","on_false":{"on_false":{"model":"item/lily_pad","tints":[{"type":"constant","value":-9321636}],"type":"model"},"on_true":{"model":"hplus:skyblock/items/rift/lil_pad","tints":[{"type":"constant","value":-9321636}],"type":"model"},"predicate":"custom_data","property":"component","type":"condition","value":{"id":"LIL_PAD"}},"on_true":{"model":"hplus:skyblock/items/pet_items/pet_item_lucky_clover","type":"model"},"predicate":"custom_data","property":"component","type":"condition","value":{"id":"PET_ITEM_LUCKY_CLOVER"}}}