{"model":{"HPLUS":"ITEMS MINING DWARVEN_MINES","cases":[{"model":{"model":"hplus:ui/buttons/confirm","type":"model"},"when":[{"extra":[{"color":"green","text":"Other player confirmed!"}],"italic":false,"text":""}]},{"model":{"model":"hplus:ui/icons/lobby/players_visible","type":"model"},"when":[{"extra":[{"color":"white","text":"Players: "},{"color":"green","text":"Visible "},{"color":"gray","text":"(Right Click)"}],"italic":false,"text":""}]},{"model":{"model":"hplus:ui/buttons/button_pressed","type":"model"},"when":[{"extra":[{"color":"gray","text":"Slot 1: "},{"color":"green","text":"Equipped"}],"italic":false,"text":""}]},{"model":{"model":"hplus:ui/buttons/button_pressed","type":"model"},"when":[{"extra":[{"color":"gray","text":"Slot 2: "},{"color":"green","text":"Equipped"}],"italic":false,"text":""}]},{"model":{"model":"hplus:ui/buttons/button_pressed","type":"model"},"when":[{"extra":[{"color":"gray","text":"Slot 3: "},{"color":"green","text":"Equipped"}],"italic":false,"text":""}]},{"model":{"model":"hplus:ui/buttons/button_pressed","type":"model"},"when":[{"extra":[{"color":"gray","text":"Slot 4: "},{"color":"green","text":"Equipped"}],"italic":false,"text":""}]},{"model":{"model":"hplus:ui/buttons/button_pressed","type":"model"},"when":[{"extra":[{"color":"gray","text":"Slot 5: "},{"color":"green","text":"Equipped"}],"italic":false,"text":""}]},{"model":{"model":"hplus:ui/buttons/button_pressed","type":"model"},"when":[{"extra":[{"color":"gray","text":"Slot 6: "},{"color":"green","text":"Equipped"}],"italic":false,"text":""}]},{"model":{"model":"hplus:ui/buttons/button_pressed","type":"model"},"when":[{"extra":[{"color":"gray","text":"Slot 7: "},{"color":"green","text":"Equipped"}],"italic":false,"text":""}]},{"model":{"model":"hplus:ui/buttons/button_pressed","type":"model"},"when":[{"extra":[{"color":"gray","text":"Slot 8: "},{"color":"green","text":"Equipped"}],"italic":false,"text":""}]},{"model":{"model":"hplus:ui/buttons/button_pressed","type":"model"},"when":[{"extra":[{"color":"gray","text":"Slot 9: "},{"color":"green","text":"Equipped"}],"italic":false,"text":""}]},{"model":{"model":"hplus:ui/buttons/button_pressed","type":"model"},"when":[{"extra":[{"color":"gray","text":"Slot 10: "},{"color":"green","text":"Equipped"}],"italic":false,"text":""}]},{"model":{"model":"hplus:ui/buttons/button_pressed","type":"model"},"when":[{"extra":[{"color":"gray","text":"Slot 11: "},{"color":"green","text":"Equipped"}],"italic":false,"text":""}]},{"model":{"model":"hplus:ui/buttons/button_pressed","type":"model"},"when":[{"extra":[{"color":"gray","text":"Slot 12: "},{"color":"green","text":"Equipped"}],"italic":false,"text":""}]},{"model":{"model":"hplus:ui/buttons/button_pressed","type":"model"},"when":[{"extra":[{"color":"gray","text":"Slot 13: "},{"color":"green","text":"Equipped"}],"italic":false,"text":""}]},{"model":{"model":"hplus:ui/buttons/button_pressed","type":"model"},"when":[{"extra":[{"color":"gray","text":"Slot 14: "},{"color":"green","text":"Equipped"}],"italic":false,"text":""}]},{"model":{"model":"hplus:ui/buttons/button_pressed","type":"model"},"when":[{"extra":[{"color":"gray","text":"Slot 15: "},{"color":"green","text":"Equipped"}],"italic":false,"text":""}]},{"model":{"model":"hplus:ui/buttons/button_pressed","type":"model"},"when":[{"extra":[{"color":"gray","text":"Slot 16: "},{"color":"green","text":"Equipped"}],"italic":false,"text":""}]},{"model":{"model":"hplus:ui/buttons/button_pressed","type":"model"},"when":[{"extra":[{"color":"gray","text":"Slot 17: "},{"color":"green","text":"Equipped"}],"italic":false,"text":""}]},{"model":{"model":"hplus:ui/buttons/button_pressed","type":"model"},"when":[{"extra":[{"color":"gray","text":"Slot 18: "},{"color":"green","text":"Equipped"}],"italic":false,"text":""}]}],"component":"custom_name","fallback":{"HPLUS":"ITEMS MINING GEMSTONES","on_false":{"HPLUS":"ITEMS PET_ITEMS","on_false":{"HPLUS":"ITEMS SLAYER TARANTULA_BROODFATHER","on_false":{"HPLUS":"ITEMS SPECIAL CAKE_SOUL","on_false":{"on_false":{"model":"item/lime_dye","type":"model"},"on_true":{"model":"hplus:skyblock/items/special/cake_soul/cake_soul_lime","type":"model"},"predicate":"custom_data","property":"component","type":"condition","value":{"id":"CAKE_SOUL"}},"on_true":{"model":"hplus:skyblock/items/slayer/tarantula_broodfather/toxic_arrow_poison","type":"model"},"predicate":"custom_data","property":"component","type":"condition","value":{"id":"TOXIC_ARROW_POISON"}},"on_true":{"model":"hplus:skyblock/items/pet_items/pet_item_lucky_clover_drop","type":"model"},"predicate":"custom_data","property":"component","type":"condition","value":{"id":"PET_ITEM_LUCKY_CLOVER_DROP"}},"on_true":{"model":"hplus:skyblock/items/mining/gemstones/gemstone_powder","type":"model"},"predicate":"custom_data","property":"component","type":"condition","value":{"id":"GEMSTONE_POWDER_TIER_1"}},"on_true":{"model":"hplus:skyblock/items/mining/dwarven_mines/mithril_powder","type":"model"},"predicate":"custom_data","property":"component","type":"condition","value":{"id":"MITHRIL_POWDER_TIER_1"}},"property":"component","type":"select"}}