{"model":{"HPLUS":"ITEMS MISC TRAVEL_SCROLLS","cases":[{"model":{"model":"hplus:ui/auction/sell_offer","type":"model"},"when":[{"extra":[{"color":"gold","text":"Create Sell Offer"}],"italic":false,"text":""}]},{"model":{"model":"hplus:ui/auction/stats","type":"model"},"when":[{"extra":[{"color":"green","text":"Auction Stats"}],"italic":false,"text":""}]}],"component":"custom_name","fallback":{"on_false":{"on_false":{"on_false":{"on_false":{"on_false":{"on_false":{"on_false":{"on_false":{"on_false":{"on_false":{"on_false":{"on_false":{"on_false":{"on_false":{"on_false":{"on_false":{"on_false":{"on_false":{"on_false":{"on_false":{"on_false":{"on_false":{"on_false":{"on_false":{"on_false":{"on_false":{"on_false":{"on_false":{"on_false":{"on_false":{"on_false":{"on_false":{"HPLUS":"ITEMS SPECIAL","on_false":{"on_false":{"model":"item/map","type":"model"},"on_true":{"model":"hplus:skyblock/items/special/quality_map","type":"model"},"predicate":"custom_data","property":"component","type":"condition","value":{"id":"QUALITY_MAP"}},"on_true":{"model":"hplus:skyblock/items/misc/travel_scrolls/wasteland_travel_scroll","type":"model"},"predicate":"custom_data","property":"component","type":"condition","value":{"id":"WASTELAND_TRAVEL_SCROLL"}},"on_true":{"model":"hplus:skyblock/items/misc/travel_scrolls/void_sepulture_travel_scroll","type":"model"},"predicate":"custom_data","property":"component","type":"condition","value":{"id":"VOID_SEPULTURE_TRAVEL_SCROLL"}},"on_true":{"model":"hplus:skyblock/items/misc/travel_scrolls/trapper_den_travel_scroll","type":"model"},"predicate":"custom_data","property":"component","type":"condition","value":{"id":"TRAPPER_DEN_TRAVEL_SCROLL"}},"on_true":{"model":"hplus:skyblock/items/misc/travel_scrolls/spiders_den_top_travel_scroll","type":"model"},"predicate":"custom_data","property":"component","type":"condition","value":{"id":"SPIDERS_DEN_TOP_TRAVEL_SCROLL"}},"on_true":{"model":"hplus:skyblock/items/misc/travel_scrolls/smoldering_chambers_travel_scroll","type":"model"},"predicate":"custom_data","property":"component","type":"condition","value":{"id":"SMOLDERING_CHAMBERS_TRAVEL_SCROLL"}},"on_true":{"model":"hplus:skyblock/items/misc/travel_scrolls/scarleton_travel_scroll","type":"model"},"predicate":"custom_data","property":"component","type":"condition","value":{"id":"SCARLETON_TRAVEL_SCROLL"}},"on_true":{"model":"hplus:skyblock/items/misc/travel_scrolls/rift_wizard_tower_travel_scroll","type":"model"},"predicate":"custom_data","property":"component","type":"condition","value":{"id":"RIFT_WIZARD_TOWER_TRAVEL_SCROLL"}},"on_true":{"model":"hplus:skyblock/items/misc/travel_scrolls/park_jungle_travel_scroll","type":"model"},"predicate":"custom_data","property":"component","type":"condition","value":{"id":"PARK_JUNGLE_TRAVEL_SCROLL"}},"on_true":{"model":"hplus:skyblock/items/misc/travel_scrolls/park_cave_travel_scroll","type":"model"},"predicate":"custom_data","property":"component","type":"condition","value":{"id":"PARK_CAVE_TRAVEL_SCROLL"}},"on_true":{"model":"hplus:skyblock/items/misc/travel_scrolls/nether_fortress_boss_travel_scroll","type":"model"},"predicate":"custom_data","property":"component","type":"condition","value":{"id":"NETHER_FORTRESS_BOSS_TRAVEL_SCROLL"}},"on_true":{"model":"hplus:skyblock/items/misc/travel_scrolls/museum_travel_scroll","type":"model"},"predicate":"custom_data","property":"component","type":"condition","value":{"id":"MUSEUM_TRAVEL_SCROLL"}},"on_true":{"model":"hplus:skyblock/items/misc/travel_scrolls/mining_3_travel_scroll","type":"model"},"predicate":"custom_data","property":"component","type":"condition","value":{"id":"MINING_3_TRAVEL_SCROLL"}},"on_true":{"model":"hplus:skyblock/items/misc/travel_scrolls/mining_2_travel_scroll","type":"model"},"predicate":"custom_data","property":"component","type":"condition","value":{"id":"MINING_2_TRAVEL_SCROLL"}},"on_true":{"model":"hplus:skyblock/items/misc/travel_scrolls/mining_1_travel_scroll","type":"model"},"predicate":"custom_data","property":"component","type":"condition","value":{"id":"MINING_1_TRAVEL_SCROLL"}},"on_true":{"model":"hplus:skyblock/items/misc/travel_scrolls/hub_wizard_tower_travel_scroll","type":"model"},"predicate":"custom_data","property":"component","type":"condition","value":{"id":"HUB_WIZARD_TOWER_TRAVEL_SCROLL"}},"on_true":{"model":"hplus:skyblock/items/misc/travel_scrolls/hub_da_travel_scroll","type":"model"},"predicate":"custom_data","property":"component","type":"condition","value":{"id":"HUB_DA_TRAVEL_SCROLL"}},"on_true":{"model":"hplus:skyblock/items/misc/travel_scrolls/hub_crypts_travel_scroll","type":"model"},"predicate":"custom_data","property":"component","type":"condition","value":{"id":"HUB_CRYPTS_TRAVEL_SCROLL"}},"on_true":{"model":"hplus:skyblock/items/misc/travel_scrolls/hub_castle_travel_scroll","type":"model"},"predicate":"custom_data","property":"component","type":"condition","value":{"id":"HUB_CASTLE_TRAVEL_SCROLL"}},"on_true":{"model":"hplus:skyblock/items/misc/travel_scrolls/forge_travel_scroll","type":"model"},"predicate":"custom_data","property":"component","type":"condition","value":{"id":"FORGE_TRAVEL_SCROLL"}},"on_true":{"model":"hplus:skyblock/items/misc/travel_scrolls/foraging_1_travel_scroll","type":"model"},"predicate":"custom_data","property":"component","type":"condition","value":{"id":"FORAGING_1_TRAVEL_SCROLL"}},"on_true":{"model":"hplus:skyblock/items/misc/travel_scrolls/farming_2_travel_scroll","type":"model"},"predicate":"custom_data","property":"component","type":"condition","value":{"id":"FARMING_2_TRAVEL_SCROLL"}},"on_true":{"model":"hplus:skyblock/items/misc/travel_scrolls/farming_1_travel_scroll","type":"model"},"predicate":"custom_data","property":"component","type":"condition","value":{"id":"FARMING_1_TRAVEL_SCROLL"}},"on_true":{"model":"hplus:skyblock/items/misc/travel_scrolls/dragontail_travel_scroll","type":"model"},"predicate":"custom_data","property":"component","type":"condition","value":{"id":"DRAGONTAIL_TRAVEL_SCROLL"}},"on_true":{"model":"hplus:skyblock/items/misc/travel_scrolls/dragon_nest_travel_scroll","type":"model"},"predicate":"custom_data","property":"component","type":"condition","value":{"id":"DRAGON_NEST_TRAVEL_SCROLL"}},"on_true":{"model":"hplus:skyblock/items/misc/travel_scrolls/danger_3_travel_scroll","type":"model"},"predicate":"custom_data","property":"component","type":"condition","value":{"id":"DANGER_3_TRAVEL_SCROLL"}},"on_true":{"model":"hplus:skyblock/items/misc/travel_scrolls/danger_2_travel_scroll","type":"model"},"predicate":"custom_data","property":"component","type":"condition","value":{"id":"DANGER_2_TRAVEL_SCROLL"}},"on_true":{"model":"hplus:skyblock/items/misc/travel_scrolls/danger_1_travel_scroll","type":"model"},"predicate":"custom_data","property":"component","type":"condition","value":{"id":"DANGER_1_TRAVEL_SCROLL"}},"on_true":{"model":"hplus:skyblock/items/misc/travel_scrolls/crystal_nucleus_travel_scroll","type":"model"},"predicate":"custom_data","property":"component","type":"condition","value":{"id":"CRYSTAL_NUCLEUS_TRAVEL_SCROLL"}},"on_true":{"model":"hplus:skyblock/items/misc/travel_scrolls/crystal_hollows_travel_scroll","type":"model"},"predicate":"custom_data","property":"component","type":"condition","value":{"id":"CRYSTAL_HOLLOWS_TRAVEL_SCROLL"}},"on_true":{"model":"hplus:skyblock/items/misc/travel_scrolls/blaze_farm_travel_scroll","type":"model"},"predicate":"custom_data","property":"component","type":"condition","value":{"id":"BLAZE_FARM_TRAVEL_SCROLL"}},"on_true":{"model":"hplus:skyblock/items/misc/travel_scrolls/bayou_travel_scroll","type":"model"},"predicate":"custom_data","property":"component","type":"condition","value":{"id":"BAYOU_TRAVEL_SCROLL"}},"on_true":{"model":"hplus:skyblock/items/misc/travel_scrolls/base_camp_travel_scroll","type":"model"},"predicate":"custom_data","property":"component","type":"condition","value":{"id":"BASE_CAMP_TRAVEL_SCROLL"}},"on_true":{"model":"hplus:skyblock/items/misc/travel_scrolls/arachne_sanctuary_travel_scroll","type":"model"},"predicate":"custom_data","property":"component","type":"condition","value":{"id":"ARACHNE_SANCTUARY_TRAVEL_SCROLL"}},"property":"component","type":"select"}}