{"HPLUS":"ITEMS RIFT","model":{"HPLUS":"ARMOR","on_false":{"on_false":{"model":"block/melon","type":"model"},"on_true":{"cases":[{"model":{"model":"hplus:skyblock/armor/melon/melon_helmet_armor","type":"model"},"when":"head"}],"fallback":{"model":"hplus:skyblock/armor/melon/melon_helmet","type":"model"},"property":"display_context","type":"select"},"predicate":"custom_data","property":"component","type":"condition","value":{"id":"MELON_HELMET"}},"on_true":{"model":"hplus:skyblock/items/rift/vampiric_melon","type":"model"},"predicate":"custom_data","property":"component","type":"condition","value":{"id":"VAMPIRIC_MELON"}}}