{"model":{"HPLUS":"ITEMS SLAYER RIFTSTALKER_BLOODFIEND","cases":[{"model":{"model":"hplus:skyblock/tools/farming/melon_dicer","type":"model"},"when":[{"extra":[{"color":"dark_purple","text":"Melon Dicer"}],"italic":false,"text":""}]}],"component":"custom_name","fallback":{"on_false":{"on_false":{"model":"item/melon_slice","type":"model"},"on_true":{"on_false":{"model":"hplus:skyblock/items/slayer/riftstalker_bloodfiend/luscious_healing_melon","type":"model"},"on_true":{"keybind":"key.use","on_false":{"model":"hplus:skyblock/items/slayer/riftstalker_bloodfiend/luscious_healing_melon","type":"model"},"on_true":{"model":"hplus:skyblock/items/slayer/riftstalker_bloodfiend/luscious_healing_melon_bite","type":"model"},"property":"keybind_down","type":"condition"},"property":"selected","type":"condition"},"predicate":"custom_data","property":"component","type":"condition","value":{"id":"LUSCIOUS_HEALING_MELON"}},"on_true":{"on_false":{"model":"hplus:skyblock/items/slayer/riftstalker_bloodfiend/juicy_healing_melon","type":"model"},"on_true":{"keybind":"key.use","on_false":{"model":"hplus:skyblock/items/slayer/riftstalker_bloodfiend/juicy_healing_melon","type":"model"},"on_true":{"model":"hplus:skyblock/items/slayer/riftstalker_bloodfiend/juicy_healing_melon_bite","type":"model"},"property":"keybind_down","type":"condition"},"property":"selected","type":"condition"},"predicate":"custom_data","property":"component","type":"condition","value":{"id":"JUICY_HEALING_MELON"}},"property":"component","type":"select"}}