{"model":{"HPLUS":"ITEMS MISC","cases":[{"model":{"model":"hplus:skyblock/items/misc/magical_milk_bucket","type":"model"},"when":[{"extra":[{"color":"red","text":"Magic Milk"}],"italic":false,"text":""}]},{"model":{"model":"hplus:skyblock/items/misc/magical_milk_bucket","type":"model"},"when":[{"extra":[{"color":"green","text":"Magic Milk"}],"italic":false,"text":""}]},{"model":{"model":"hplus:skyblock/items/misc/magical_milk_bucket","type":"model"},"when":[{"extra":[{"color":"white","text":"Magic Milk"}],"italic":false,"text":""}]}],"component":"custom_name","fallback":{"on_false":{"model":"item/milk_bucket","type":"model"},"on_true":{"model":"hplus:skyblock/items/misc/magical_milk_bucket","type":"model"},"predicate":"custom_data","property":"component","type":"condition","value":{"id":"MAGICAL_MILK_BUCKET"}},"property":"component","type":"select"}}