{"HPLUS":"ITEMS MINING CRYSTAL_HOLLOWS","model":{"HPLUS":"ITEMS SLAYER SVEN_PACKMASTER","on_false":{"on_false":{"model":"item/mooshroom_spawn_egg","type":"model"},"on_true":{"model":"hplus:skyblock/items/slayer/sven_packmaster/red_claw_egg","type":"model"},"predicate":"custom_data","property":"component","type":"condition","value":{"id":"RED_CLAW_EGG"}},"on_true":{"model":"hplus:skyblock/items/mining/crystal_hollows/goblin_egg_red","type":"model"},"predicate":"custom_data","property":"component","type":"condition","value":{"id":"GOBLIN_EGG_RED"}}}