{"HPLUS":"ITEMS FARMING","model":{"HPLUS":"ITEMS MISC DISCS","on_false":{"on_false":{"on_false":{"model":"item/music_disc_13","type":"model"},"on_true":{"model":"hplus:skyblock/items/misc/discs/dungeon_disc_5","type":"model"},"predicate":"custom_data","property":"component","type":"condition","value":{"id":"DUNGEON_DISC_5"}},"on_true":{"model":"hplus:skyblock/items/misc/discs/battle_disc","type":"model"},"predicate":"custom_data","property":"component","type":"condition","value":{"id":"BATTLE_DISC"}},"on_true":{"model":"hplus:skyblock/items/farming/vinyl_rodent_revolution","type":"model"},"predicate":"custom_data","property":"component","type":"condition","value":{"id":"VINYL_RODENT_REVOLUTION"}}}