{"HPLUS":"ITEMS FARMING","model":{"HPLUS":"ITEMS MISC DISCS","on_false":{"on_false":{"model":"item/music_disc_stal","type":"model"},"on_true":{"model":"hplus:skyblock/items/misc/discs/dungeon_disc_1","type":"model"},"predicate":"custom_data","property":"component","type":"condition","value":{"id":"DUNGEON_DISC_1"}},"on_true":{"model":"hplus:skyblock/items/farming/vinyl_pretty_fly","type":"model"},"predicate":"custom_data","property":"component","type":"condition","value":{"id":"VINYL_PRETTY_FLY"}}}