{"HPLUS":"ITEMS FARMING","model":{"HPLUS":"ITEMS MISC DISCS","on_false":{"on_false":{"on_false":{"model":"item/music_disc_strad","type":"model"},"on_true":{"model":"hplus:skyblock/items/misc/discs/winter_disc","type":"model"},"predicate":"custom_data","property":"component","type":"condition","value":{"id":"WINTER_DISC"}},"on_true":{"model":"hplus:skyblock/items/misc/discs/dungeon_disc_3","type":"model"},"predicate":"custom_data","property":"component","type":"condition","value":{"id":"DUNGEON_DISC_3"}},"on_true":{"model":"hplus:skyblock/items/farming/vinyl_dynamites","type":"model"},"predicate":"custom_data","property":"component","type":"condition","value":{"id":"VINYL_DYNAMITES"}}}