{"model":{"HPLUS":"WEAPONS SWORDS","cases":[{"model":{"model":"hplus:skyblock/items/slayer/sven_packmaster/wolf_tooth","type":"model"},"when":[{"extra":[{"color":"red","text":"☠ "},{"color":"yellow","text":"Sven Packmaster"}],"italic":false,"text":""}]},{"model":{"model":"hplus:skyblock/items/slayer/sven_packmaster/wolf_tooth_locked","type":"model"},"when":[{"extra":[{"color":"red","text":"☠ "},{"color":"red","text":"Sven Packmaster"}],"italic":false,"text":""}]},{"model":{"model":"hplus:skyblock/items/slayer/sven_packmaster/wolf_tooth","type":"model"},"when":[{"extra":[{"color":"green","text":"Sven Packmaster I"}],"italic":false,"text":""}]},{"model":{"model":"hplus:skyblock/items/slayer/sven_packmaster/wolf_tooth","type":"model"},"when":[{"extra":[{"color":"yellow","text":"Sven Packmaster II"}],"italic":false,"text":""}]},{"model":{"model":"hplus:skyblock/items/slayer/sven_packmaster/wolf_tooth","type":"model"},"when":[{"extra":[{"color":"red","text":"Sven Packmaster III"}],"italic":false,"text":""}]},{"model":{"model":"hplus:skyblock/items/slayer/sven_packmaster/wolf_tooth","type":"model"},"when":[{"extra":[{"color":"dark_red","text":"Sven Packmaster IV"}],"italic":false,"text":""}]},{"model":{"model":"hplus:skyblock/items/slayer/sven_packmaster/wolf_tooth","type":"model"},"when":[{"extra":[{"color":"dark_purple","text":"Sven Packmaster V"}],"italic":false,"text":""}]}],"component":"custom_name","fallback":{"HPLUS":"ITEMS FISHING","on_false":{"on_false":{"model":"item/mutton","type":"model"},"on_true":{"model":"hplus:skyblock/items/fishing/agarimoo_tongue","type":"model"},"predicate":"custom_data","property":"component","type":"condition","value":{"id":"AGARIMOO_TONGUE"}},"on_true":{"model":"hplus:skyblock/weapons/swords/edible_mace","type":"model"},"predicate":"custom_data","property":"component","type":"condition","value":{"id":"EDIBLE_MACE"}},"property":"component","type":"select"}}