{"model":{"HPLUS":"ITEMS MINING DWARVEN_MINES","cases":[{"model":{"model":"hplus:ui/icons/skyblock_menu/profile","type":"model"},"when":[{"extra":[{"color":"green","text":"Profile Management"}],"italic":false,"text":""}]},{"model":{"model":"hplus:skyblock/items/farming/jacobs_ticket","type":"model"},"when":[{"extra":[{"color":"light_purple","text":"Events"}],"italic":false,"text":""}]},{"model":{"model":"hplus:skyblock/items/farming/mouse_pest_trap","type":"model"},"when":[{"extra":[{"color":"green","text":"Mouse Trap"}],"italic":false,"text":""}]},{"model":{"model":"hplus:skyblock/items/farming/mouse_pest_trap","type":"model"},"when":[{"extra":[{"color":"red","text":"Mouse Trap"}],"italic":false,"text":""}]},{"model":{"model":"hplus:skyblock/items/farming/jacobs_ticket","type":"model"},"when":[{"extra":[{"color":"red","text":"Medal to Tickets"}],"italic":false,"text":""}]},{"model":{"model":"hplus:skyblock/items/farming/jacobs_ticket","type":"model"},"when":[{"extra":[{"color":"white","text":"Medal to Tickets"}],"italic":false,"text":""}]},{"model":{"model":"hplus:skyblock/items/farming/jacobs_ticket","type":"model"},"when":[{"extra":[{"color":"gold","text":"Medal to Tickets"}],"italic":false,"text":""}]}],"component":"custom_name","fallback":{"HPLUS":"ITEMS FARMING","on_false":{"HPLUS":"ITEMS MISC","on_false":{"on_false":{"HPLUS":"MURDER","on_false":{"on_false":{"model":"item/name_tag","type":"model"},"on_true":{"model":"hplus:skyblock/items/farming/mouse_pest_trap","type":"model"},"predicate":"custom_data","property":"component","type":"condition","value":{"KNIFE":1}},"on_true":{"model":"hplus:skyblock/items/misc/sirius_personal_phone_number","type":"model"},"predicate":"custom_data","property":"component","type":"condition","value":{"id":"SIRIUS_PERSONAL_PHONE_NUMBER"}},"on_true":{"model":"hplus:skyblock/items/misc/carnival_ticket","type":"model"},"predicate":"custom_data","property":"component","type":"condition","value":{"id":"CARNIVAL_TICKET"}},"on_true":{"model":"hplus:skyblock/items/farming/jacobs_ticket","type":"model"},"predicate":"custom_data","property":"component","type":"condition","value":{"id":"JACOBS_TICKET"}},"on_true":{"model":"hplus:skyblock/items/mining/dwarven_mines/mining_raffle_ticket","type":"model"},"predicate":"custom_data","property":"component","type":"condition","value":{"id":"MINING_RAFFLE_TICKET"}},"property":"component","type":"select"}}