{"model":{"HPLUS":"ITEMS MINING DWARVEN_MINES","cases":[{"model":{"model":"hplus:ui/buttons/arrow_circle","type":"model"},"when":[{"extra":[{"color":"green","text":"Re-Center"}],"italic":false,"text":""}]},{"model":{"model":"hplus:ui/buttons/settings","type":"model"},"when":[{"extra":[{"color":"green","text":"Search Settings"}],"italic":false,"text":""}]},{"model":{"model":"hplus:skyblock/items/misc/skyblock_menu","type":"model"},"when":[{"extra":[{"color":"green","text":"Lobby Selector "},{"color":"gray","text":"(Right Click)"}],"italic":false,"text":""}]}],"component":"custom_name","fallback":{"HPLUS":"ITEMS MINING CRYSTAL_HOLLOWS","on_false":{"HPLUS":"ITEMS END","on_false":{"on_false":{"HPLUS":"ITEMS MISC","on_false":{"on_false":{"HPLUS":"ITEMS RIFT","on_false":{"on_false":{"HPLUS":"ITEMS DUNGEONS","on_false":{"HPLUS":"BEDWARS","on_false":{"on_false":{"on_false":{"model":"item/nether_star","type":"model"},"on_true":{"model":"minecraft:item/wither_spawn_egg","type":"model"},"predicate":"custom_data","property":"component","type":"condition","value":{"placeable_wither":1}},"on_true":{"model":"hplus:bedwars/lucky_blocks/mario_star","type":"model"},"predicate":"custom_data","property":"component","type":"condition","value":{"mario_star":1}},"on_true":{"model":"minecraft:item/end_crystal","type":"model"},"predicate":"custom_data","property":"component","type":"condition","value":{"id":"MAXOR_ENERGY_CRYSTAL"}},"on_true":{"model":"hplus:skyblock/items/rift/time_knife","type":"model"},"predicate":"custom_data","property":"component","type":"condition","value":{"id":"TIME_KNIFE"}},"on_true":{"model":"hplus:skyblock/items/rift/fake_shuriken","type":"model"},"predicate":"custom_data","property":"component","type":"condition","value":{"id":"FAKE_SHURIKEN"}},"on_true":{"cases":[{"model":{"model":"hplus:skyblock/items/misc/skyblock_menu","type":"model"},"when":"gui"}],"fallback":{"type":"empty"},"property":"display_context","type":"select"},"predicate":"custom_data","property":"component","type":"condition","value":{"id":"SKYBLOCK_MENU"}},"on_true":{"model":"hplus:skyblock/items/misc/saving_grace","type":"model"},"predicate":"custom_data","property":"component","type":"condition","value":{"id":"SAVING_GRACE"}},"on_true":{"model":"hplus:skyblock/items/end/hyper_catalyst","type":"model"},"predicate":"custom_data","property":"component","type":"condition","value":{"id":"HYPER_CATALYST"}},"on_true":{"model":"hplus:skyblock/items/end/catalyst","type":"model"},"predicate":"custom_data","property":"component","type":"condition","value":{"id":"CATALYST"}},"on_true":{"model":"hplus:skyblock/items/mining/crystal_hollows/power_crystal","type":"model"},"predicate":"custom_data","property":"component","type":"condition","value":{"id":"POWER_CRYSTAL"}},"on_true":{"model":"hplus:skyblock/items/mining/dwarven_mines/starfall","type":"model"},"predicate":"custom_data","property":"component","type":"condition","value":{"id":"STARFALL"}},"property":"component","type":"select"}}