{"model":{"HPLUS":"ITEMS DUNGEONS","cases":[{"model":{"model":"hplus:murder/bloody_brick","type":"model"},"when":[{"extra":[{"color":"green","text":"Bloody Brick"}],"italic":false,"text":""}]},{"model":{"model":"hplus:murder/bloody_brick","type":"model"},"when":[{"extra":[{"color":"red","text":"Bloody Brick"}],"italic":false,"text":""}]}],"component":"custom_name","fallback":{"HPLUS":"MURDER","on_false":{"on_false":{"model":"item/nether_brick","type":"model"},"on_true":{"model":"hplus:murder/bloody_brick","type":"model"},"predicate":"custom_data","property":"component","type":"condition","value":{"KNIFE":1}},"on_true":{"model":"hplus:skyblock/items/dungeons/livid_fragment","type":"model"},"predicate":"custom_data","property":"component","type":"condition","value":{"id":"LIVID_FRAGMENT"}},"property":"component","type":"select"}}