{"HPLUS":"ITEMS RIFT","model":{"HPLUS":"ITEMS SLAYER RIFTSTALKER_BLOODFIEND","on_false":{"on_false":{"model":"item/nether_wart","type":"model"},"on_true":{"model":"hplus:skyblock/items/slayer/riftstalker_bloodfiend/coven_seal","type":"model"},"predicate":"custom_data","property":"component","type":"condition","value":{"id":"COVEN_SEAL"}},"on_true":{"model":"hplus:skyblock/items/rift/riftwart_roots","type":"model"},"predicate":"custom_data","property":"component","type":"condition","value":{"id":"RIFTWART_ROOTS"}}}