{"HPLUS":"ITEMS RIFT","model":{"HPLUS":"ITEMS SLAYER SVEN_PACKMASTER","on_false":{"on_false":{"model":"block/oak_trapdoor_bottom","type":"model"},"on_true":{"on_false":{"model":"hplus:skyblock/items/slayer/sven_packmaster/hamster_wheel","type":"model"},"on_true":{"keybind":"key.use","on_false":{"model":"hplus:skyblock/items/slayer/sven_packmaster/hamster_wheel","type":"model"},"on_true":{"model":"hplus:skyblock/items/slayer/sven_packmaster/hamster_wheel_spin","type":"model"},"property":"keybind_down","type":"condition"},"property":"selected","type":"condition"},"predicate":"custom_data","property":"component","type":"condition","value":{"id":"HAMSTER_WHEEL"}},"on_true":{"model":"hplus:skyblock/items/rift/berberis_fuel_injector","type":"model"},"predicate":"custom_data","property":"component","type":"condition","value":{"id":"BERBERIS_FUEL_INJECTOR"}}}