{"model":{"cases":[{"model":{"model":"hplus:ui/buttons/search","type":"model"},"when":[{"extra":[{"color":"green","text":"Custom Amount"}],"italic":false,"text":""}]},{"model":{"model":"hplus:ui/buttons/search","type":"model"},"when":[{"extra":[{"color":"green","text":"Museum Search"}],"italic":false,"text":""}]},{"model":{"model":"hplus:ui/buttons/search","type":"model"},"when":[{"extra":[{"color":"green","text":"Search"}],"italic":false,"text":""}]},{"model":{"model":"hplus:ui/buttons/search","type":"model"},"when":[{"extra":[{"color":"green","text":"Search Bestiary"}],"italic":false,"text":""}]},{"model":{"model":"hplus:ui/buttons/search","type":"model"},"when":[{"extra":[{"color":"green","text":"Search Items"}],"italic":false,"text":""}]},{"model":{"model":"hplus:ui/buttons/search","type":"model"},"when":[{"extra":[{"color":"green","text":"Search for Museum"}],"italic":false,"text":""}]},{"model":{"model":"hplus:ui/buttons/search","type":"model"},"when":[{"extra":[{"color":"green","text":"Search Recipes"}],"italic":false,"text":""}]},{"model":{"model":"hplus:ui/buttons/search","type":"model"},"when":[{"extra":[{"color":"green","text":"Search Abilities"}],"italic":false,"text":""}]},{"model":{"model":"hplus:ui/buttons/search","type":"model"},"when":[{"extra":[{"color":"green","text":"Wikithis Command"}],"italic":false,"text":""}]},{"model":{"model":"hplus:ui/buttons/search","type":"model"},"when":[{"extra":[{"color":"green","text":"Specific amount"}],"italic":false,"text":""}]}],"component":"custom_name","fallback":{"model":"item/oak_sign","type":"model"},"property":"component","type":"select"}}