{"model":{"HPLUS":"ITEMS SLAYER VOIDGLOOM_SERAPH","cases":[{"model":{"model":"hplus:ui/icons/misc_skyblock_ui/click_a_dye","type":"model"},"when":[{"extra":[{"color":"yellow","text":"Click a dye in your inventory!"}],"italic":false,"text":""}]}],"component":"custom_name","fallback":{"on_false":{"model":"block/oak_button_inventory","type":"model"},"on_true":{"model":"hplus:skyblock/items/slayer/voidgloom_seraph/null_atom","type":"model"},"predicate":"custom_data","property":"component","type":"condition","value":{"id":"NULL_ATOM"}},"property":"component","type":"select"}}