{"model":{"HPLUS":"ITEMS MINING DWARVEN_MINES","cases":[{"model":{"model":"hplus:ui/icons/misc_skyblock_ui/empty_dye","type":"model"},"when":[{"extra":[{"color":"red","text":"D"},{"color":"gold","text":"y"},{"color":"yellow","text":"e"},{"color":"green","text":"s"}],"italic":false,"text":""}]}],"component":"custom_name","fallback":{"HPLUS":"ITEMS MINING GEMSTONES","on_false":{"HPLUS":"ITEMS PET_ITEMS","on_false":{"HPLUS":"ITEMS SPECIAL CAKE_SOUL","on_false":{"on_false":{"model":"item/orange_dye","type":"model"},"on_true":{"model":"hplus:skyblock/items/special/cake_soul/cake_soul_orange","type":"model"},"predicate":"custom_data","property":"component","type":"condition","value":{"id":"CAKE_SOUL"}},"on_true":{"model":"hplus:skyblock/items/pet_items/mixed_mite_gel","type":"model"},"predicate":"custom_data","property":"component","type":"condition","value":{"id":"MIXED_MITE_GEL"}},"on_true":{"model":"hplus:skyblock/items/mining/gemstones/gemstone_powder","type":"model"},"predicate":"custom_data","property":"component","type":"condition","value":{"id":"GEMSTONE_POWDER_TIER_3"}},"on_true":{"model":"hplus:skyblock/items/mining/dwarven_mines/mithril_powder","type":"model"},"predicate":"custom_data","property":"component","type":"condition","value":{"id":"MITHRIL_POWDER_TIER_3"}},"property":"component","type":"select"}}