{"HPLUS":"ITEMS MINING GLACITE_TUNNELS","model":{"on_false":{"HPLUS":"ITEMS MISC","on_false":{"HPLUS":"ARMOR","on_false":{"on_false":{"model":"block/packed_ice","type":"model"},"on_true":{"cases":[{"model":{"model":"hplus:skyblock/armor/glacite/glacite_helmet_armor","type":"model"},"when":"head"}],"fallback":{"model":"hplus:skyblock/armor/glacite/glacite_helmet","type":"model"},"property":"display_context","type":"select"},"predicate":"custom_data","property":"component","type":"condition","value":{"id":"GLACITE_HELMET"}},"on_true":{"model":"hplus:skyblock/items/misc/ice_cube","type":"model"},"predicate":"custom_data","property":"component","type":"condition","value":{"id":"ICE_CUBE"}},"on_true":{"model":"hplus:skyblock/items/mining/glacite_tunnels/glacite","type":"model"},"predicate":"custom_data","property":"component","type":"condition","value":{"id":"ENCHANTED_GLACITE"}},"on_true":{"model":"hplus:skyblock/items/mining/glacite_tunnels/glacite","type":"model"},"predicate":"custom_data","property":"component","type":"condition","value":{"id":"GLACITE"}}}