{"model":{"HPLUS":"ITEMS CRIMSON_ISLE","cases":[{"model":{"model":"hplus:skyblock/items/misc/stonk_market/stock_of_stonks","type":"model"},"when":[{"extra":[{"color":"green","text":"View Graphs"}],"italic":false,"text":""}]},{"model":{"model":"hplus:ui/icons/profiles/normal_profile","type":"model"},"when":[{"extra":[{"color":"aqua","text":"Private Island"}],"italic":false,"text":""}]},{"model":{"model":"hplus:ui/fast_travel/fast_travel","type":"model"},"when":[{"extra":[{"color":"aqua","text":"SkyBlock Hub"}],"italic":false,"text":""}]},{"model":{"model":"hplus:skyblock/items/misc/travel_scrolls/hub_castle_travel_scroll","type":"model"},"when":[{"extra":[{"color":"aqua","text":"Hub"},{"color":"gray","text":" - "},{"color":"aqua","text":"Castle"}],"italic":false,"text":""}]},{"model":{"model":"hplus:skyblock/items/misc/travel_scrolls/hub_da_travel_scroll","type":"model"},"when":[{"extra":[{"color":"aqua","text":"SkyBlock Hub"},{"color":"gray","text":" - "},{"color":"aqua","text":"Sirius' Shack"}],"italic":false,"text":""}]},{"model":{"model":"hplus:skyblock/items/misc/travel_scrolls/hub_crypts_travel_scroll","type":"model"},"when":[{"extra":[{"color":"aqua","text":"SkyBlock Hub"},{"color":"gray","text":" - "},{"color":"aqua","text":"Crypts"}],"italic":false,"text":""}]},{"model":{"model":"hplus:skyblock/items/misc/travel_scrolls/museum_travel_scroll","type":"model"},"when":[{"extra":[{"color":"aqua","text":"SkyBlock Hub"},{"color":"gray","text":" - "},{"color":"aqua","text":"Museum"}],"italic":false,"text":""}]},{"model":{"model":"hplus:skyblock/items/misc/travel_scrolls/hub_wizard_tower_travel_scroll","type":"model"},"when":[{"extra":[{"color":"aqua","text":"SkyBlock Hub"},{"color":"gray","text":" - "},{"color":"aqua","text":"Wizard Tower"}],"italic":false,"text":""}]},{"model":{"model":"hplus:ui/catacombs/catacombs","type":"model"},"when":[{"extra":[{"color":"green","text":"Dungeon Hub"},{"color":"gray","text":" - "},{"color":"aqua","text":"Spawn"}],"italic":false,"text":""}]},{"model":{"model":"hplus:skyblock/items/misc/travel_scrolls/farming_1_travel_scroll","type":"model"},"when":[{"extra":[{"color":"green","text":"The Barn"},{"color":"gray","text":" - "},{"color":"aqua","text":"Spawn"}],"italic":false,"text":""}]},{"model":{"model":"hplus:skyblock/items/misc/travel_scrolls/farming_2_travel_scroll","type":"model"},"when":[{"extra":[{"color":"green","text":"Mushroom Desert"},{"color":"gray","text":" - "},{"color":"aqua","text":"Spawn"}],"italic":false,"text":""}]},{"model":{"model":"hplus:skyblock/items/misc/travel_scrolls/trapper_den_travel_scroll","type":"model"},"when":[{"extra":[{"color":"green","text":"Mushroom Desert"},{"color":"gray","text":" - "},{"color":"aqua","text":"Trapper's Den"}],"italic":false,"text":""}]},{"model":{"model":"hplus:skyblock/items/misc/travel_scrolls/foraging_1_travel_scroll","type":"model"},"when":[{"extra":[{"color":"green","text":"The Park"},{"color":"gray","text":" - "},{"color":"aqua","text":"Spawn"}],"italic":false,"text":""}]},{"model":{"model":"hplus:skyblock/items/misc/travel_scrolls/park_jungle_travel_scroll","type":"model"},"when":[{"extra":[{"color":"green","text":"The Park"},{"color":"gray","text":" - "},{"color":"aqua","text":"Jungle"}],"italic":false,"text":""}]},{"model":{"model":"hplus:skyblock/items/misc/travel_scrolls/park_cave_travel_scroll","type":"model"},"when":[{"extra":[{"color":"green","text":"The Park"},{"color":"gray","text":" - "},{"color":"aqua","text":"Howling Cave"}],"italic":false,"text":""}]},{"model":{"model":"hplus:skyblock/items/misc/travel_scrolls/mining_1_travel_scroll","type":"model"},"when":[{"extra":[{"color":"green","text":"Gold Mine"},{"color":"gray","text":" - "},{"color":"aqua","text":"Spawn"}],"italic":false,"text":""}]},{"model":{"model":"hplus:skyblock/items/misc/travel_scrolls/mining_2_travel_scroll","type":"model"},"when":[{"extra":[{"color":"green","text":"Deep Caverns"},{"color":"gray","text":" - "},{"color":"aqua","text":"Spawn"}],"italic":false,"text":""}]},{"model":{"model":"hplus:skyblock/items/misc/travel_scrolls/mining_3_travel_scroll","type":"model"},"when":[{"extra":[{"color":"green","text":"Dwarven Mines"},{"color":"gray","text":" - "},{"color":"aqua","text":"Spawn"}],"italic":false,"text":""}]},{"model":{"model":"hplus:skyblock/items/misc/travel_scrolls/forge_travel_scroll","type":"model"},"when":[{"extra":[{"color":"green","text":"Dwarven Mines"},{"color":"gray","text":" - "},{"color":"aqua","text":"Forge"}],"italic":false,"text":""}]},{"model":{"model":"hplus:skyblock/items/misc/travel_scrolls/base_camp_travel_scroll","type":"model"},"when":[{"extra":[{"color":"green","text":"Dwarven Mines"},{"color":"gray","text":" - "},{"color":"aqua","text":"Base Camp"}],"italic":false,"text":""}]},{"model":{"model":"hplus:skyblock/items/misc/travel_scrolls/crystal_hollows_travel_scroll","type":"model"},"when":[{"extra":[{"color":"green","text":"Crystal Hollows"},{"color":"gray","text":" - "},{"color":"aqua","text":"Entrance"}],"italic":false,"text":""}]},{"model":{"model":"hplus:skyblock/items/misc/travel_scrolls/crystal_nucleus_travel_scroll","type":"model"},"when":[{"extra":[{"color":"green","text":"Crystal Hollows"},{"color":"gray","text":" - "},{"color":"aqua","text":"Crystal Nucleus"}],"italic":false,"text":""}]},{"model":{"model":"hplus:skyblock/items/misc/travel_scrolls/danger_1_travel_scroll","type":"model"},"when":[{"extra":[{"color":"green","text":"Spider's Den"},{"color":"gray","text":" - "},{"color":"aqua","text":"Spawn"}],"italic":false,"text":""}]},{"model":{"model":"hplus:skyblock/items/misc/travel_scrolls/spiders_den_top_travel_scroll","type":"model"},"when":[{"extra":[{"color":"green","text":"Spider's Den"},{"color":"gray","text":" - "},{"color":"aqua","text":"Top of Nest"}],"italic":false,"text":""}]},{"model":{"model":"hplus:skyblock/items/misc/travel_scrolls/arachne_sanctuary_travel_scroll","type":"model"},"when":[{"extra":[{"color":"green","text":"Spider's Den"},{"color":"gray","text":" - "},{"color":"aqua","text":"Arachne's Sanctuary"}],"italic":false,"text":""}]},{"model":{"model":"hplus:skyblock/items/misc/travel_scrolls/danger_3_travel_scroll","type":"model"},"when":[{"extra":[{"color":"green","text":"The End"},{"color":"gray","text":" - "},{"color":"aqua","text":"Spawn"}],"italic":false,"text":""}]},{"model":{"model":"hplus:skyblock/items/misc/travel_scrolls/dragon_nest_travel_scroll","type":"model"},"when":[{"extra":[{"color":"green","text":"The End"},{"color":"gray","text":" - "},{"color":"aqua","text":"Dragon's Nest"}],"italic":false,"text":""}]},{"model":{"model":"hplus:skyblock/items/misc/travel_scrolls/void_sepulture_travel_scroll","type":"model"},"when":[{"extra":[{"color":"green","text":"The End"},{"color":"gray","text":" - "},{"color":"aqua","text":"Void Sepulture"}],"italic":false,"text":""}]},{"model":{"model":"hplus:skyblock/items/misc/travel_scrolls/danger_2_travel_scroll","type":"model"},"when":[{"extra":[{"color":"green","text":"Crimson Isle"},{"color":"gray","text":" - "},{"color":"aqua","text":"Spawn"}],"italic":false,"text":""}]},{"model":{"model":"hplus:skyblock/items/misc/travel_scrolls/nether_fortress_boss_travel_scroll","type":"model"},"when":[{"extra":[{"color":"green","text":"Crimson Isle"},{"color":"gray","text":" - "},{"color":"aqua","text":"Forgotten Skull"}],"italic":false,"text":""}]},{"model":{"model":"hplus:skyblock/items/misc/travel_scrolls/wasteland_travel_scroll","type":"model"},"when":[{"extra":[{"color":"green","text":"Crimson Isle"},{"color":"gray","text":" - "},{"color":"aqua","text":"The Wasteland"}],"italic":false,"text":""}]},{"model":{"model":"hplus:skyblock/items/misc/travel_scrolls/dragontail_travel_scroll","type":"model"},"when":[{"extra":[{"color":"green","text":"Crimson Isle"},{"color":"gray","text":" - "},{"color":"aqua","text":"Dragontail"}],"italic":false,"text":""}]},{"model":{"model":"hplus:skyblock/items/misc/travel_scrolls/scarleton_travel_scroll","type":"model"},"when":[{"extra":[{"color":"green","text":"Crimson Isle"},{"color":"gray","text":" - "},{"color":"aqua","text":"Scarleton"}],"italic":false,"text":""}]},{"model":{"model":"hplus:skyblock/items/misc/travel_scrolls/smoldering_chambers_travel_scroll","type":"model"},"when":[{"extra":[{"color":"green","text":"Crimson Isle"},{"color":"gray","text":" - "},{"color":"aqua","text":"Smoldering Tomb"}],"italic":false,"text":""}]},{"model":{"model":"hplus:ui/fast_travel/garden","type":"model"},"when":[{"extra":[{"color":"green","text":"The Garden"}],"italic":false,"text":""}]},{"model":{"model":"hplus:skyblock/items/misc/travel_scrolls/rift_wizard_tower_travel_scroll","type":"model"},"when":[{"extra":[{"color":"green","text":"The Rift"},{"color":"gray","text":" - "},{"color":"aqua","text":"Wizard Tower"}],"italic":false,"text":""}]},{"model":{"model":"hplus:skyblock/items/misc/travel_scrolls/bayou_travel_scroll","type":"model"},"when":[{"extra":[{"color":"green","text":"Backwater Bayou"},{"color":"gray","text":" - "},{"color":"aqua","text":"Spawn"}],"italic":false,"text":""}]},{"model":{"model":"hplus:ui/fast_travel/jerrys_workshop","type":"model"},"when":[{"extra":[{"color":"aqua","text":"Warp to: "},{"color":"red","text":"Jerry's Workshop"}],"italic":false,"text":""}]},{"model":{"model":"hplus:skyblock/items/special/bingo_card","type":"model"},"when":[{"extra":[{"color":"gold","text":"Bingo Card"}],"italic":false,"text":""}]},{"model":{"model":"hplus:skyblock/items/special/extreme_bingo_card","type":"model"},"when":[{"extra":[{"color":"red","text":"Extreme Bingo Card"}],"italic":false,"text":""}]},{"model":{"model":"hplus:skyblock/items/special/secret_bingo_card","type":"model"},"when":[{"extra":[{"color":"light_purple","text":"Secret Bingo Card"}],"italic":false,"text":""}]},{"model":{"model":"hplus:skyblock/items/misc/stonk_market/stock_of_stonks","type":"model"},"when":[{"extra":[{"color":"light_purple","text":"Stonks Auction"}],"italic":false,"text":""}]},{"model":{"model":"hplus:ui/buttons/arrow_circle","type":"model"},"when":[{"extra":[{"bold":true,"color":"aqua","text":"Play Again "},{"color":"gray","text":"(Right Click)"}],"italic":false,"text":""}]}],"component":"custom_name","fallback":{"HPLUS":"ITEMS DUNGEONS","on_false":{"on_false":{"on_false":{"HPLUS":"ITEMS MINING GLACITE_TUNNELS","on_false":{"HPLUS":"ITEMS EVENTS GREAT_SPOOK","on_false":{"on_false":{"HPLUS":"ITEMS MISC","on_false":{"on_false":{"HPLUS":"ITEMS MISC ROMERO","on_false":{"HPLUS":"ITEMS MISC STONK_MARKET","on_false":{"HPLUS":"ITEMS SLAYER INFERNO_DEMONLORD","on_false":{"HPLUS":"ITEMS SPECIAL","on_false":{"on_false":{"on_false":{"on_false":{"model":"item/paper","type":"model"},"on_true":{"model":"hplus:skyblock/items/special/secret_bingo_card","type":"model"},"predicate":"custom_data","property":"component","type":"condition","value":{"id":"SECRET_BINGO_CARD"}},"on_true":{"model":"hplus:skyblock/items/special/extreme_bingo_card","type":"model"},"predicate":"custom_data","property":"component","type":"condition","value":{"id":"EXTREME_BINGO_CARD"}},"on_true":{"model":"hplus:skyblock/items/special/bingo_card","type":"model"},"predicate":"custom_data","property":"component","type":"condition","value":{"id":"BINGO_CARD"}},"on_true":{"model":"hplus:skyblock/items/slayer/inferno_demonlord/wilson_engineering_plans","type":"model"},"predicate":"custom_data","property":"component","type":"condition","value":{"id":"WILSON_ENGINEERING_PLANS"}},"on_true":{"model":"hplus:skyblock/items/misc/stonk_market/stock_of_stonks","type":"model"},"predicate":"custom_data","property":"component","type":"condition","value":{"id":"STOCK_OF_STONKS"}},"on_true":{"model":"hplus:skyblock/items/misc/romero/poem_of_infinite_love","type":"model"},"predicate":"custom_data","property":"component","type":"condition","value":{"id":"POEM_OF_INFINITE_LOVE"}},"on_true":{"model":"hplus:skyblock/items/misc/century_party_invitation","type":"model"},"predicate":"custom_data","property":"component","type":"condition","value":{"id":"CENTURY_PARTY_INVITATION"}},"on_true":{"model":"hplus:skyblock/items/misc/aatrox_phone_number","type":"model"},"predicate":"custom_data","property":"component","type":"condition","value":{"id":"AATROX_PHONE_NUMBER"}},"on_true":{"model":"hplus:skyblock/items/events/great_spook/the_soup_painting","type":"model"},"predicate":"custom_data","property":"component","type":"condition","value":{"id":"THE_SOUP_PAINTING"}},"on_true":{"model":"hplus:skyblock/items/events/great_spook/alchemist_recipe","type":"model"},"predicate":"custom_data","property":"component","type":"condition","value":{"id":"ALCHEMIST_RECIPE"}},"on_true":{"model":"hplus:skyblock/items/mining/glacite_tunnels/secret_railroad_pass","type":"model"},"predicate":"custom_data","property":"component","type":"condition","value":{"id":"SECRET_RAILROAD_PASS"}},"on_true":{"model":"hplus:skyblock/items/dungeons/sauls_recommendation","type":"model"},"predicate":"custom_data","property":"component","type":"condition","value":{"id":"SAULS_RECOMMENDATION"}},"on_true":{"model":"hplus:skyblock/items/dungeons/dungeon_lore_paper","type":"model"},"predicate":"custom_data","property":"component","type":"condition","value":{"id":"DUNGEON_LORE_PAPER"}},"on_true":{"model":"hplus:skyblock/items/dungeons/architect_first_draft","type":"model"},"predicate":"custom_data","property":"component","type":"condition","value":{"id":"ARCHITECT_FIRST_DRAFT"}},"on_true":{"model":"hplus:skyblock/items/crimson_isle/dean_letter_of_recommendation","type":"model"},"predicate":"custom_data","property":"component","type":"condition","value":{"id":"DEAN_LETTER_OF_RECOMMENDATION"}},"property":"component","type":"select"}}