{"model":{"HPLUS":"ITEMS FARMING","cases":[{"model":{"model":"hplus:ui/buttons/button","type":"model"},"when":[{"extra":[{"color":"gray","text":"Slot 1: "},{"color":"green","text":"Ready"}],"italic":false,"text":""}]},{"model":{"model":"hplus:ui/buttons/button","type":"model"},"when":[{"extra":[{"color":"gray","text":"Slot 2: "},{"color":"green","text":"Ready"}],"italic":false,"text":""}]},{"model":{"model":"hplus:ui/buttons/button","type":"model"},"when":[{"extra":[{"color":"gray","text":"Slot 3: "},{"color":"green","text":"Ready"}],"italic":false,"text":""}]},{"model":{"model":"hplus:ui/buttons/button","type":"model"},"when":[{"extra":[{"color":"gray","text":"Slot 4: "},{"color":"green","text":"Ready"}],"italic":false,"text":""}]},{"model":{"model":"hplus:ui/buttons/button","type":"model"},"when":[{"extra":[{"color":"gray","text":"Slot 5: "},{"color":"green","text":"Ready"}],"italic":false,"text":""}]},{"model":{"model":"hplus:ui/buttons/button","type":"model"},"when":[{"extra":[{"color":"gray","text":"Slot 6: "},{"color":"green","text":"Ready"}],"italic":false,"text":""}]},{"model":{"model":"hplus:ui/buttons/button","type":"model"},"when":[{"extra":[{"color":"gray","text":"Slot 7: "},{"color":"green","text":"Ready"}],"italic":false,"text":""}]},{"model":{"model":"hplus:ui/buttons/button","type":"model"},"when":[{"extra":[{"color":"gray","text":"Slot 8: "},{"color":"green","text":"Ready"}],"italic":false,"text":""}]},{"model":{"model":"hplus:ui/buttons/button","type":"model"},"when":[{"extra":[{"color":"gray","text":"Slot 9: "},{"color":"green","text":"Ready"}],"italic":false,"text":""}]},{"model":{"model":"hplus:ui/buttons/button","type":"model"},"when":[{"extra":[{"color":"gray","text":"Slot 10: "},{"color":"green","text":"Ready"}],"italic":false,"text":""}]},{"model":{"model":"hplus:ui/buttons/button","type":"model"},"when":[{"extra":[{"color":"gray","text":"Slot 11: "},{"color":"green","text":"Ready"}],"italic":false,"text":""}]},{"model":{"model":"hplus:ui/buttons/button","type":"model"},"when":[{"extra":[{"color":"gray","text":"Slot 12: "},{"color":"green","text":"Ready"}],"italic":false,"text":""}]},{"model":{"model":"hplus:ui/buttons/button","type":"model"},"when":[{"extra":[{"color":"gray","text":"Slot 13: "},{"color":"green","text":"Ready"}],"italic":false,"text":""}]},{"model":{"model":"hplus:ui/buttons/button","type":"model"},"when":[{"extra":[{"color":"gray","text":"Slot 14: "},{"color":"green","text":"Ready"}],"italic":false,"text":""}]},{"model":{"model":"hplus:ui/buttons/button","type":"model"},"when":[{"extra":[{"color":"gray","text":"Slot 15: "},{"color":"green","text":"Ready"}],"italic":false,"text":""}]},{"model":{"model":"hplus:ui/buttons/button","type":"model"},"when":[{"extra":[{"color":"gray","text":"Slot 16: "},{"color":"green","text":"Ready"}],"italic":false,"text":""}]},{"model":{"model":"hplus:ui/buttons/button","type":"model"},"when":[{"extra":[{"color":"gray","text":"Slot 17: "},{"color":"green","text":"Ready"}],"italic":false,"text":""}]},{"model":{"model":"hplus:ui/buttons/button","type":"model"},"when":[{"extra":[{"color":"gray","text":"Slot 18: "},{"color":"green","text":"Ready"}],"italic":false,"text":""}]}],"component":"custom_name","fallback":{"HPLUS":"ITEMS SPECIAL CAKE_SOUL","on_false":{"on_false":{"model":"item/pink_dye","type":"model"},"on_true":{"model":"hplus:skyblock/items/special/cake_soul/cake_soul_pink","type":"model"},"predicate":"custom_data","property":"component","type":"condition","value":{"id":"CAKE_SOUL"}},"on_true":{"model":"hplus:skyblock/items/farming/mycelium_dust","type":"model"},"predicate":"custom_data","property":"component","type":"condition","value":{"id":"MYCELIUM_DUST"}},"property":"component","type":"select"}}