{"model":{"HPLUS":"ITEMS DUNGEONS","cases":[{"model":{"model":"hplus:skyblock/items/misc/island_npc","type":"model"},"when":[{"extra":[{"color":"green","text":"Select NPC Type"}],"italic":false,"text":""}]}],"component":"custom_name","fallback":{"HPLUS":"ITEMS FARMING","on_false":{"HPLUS":"ITEMS MISC","on_false":{"on_false":{"model":"item/polar_bear_spawn_egg","type":"model"},"on_true":{"model":"hplus:skyblock/items/misc/island_npc","type":"model"},"predicate":"custom_data","property":"component","type":"condition","value":{"id":"ISLAND_NPC"}},"on_true":{"model":"hplus:skyblock/items/farming/super_egg","type":"model"},"predicate":"custom_data","property":"component","type":"condition","value":{"id":"SUPER_EGG"}},"on_true":{"model":"hplus:skyblock/items/dungeons/dungeon_decoy","type":"model"},"predicate":"custom_data","property":"component","type":"condition","value":{"id":"DUNGEON_DECOY"}},"property":"component","type":"select"}}