{"model":{"HPLUS":"WEAPONS SWORDS","cases":[{"model":{"model":"hplus:ui/buttons/invite","type":"model"},"when":[{"extra":[{"color":"green","text":"Invite to Island"}],"italic":false,"text":""}]}],"component":"custom_name","fallback":{"HPLUS":"ITEMS DUNGEONS","on_false":{"on_false":{"HPLUS":"ITEMS END","on_false":{"on_false":{"model":"item/poppy","type":"model"},"on_true":{"model":"hplus:skyblock/items/end/endstone_rose","type":"model"},"predicate":"custom_data","property":"component","type":"condition","value":{"id":"ENDSTONE_ROSE"}},"on_true":{"model":"hplus:skyblock/items/dungeons/scarf_fragment","type":"model"},"predicate":"custom_data","property":"component","type":"condition","value":{"id":"SCARF_FRAGMENT"}},"on_true":{"model":"hplus:skyblock/items/dungeons/golem_poppy","type":"model"},"predicate":"custom_data","property":"component","type":"condition","value":{"id":"GOLEM_POPPY"}},"on_true":{"model":"hplus:skyblock/weapons/swords/flower_of_truth","type":"model"},"predicate":"custom_data","property":"component","type":"condition","value":{"id":"FLOWER_OF_TRUTH"}},"property":"component","type":"select"}}