{"model":{"HPLUS":"ITEMS EVENTS JERRY","cases":[{"model":{"model":"hplus:skyblock/items/potions/god_potion_2","type":"model"},"when":[{"extra":[{"color":"green","text":""},{"color":"green","text":"Active Effects"}],"italic":false,"text":""}]},{"model":{"model":"hplus:skyblock/items/potions/god_potion_2","type":"model"},"when":[{"extra":[{"color":"gold","text":"Potion Seller"}],"italic":false,"text":""}]}],"component":"custom_name","fallback":{"on_false":{"on_false":{"HPLUS":"ITEMS POTIONS","on_false":{"on_false":{"on_false":{"on_false":{"on_false":{"on_false":{"on_false":{"on_false":{"on_false":{"on_false":{"on_false":{"on_false":{"on_false":{"on_false":{"on_false":{"on_false":{"on_false":{"on_false":{"on_false":{"on_false":{"on_false":{"on_false":{"on_false":{"on_false":{"on_false":{"on_false":{"on_false":{"on_false":{"on_false":{"on_false":{"on_false":{"on_false":{"on_false":{"on_false":{"on_false":{"on_false":{"on_false":{"on_false":{"on_false":{"on_false":{"on_false":{"on_false":{"on_false":{"on_false":{"on_false":{"on_false":{"on_false":{"on_false":{"on_false":{"on_false":{"on_false":{"on_false":{"model":"item/potion","tints":[{"default":-13083194,"type":"potion"}],"type":"model"},"on_true":{"model":"hplus:skyblock/items/potions/mixins/zombie_brain_mixin","type":"model"},"predicate":"custom_data","property":"component","type":"condition","value":{"potion":"ZOMBIE_BRAIN","potion_type":"POTION"}},"on_true":{"model":"hplus:skyblock/items/potions/mixins/wolf_fur_mixin","type":"model"},"predicate":"custom_data","property":"component","type":"condition","value":{"potion":"WOLF_FUR","potion_type":"POTION"}},"on_true":{"model":"hplus:skyblock/items/potions/mixins/spider_egg_mixin","type":"model"},"predicate":"custom_data","property":"component","type":"condition","value":{"potion":"SPIDER_EGG","potion_type":"POTION"}},"on_true":{"model":"hplus:skyblock/items/potions/mixins/mushed_mushroom_mixin","type":"model"},"predicate":"custom_data","property":"component","type":"condition","value":{"potion":"MUSHED_MUSHROOM","potion_type":"POTION"}},"on_true":{"model":"hplus:skyblock/items/potions/mixins/hot_chocolate_mixin","type":"model"},"predicate":"custom_data","property":"component","type":"condition","value":{"potion":"HOT_CHOCOLATE","potion_type":"POTION"}},"on_true":{"model":"hplus:skyblock/items/potions/mixins/gabagoey_mixin","type":"model"},"predicate":"custom_data","property":"component","type":"condition","value":{"potion":"GABAGOEY","potion_type":"POTION"}},"on_true":{"model":"hplus:skyblock/items/potions/mixins/end_portal_fumes_mixin","type":"model"},"predicate":"custom_data","property":"component","type":"condition","value":{"potion":"END_PORTAL_FUMES","potion_type":"POTION"}},"on_true":{"model":"hplus:skyblock/items/potions/mixins/deepterror_mixin","type":"model"},"predicate":"custom_data","property":"component","type":"condition","value":{"potion":"DEEPTERROR","potion_type":"POTION"}},"on_true":{"model":"hplus:skyblock/items/farming/pest_repellent","type":"model"},"predicate":"custom_data","property":"component","type":"condition","value":{"potion":"pest_spray","potion_type":"POTION"}},"on_true":{"model":"hplus:skyblock/items/potions/brews/hot_chocolate","type":"model"},"predicate":"custom_data","property":"component","type":"condition","value":{"potion":"obsidian_skin","potion_type":"POTION"}},"on_true":{"model":"hplus:skyblock/items/potions/wounded_potion","type":"model"},"predicate":"custom_data","property":"component","type":"condition","value":{"potion":"wounded","potion_type":"POTION"}},"on_true":{"model":"hplus:skyblock/items/potions/wisp_ice_potion","type":"model"},"predicate":"custom_data","property":"component","type":"condition","value":{"potion":"wisp_ice","potion_type":"POTION"}},"on_true":{"model":"hplus:skyblock/items/potions/venomous_potion","type":"model"},"predicate":"custom_data","property":"component","type":"condition","value":{"potion":"venomous","potion_type":"POTION"}},"on_true":{"model":"hplus:skyblock/items/potions/true_defense_potion","type":"model"},"predicate":"custom_data","property":"component","type":"condition","value":{"potion":"true_defense","potion_type":"POTION"}},"on_true":{"model":"hplus:skyblock/items/potions/stun_potion","type":"model"},"predicate":"custom_data","property":"component","type":"condition","value":{"potion":"stun","potion_type":"POTION"}},"on_true":{"model":"hplus:skyblock/items/potions/stinky_cheese_potion","type":"model"},"predicate":"custom_data","property":"component","type":"condition","value":{"potion":"stinky_cheese","potion_type":"POTION"}},"on_true":{"model":"hplus:skyblock/items/potions/stamina_potion","type":"model"},"predicate":"custom_data","property":"component","type":"condition","value":{"potion":"stamina","potion_type":"POTION"}},"on_true":{"model":"hplus:skyblock/items/potions/spirit_potion","type":"model"},"predicate":"custom_data","property":"component","type":"condition","value":{"potion":"spirit","potion_type":"POTION"}},"on_true":{"model":"hplus:skyblock/items/potions/spelunker_potion","type":"model"},"predicate":"custom_data","property":"component","type":"condition","value":{"potion":"spelunker","potion_type":"POTION"}},"on_true":{"model":"hplus:skyblock/items/potions/secrets_potion","type":"model"},"predicate":"custom_data","property":"component","type":"condition","value":{"potion":"secrets","potion_type":"POTION"}},"on_true":{"model":"hplus:skyblock/items/potions/rift_gravity_potion","type":"model"},"predicate":"custom_data","property":"component","type":"condition","value":{"potion":"rift_gravity","potion_type":"POTION"}},"on_true":{"model":"hplus:skyblock/items/potions/resistance_potion","type":"model"},"predicate":"custom_data","property":"component","type":"condition","value":{"potion":"resistance","potion_type":"POTION"}},"on_true":{"model":"hplus:skyblock/items/potions/rabbit_potion","type":"model"},"predicate":"custom_data","property":"component","type":"condition","value":{"potion":"rabbit","potion_type":"POTION"}},"on_true":{"model":"hplus:skyblock/items/potions/poisoned_candy_potion","type":"model"},"predicate":"custom_data","property":"component","type":"condition","value":{"potion":"poisoned_candy","potion_type":"POTION"}},"on_true":{"model":"hplus:skyblock/items/potions/pet_luck_potion","type":"model"},"predicate":"custom_data","property":"component","type":"condition","value":{"potion":"pet_luck","potion_type":"POTION"}},"on_true":{"model":"hplus:skyblock/items/potions/mushed_glowy_tonic_potion","type":"model"},"predicate":"custom_data","property":"component","type":"condition","value":{"potion":"mushed_glowy_tonic","potion_type":"POTION"}},"on_true":{"model":"hplus:skyblock/items/potions/mining_xp_boost_potion","type":"model"},"predicate":"custom_data","property":"component","type":"condition","value":{"potion":"mining_xp_boost","potion_type":"POTION"}},"on_true":{"model":"hplus:skyblock/items/potions/mana_potion","type":"model"},"predicate":"custom_data","property":"component","type":"condition","value":{"potion":"mana","potion_type":"POTION"}},"on_true":{"model":"hplus:skyblock/items/potions/magic_find_potion","type":"model"},"predicate":"custom_data","property":"component","type":"condition","value":{"potion":"magic_find","potion_type":"POTION"}},"on_true":{"model":"hplus:skyblock/items/potions/knockback_potion","type":"model"},"predicate":"custom_data","property":"component","type":"condition","value":{"potion":"knockback","potion_type":"POTION"}},"on_true":{"model":"hplus:skyblock/items/potions/haste_potion","type":"model"},"predicate":"custom_data","property":"component","type":"condition","value":{"potion":"haste","potion_type":"POTION"}},"on_true":{"model":"hplus:skyblock/items/potions/harvest_harbinger_potion","type":"model"},"predicate":"custom_data","property":"component","type":"condition","value":{"potion":"harvest_harbinger","potion_type":"POTION"}},"on_true":{"model":"hplus:skyblock/items/potions/goblin_king_scent_potion","type":"model"},"predicate":"custom_data","property":"component","type":"condition","value":{"potion":"goblin_king_scent","potion_type":"POTION"}},"on_true":{"model":"hplus:skyblock/items/potions/great_spook_potion","type":"model"},"predicate":"custom_data","property":"component","type":"condition","value":{"potion":"great_spook","potion_type":"POTION"}},"on_true":{"model":"hplus:skyblock/items/potions/foraging_xp_boost_potion","type":"model"},"predicate":"custom_data","property":"component","type":"condition","value":{"potion":"foraging_xp_boost","potion_type":"POTION"}},"on_true":{"model":"hplus:skyblock/items/potions/fishing_xp_boost_potion","type":"model"},"predicate":"custom_data","property":"component","type":"condition","value":{"potion":"fishing_xp_boost","potion_type":"POTION"}},"on_true":{"model":"hplus:skyblock/items/potions/farming_xp_boost_potion","type":"model"},"predicate":"custom_data","property":"component","type":"condition","value":{"potion":"farming_xp_boost","potion_type":"POTION"}},"on_true":{"model":"hplus:skyblock/items/potions/experience_potion","type":"model"},"predicate":"custom_data","property":"component","type":"condition","value":{"potion":"experience","potion_type":"POTION"}},"on_true":{"model":"hplus:skyblock/items/potions/enchanting_xp_boost_potion","type":"model"},"predicate":"custom_data","property":"component","type":"condition","value":{"potion":"enchanting_xp_boost","potion_type":"POTION"}},"on_true":{"on_false":{"on_false":{"on_false":{"on_false":{"on_false":{"on_false":{"on_false":{"model":"hplus:skyblock/items/potions/dungeon_potion","type":"model"},"on_true":{"model":"hplus:skyblock/items/potions/dungeon_potion_7","type":"model"},"predicate":"custom_data","property":"component","type":"condition","value":"{'potion_level': 7}"},"on_true":{"model":"hplus:skyblock/items/potions/dungeon_potion_6","type":"model"},"predicate":"custom_data","property":"component","type":"condition","value":"{'potion_level': 6}"},"on_true":{"model":"hplus:skyblock/items/potions/dungeon_potion_5","type":"model"},"predicate":"custom_data","property":"component","type":"condition","value":"{'potion_level': 5}"},"on_true":{"model":"hplus:skyblock/items/potions/dungeon_potion_4","type":"model"},"predicate":"custom_data","property":"component","type":"condition","value":"{'potion_level': 4}"},"on_true":{"model":"hplus:skyblock/items/potions/dungeon_potion_3","type":"model"},"predicate":"custom_data","property":"component","type":"condition","value":"{'potion_level': 3}"},"on_true":{"model":"hplus:skyblock/items/potions/dungeon_potion_2","type":"model"},"predicate":"custom_data","property":"component","type":"condition","value":"{'potion_level': 2}"},"on_true":{"model":"hplus:skyblock/items/potions/dungeon_potion_1","type":"model"},"predicate":"custom_data","property":"component","type":"condition","value":"{'potion_level': 1}"},"predicate":"custom_data","property":"component","type":"condition","value":{"potion_name":"Dungeon","potion_type":"POTION"}},"on_true":{"model":"hplus:skyblock/items/potions/dodge_potion","type":"model"},"predicate":"custom_data","property":"component","type":"condition","value":{"potion":"dodge","potion_type":"POTION"}},"on_true":{"model":"hplus:skyblock/items/potions/critical_potion","type":"model"},"predicate":"custom_data","property":"component","type":"condition","value":{"potion":"critical","potion_type":"POTION"}},"on_true":{"model":"hplus:skyblock/items/potions/combat_xp_boost_potion","type":"model"},"predicate":"custom_data","property":"component","type":"condition","value":{"potion":"combat_xp_boost","potion_type":"POTION"}},"on_true":{"model":"hplus:skyblock/items/potions/cold_resistance_potion","type":"model"},"predicate":"custom_data","property":"component","type":"condition","value":{"potion":"cold_resistance","potion_type":"POTION"}},"on_true":{"model":"hplus:skyblock/items/potions/burning_potion","type":"model"},"predicate":"custom_data","property":"component","type":"condition","value":{"potion":"burning","potion_type":"POTION"}},"on_true":{"model":"hplus:skyblock/items/potions/blindness_potion","type":"model"},"predicate":"custom_data","property":"component","type":"condition","value":{"potion":"blindness","potion_type":"POTION"}},"on_true":{"model":"hplus:skyblock/items/potions/archery_potion","type":"model"},"predicate":"custom_data","property":"component","type":"condition","value":{"potion":"archery","potion_type":"POTION"}},"on_true":{"model":"hplus:skyblock/items/potions/alchemy_xp_boost_potion","type":"model"},"predicate":"custom_data","property":"component","type":"condition","value":{"potion":"alchemy_xp_boost","potion_type":"POTION"}},"on_true":{"model":"hplus:skyblock/items/potions/agility_potion","type":"model"},"predicate":"custom_data","property":"component","type":"condition","value":{"potion":"agility","potion_type":"POTION"}},"on_true":{"model":"hplus:skyblock/items/potions/adrenaline_potion","type":"model"},"predicate":"custom_data","property":"component","type":"condition","value":{"potion":"adrenaline","potion_type":"POTION"}},"on_true":{"model":"hplus:skyblock/items/potions/absorption_potion","type":"model"},"predicate":"custom_data","property":"component","type":"condition","value":{"potion":"absorption","potion_type":"POTION"}},"on_true":{"model":"hplus:skyblock/items/events/jerry/refined_bottle_of_jyrre","type":"model"},"predicate":"custom_data","property":"component","type":"condition","value":{"id":"REFINED_BOTTLE_OF_JYRRE"}},"on_true":{"model":"hplus:skyblock/items/events/jerry/bottle_of_jyrre","type":"model"},"predicate":"custom_data","property":"component","type":"condition","value":{"id":"NEW_BOTTLE_OF_JYRRE"}},"on_true":{"model":"hplus:skyblock/items/events/jerry/bottle_of_jyrre","type":"model"},"predicate":"custom_data","property":"component","type":"condition","value":{"id":"BOTTLE_OF_JYRRE"}},"property":"component","type":"select"}}