{"model":{"cases":[{"model":{"model":"hplus:ui/auction/all","type":"model"},"when":[{"extra":[{"color":"green","text":"BIN Filter"}],"italic":false,"text":""}]},{"model":{"model":"hplus:ui/buttons/arrow_switch","type":"model"},"when":[{"extra":[{"color":"green","text":"Switch to Auction"}],"italic":false,"text":""}]},{"model":{"model":"hplus:ui/buttons/trade","type":"model"},"when":[{"extra":[{"color":"green","text":"Medal Trades"}],"italic":false,"text":""}]}],"component":"custom_name","fallback":{"model":"item/powered_rail","type":"model"},"property":"component","type":"select"}}