{"model":{"HPLUS":"ITEMS MINING DWARVEN_MINES","cases":[{"model":{"model":"hplus:ui/skills/heart_of_the_mountain","type":"model"},"when":[{"extra":[{"color":"dark_purple","text":"50k HOTM EXP"}],"italic":false,"text":""}]}],"component":"custom_name","fallback":{"on_false":{"HPLUS":"ITEMS EVENTS SPOOKY","on_false":{"HPLUS":"ITEMS PET_ITEMS","on_false":{"on_false":{"on_false":{"on_false":{"on_false":{"on_false":{"on_false":{"model":"item/prismarine_crystals","type":"model"},"on_true":{"model":"hplus:skyblock/items/pet_items/reinforced_scales","type":"model"},"predicate":"custom_data","property":"component","type":"condition","value":{"id":"REINFORCED_SCALES"}},"on_true":{"model":"hplus:skyblock/items/pet_items/pet_item_hardened_scales","type":"model"},"predicate":"custom_data","property":"component","type":"condition","value":{"id":"PET_ITEM_HARDENED_SCALES_LEGENDARY"}},"on_true":{"model":"hplus:skyblock/items/pet_items/pet_item_hardened_scales","type":"model"},"predicate":"custom_data","property":"component","type":"condition","value":{"id":"PET_ITEM_HARDENED_SCALES_EPIC"}},"on_true":{"model":"hplus:skyblock/items/pet_items/pet_item_hardened_scales","type":"model"},"predicate":"custom_data","property":"component","type":"condition","value":{"id":"PET_ITEM_HARDENED_SCALES_RARE"}},"on_true":{"model":"hplus:skyblock/items/pet_items/pet_item_hardened_scales","type":"model"},"predicate":"custom_data","property":"component","type":"condition","value":{"id":"PET_ITEM_HARDENED_SCALES_UNCOMMON"}},"on_true":{"model":"hplus:skyblock/items/pet_items/pet_item_hardened_scales","type":"model"},"predicate":"custom_data","property":"component","type":"condition","value":{"id":"PET_ITEM_HARDENED_SCALES_COMMON"}},"on_true":{"model":"hplus:skyblock/items/events/spooky/ectoplasm","type":"model"},"predicate":"custom_data","property":"component","type":"condition","value":{"id":"ECTOPLASM"}},"on_true":{"model":"hplus:skyblock/items/mining/dwarven_mines/mithril_ore","type":"model"},"predicate":"custom_data","property":"component","type":"condition","value":{"id":"ENCHANTED_MITHRIL"}},"on_true":{"model":"hplus:skyblock/items/mining/dwarven_mines/mithril_ore","type":"model"},"predicate":"custom_data","property":"component","type":"condition","value":{"id":"MITHRIL_ORE"}},"property":"component","type":"select"}}