{"model":{"HPLUS":"WEAPONS SWORD","cases":[{"model":{"model":"hplus:skyblock/items/events/jerry/ice_hunk","type":"model"},"when":[{"extra":[{"color":"green","text":"Ice Shard"}],"italic":false,"text":""}]},{"model":{"model":"hplus:skyblock/items/events/jerry/ice_hunk","type":"model"},"when":[{"extra":[{"color":"red","text":"Ice Shard"}],"italic":false,"text":""}]}],"component":"custom_name","fallback":{"HPLUS":"TOOLS DRILLS","on_false":{"on_false":{"on_false":{"on_false":{"on_false":{"on_false":{"on_false":{"on_false":{"on_false":{"on_false":{"on_false":{"HPLUS":"ITEMS FISHING CRIMSON_ISLE","on_false":{"HPLUS":"ITEMS FISHING FISHING_FESTIVAL","on_false":{"on_false":{"HPLUS":"ITEMS MODIFIERS","on_false":{"HPLUS":"ITEMS PET_ITEMS","on_false":{"on_false":{"on_false":{"on_false":{"on_false":{"on_false":{"HPLUS":"MURDER","on_false":{"on_false":{"model":"item/prismarine_shard","type":"model"},"on_true":{"model":"hplus:skyblock/items/events/jerry/ice_hunk","type":"model"},"predicate":"custom_data","property":"component","type":"condition","value":{"KNIFE":1}},"on_true":{"model":"hplus:skyblock/items/pet_items/serrated_claws","type":"model"},"predicate":"custom_data","property":"component","type":"condition","value":{"id":"SERRATED_CLAWS"}},"on_true":{"model":"hplus:skyblock/items/pet_items/pet_item_sharpened_claws","type":"model"},"predicate":"custom_data","property":"component","type":"condition","value":{"id":"PET_ITEM_SHARPENED_CLAWS_LEGENDARY"}},"on_true":{"model":"hplus:skyblock/items/pet_items/pet_item_sharpened_claws","type":"model"},"predicate":"custom_data","property":"component","type":"condition","value":{"id":"PET_ITEM_SHARPENED_CLAWS_EPIC"}},"on_true":{"model":"hplus:skyblock/items/pet_items/pet_item_sharpened_claws","type":"model"},"predicate":"custom_data","property":"component","type":"condition","value":{"id":"PET_ITEM_SHARPENED_CLAWS_RARE"}},"on_true":{"model":"hplus:skyblock/items/pet_items/pet_item_sharpened_claws","type":"model"},"predicate":"custom_data","property":"component","type":"condition","value":{"id":"PET_ITEM_SHARPENED_CLAWS_UNCOMMON"}},"on_true":{"model":"hplus:skyblock/items/pet_items/pet_item_sharpened_claws","type":"model"},"predicate":"custom_data","property":"component","type":"condition","value":{"id":"PET_ITEM_SHARPENED_CLAWS_COMMON"}},"on_true":{"model":"hplus:skyblock/items/modifiers/attribute_shard","type":"model"},"predicate":"custom_data","property":"component","type":"condition","value":{"id":"ATTRIBUTE_SHARD"}},"on_true":{"model":"hplus:skyblock/items/fishing/fishing_festival/shark_fin","type":"model"},"predicate":"custom_data","property":"component","type":"condition","value":{"id":"ENCHANTED_SHARK_FIN"}},"on_true":{"model":"hplus:skyblock/items/fishing/fishing_festival/shark_fin","type":"model"},"predicate":"custom_data","property":"component","type":"condition","value":{"id":"SHARK_FIN"}},"on_true":{"model":"hplus:skyblock/items/fishing/crimson_isle/pyroclastic_scale","type":"model"},"predicate":"custom_data","property":"component","type":"condition","value":{"id":"PYROCLASTIC_SCALE"}},"on_true":{"models":[{"model":"hplus:skyblock/tools/drills/drill_4","type":"model"},{"on_false":{"model":"hplus:skyblock/tools/drills/divan_drill","type":"model"},"on_true":{"keybind":"key.attack","on_false":{"model":"hplus:skyblock/tools/drills/divan_drill","type":"model"},"on_true":{"model":"hplus:skyblock/tools/drills/divan_drill_drilling","type":"model"},"property":"keybind_down","type":"condition"},"property":"selected","type":"condition"}],"type":"composite"},"predicate":"custom_data","property":"component","type":"condition","value":{"id":"DIVAN_DRILL"}},"on_true":{"models":[{"model":"hplus:skyblock/tools/drills/drill_4","type":"model"},{"on_false":{"model":"hplus:skyblock/tools/drills/jasper_drill","type":"model"},"on_true":{"keybind":"key.attack","on_false":{"model":"hplus:skyblock/tools/drills/jasper_drill","type":"model"},"on_true":{"model":"hplus:skyblock/tools/drills/jasper_drill_drilling","type":"model"},"property":"keybind_down","type":"condition"},"property":"selected","type":"condition"}],"type":"composite"},"predicate":"custom_data","property":"component","type":"condition","value":{"id":"GEMSTONE_DRILL_4"}},"on_true":{"models":[{"model":"hplus:skyblock/tools/drills/drill_3","type":"model"},{"on_false":{"model":"hplus:skyblock/tools/drills/topaz_drill","type":"model"},"on_true":{"keybind":"key.attack","on_false":{"model":"hplus:skyblock/tools/drills/topaz_drill","type":"model"},"on_true":{"model":"hplus:skyblock/tools/drills/topaz_drill_drilling","type":"model"},"property":"keybind_down","type":"condition"},"property":"selected","type":"condition"}],"type":"composite"},"predicate":"custom_data","property":"component","type":"condition","value":{"id":"GEMSTONE_DRILL_3"}},"on_true":{"models":[{"model":"hplus:skyblock/tools/drills/drill_2","type":"model"},{"on_false":{"model":"hplus:skyblock/tools/drills/jade_drill","type":"model"},"on_true":{"keybind":"key.attack","on_false":{"model":"hplus:skyblock/tools/drills/jade_drill","type":"model"},"on_true":{"model":"hplus:skyblock/tools/drills/jade_drill_drilling","type":"model"},"property":"keybind_down","type":"condition"},"property":"selected","type":"condition"}],"type":"composite"},"predicate":"custom_data","property":"component","type":"condition","value":{"id":"GEMSTONE_DRILL_2"}},"on_true":{"models":[{"model":"hplus:skyblock/tools/drills/drill_1","type":"model"},{"on_false":{"model":"hplus:skyblock/tools/drills/ruby_drill","type":"model"},"on_true":{"keybind":"key.attack","on_false":{"model":"hplus:skyblock/tools/drills/ruby_drill","type":"model"},"on_true":{"model":"hplus:skyblock/tools/drills/ruby_drill_drilling","type":"model"},"property":"keybind_down","type":"condition"},"property":"selected","type":"condition"}],"type":"composite"},"predicate":"custom_data","property":"component","type":"condition","value":{"id":"GEMSTONE_DRILL_1"}},"on_true":{"models":[{"model":"hplus:skyblock/tools/drills/drill_4","type":"model"},{"on_false":{"model":"hplus:skyblock/tools/drills/titanium_drill","type":"model"},"on_true":{"keybind":"key.attack","on_false":{"model":"hplus:skyblock/tools/drills/titanium_drill","type":"model"},"on_true":{"model":"hplus:skyblock/tools/drills/titanium_drill_drilling","type":"model"},"property":"keybind_down","type":"condition"},"property":"selected","type":"condition"}],"type":"composite"},"predicate":"custom_data","property":"component","type":"condition","value":{"id":"TITANIUM_DRILL_4"}},"on_true":{"models":[{"model":"hplus:skyblock/tools/drills/drill_3","type":"model"},{"on_false":{"model":"hplus:skyblock/tools/drills/titanium_drill","type":"model"},"on_true":{"keybind":"key.attack","on_false":{"model":"hplus:skyblock/tools/drills/titanium_drill","type":"model"},"on_true":{"model":"hplus:skyblock/tools/drills/titanium_drill_drilling","type":"model"},"property":"keybind_down","type":"condition"},"property":"selected","type":"condition"}],"type":"composite"},"predicate":"custom_data","property":"component","type":"condition","value":{"id":"TITANIUM_DRILL_3"}},"on_true":{"models":[{"model":"hplus:skyblock/tools/drills/drill_2","type":"model"},{"on_false":{"model":"hplus:skyblock/tools/drills/titanium_drill","type":"model"},"on_true":{"keybind":"key.attack","on_false":{"model":"hplus:skyblock/tools/drills/titanium_drill","type":"model"},"on_true":{"model":"hplus:skyblock/tools/drills/titanium_drill_drilling","type":"model"},"property":"keybind_down","type":"condition"},"property":"selected","type":"condition"}],"type":"composite"},"predicate":"custom_data","property":"component","type":"condition","value":{"id":"TITANIUM_DRILL_2"}},"on_true":{"models":[{"model":"hplus:skyblock/tools/drills/drill_1","type":"model"},{"on_false":{"model":"hplus:skyblock/tools/drills/titanium_drill","type":"model"},"on_true":{"keybind":"key.attack","on_false":{"model":"hplus:skyblock/tools/drills/titanium_drill","type":"model"},"on_true":{"model":"hplus:skyblock/tools/drills/titanium_drill_drilling","type":"model"},"property":"keybind_down","type":"condition"},"property":"selected","type":"condition"}],"type":"composite"},"predicate":"custom_data","property":"component","type":"condition","value":{"id":"TITANIUM_DRILL_1"}},"on_true":{"models":[{"model":"hplus:skyblock/tools/drills/drill_2","type":"model"},{"on_false":{"model":"hplus:skyblock/tools/drills/mithril_drill","type":"model"},"on_true":{"keybind":"key.attack","on_false":{"model":"hplus:skyblock/tools/drills/mithril_drill","type":"model"},"on_true":{"model":"hplus:skyblock/tools/drills/mithril_drill_drilling","type":"model"},"property":"keybind_down","type":"condition"},"property":"selected","type":"condition"}],"type":"composite"},"predicate":"custom_data","property":"component","type":"condition","value":{"id":"MITHRIL_DRILL_2"}},"on_true":{"models":[{"model":"hplus:skyblock/tools/drills/drill_1","type":"model"},{"on_false":{"model":"hplus:skyblock/tools/drills/mithril_drill","type":"model"},"on_true":{"keybind":"key.attack","on_false":{"model":"hplus:skyblock/tools/drills/mithril_drill","type":"model"},"on_true":{"model":"hplus:skyblock/tools/drills/mithril_drill_drilling","type":"model"},"property":"keybind_down","type":"condition"},"property":"selected","type":"condition"}],"type":"composite"},"predicate":"custom_data","property":"component","type":"condition","value":{"id":"MITHRIL_DRILL_1"}},"on_true":{"model":"hplus:skyblock/weapons/swords/prismarine_blade","type":"model"},"predicate":"custom_data","property":"component","type":"condition","value":{"id":"PRISMARINE_BLADE"}},"property":"component","type":"select"}}