{"HPLUS":"TOOLS COMBAT","model":{"on_false":{"HPLUS":"ITEMS SPECIAL THE_FISH","on_false":{"on_false":{"on_false":{"model":"item/pufferfish","type":"model"},"on_true":{"model":"hplus:skyblock/items/special/the_fish/gift_the_fish","type":"model"},"predicate":"custom_data","property":"component","type":"condition","value":{"id":"GIFT_THE_FISH"}},"on_true":{"model":"hplus:skyblock/items/special/the_fish/experiment_the_fish","type":"model"},"predicate":"custom_data","property":"component","type":"condition","value":{"id":"EXPERIMENT_THE_FISH"}},"on_true":{"on_false":{"model":"hplus:skyblock/tools/combat/voodoo_doll_wilted","type":"model"},"on_true":{"keybind":"key.use","on_false":{"model":"hplus:skyblock/tools/combat/voodoo_doll_wilted","type":"model"},"on_true":{"model":"hplus:skyblock/tools/combat/voodoo_doll_wilted_acupuncture","type":"model"},"property":"keybind_down","type":"condition"},"property":"selected","type":"condition"},"predicate":"custom_data","property":"component","type":"condition","value":{"id":"VOODOO_DOLL_WILTED"}},"on_true":{"on_false":{"model":"hplus:skyblock/tools/combat/voodoo_doll","type":"model"},"on_true":{"keybind":"key.use","on_false":{"model":"hplus:skyblock/tools/combat/voodoo_doll","type":"model"},"on_true":{"model":"hplus:skyblock/tools/combat/voodoo_doll_acupuncture","type":"model"},"property":"keybind_down","type":"condition"},"property":"selected","type":"condition"},"predicate":"custom_data","property":"component","type":"condition","value":{"id":"VOODOO_DOLL"}}}