{"HPLUS":"ITEMS MINING DWARVEN_MINES","model":{"HPLUS":"ITEMS SPECIAL","on_false":{"on_false":{"model":"item/pumpkin_pie","type":"model"},"on_true":{"model":"hplus:skyblock/items/special/spooky_pie","type":"model"},"predicate":"custom_data","property":"component","type":"condition","value":{"id":"SPOOKY_PIE"}},"on_true":{"model":"hplus:skyblock/items/mining/dwarven_mines/mining_pumpkin","type":"model"},"predicate":"custom_data","property":"component","type":"condition","value":{"id":"MINING_PUMPKIN"}}}