{"HPLUS":"ITEMS MINING","model":{"HPLUS":"ITEMS END","on_false":{"HPLUS":"ITEMS MISC","on_false":{"HPLUS":"ITEMS SLAYER VOIDGLOOM_SERAPH","on_false":{"HPLUS":"ITEMS SPECIAL CAKE_SOUL","on_false":{"on_false":{"model":"item/purple_dye","type":"model"},"on_true":{"model":"hplus:skyblock/items/special/cake_soul/cake_soul_purple","type":"model"},"predicate":"custom_data","property":"component","type":"condition","value":{"id":"CAKE_SOUL"}},"on_true":{"model":"hplus:skyblock/items/slayer/voidgloom_seraph/twilight_arrow_poison","type":"model"},"predicate":"custom_data","property":"component","type":"condition","value":{"id":"TWILIGHT_ARROW_POISON"}},"on_true":{"model":"hplus:skyblock/items/misc/plasma_nucleus","type":"model"},"predicate":"custom_data","property":"component","type":"condition","value":{"id":"PLASMA_NUCLEUS"}},"on_true":{"model":"hplus:skyblock/items/end/mite_gel","type":"model"},"predicate":"custom_data","property":"component","type":"condition","value":{"id":"MITE_GEL"}},"on_true":{"model":"hplus:skyblock/items/mining/glossy_gemstone","type":"model"},"predicate":"custom_data","property":"component","type":"condition","value":{"id":"GLOSSY_GEMSTONE"}}}