{"model":{"HPLUS":"ITEMS MINING CRYSTAL_HOLLOWS","cases":[{"model":{"model":"hplus:murder/jagged_knife","type":"model"},"when":[{"extra":[{"color":"green","text":"Jagged Knife"}],"italic":false,"text":""}]},{"model":{"model":"hplus:murder/jagged_knife","type":"model"},"when":[{"extra":[{"color":"red","text":"Jagged Knife"}],"italic":false,"text":""}]}],"component":"custom_name","fallback":{"HPLUS":"ITEMS END","on_false":{"HPLUS":"ITEMS SLAYER SVEN_PACKMASTER","on_false":{"HPLUS":"MURDER","on_false":{"on_false":{"model":"item/quartz","type":"model"},"on_true":{"model":"hplus:murder/jagged_knife","type":"model"},"predicate":"custom_data","property":"component","type":"condition","value":{"KNIFE":1}},"on_true":{"model":"hplus:skyblock/items/slayer/sven_packmaster/overflux_capacitor","type":"model"},"predicate":"custom_data","property":"component","type":"condition","value":{"id":"OVERFLUX_CAPACITOR"}},"on_true":{"model":"hplus:skyblock/items/end/crystal_fragment","type":"model"},"predicate":"custom_data","property":"component","type":"condition","value":{"id":"CRYSTAL_FRAGMENT"}},"on_true":{"model":"hplus:skyblock/items/mining/crystal_hollows/silex","type":"model"},"predicate":"custom_data","property":"component","type":"condition","value":{"id":"SILEX"}},"property":"component","type":"select"}}