{"HPLUS":"ITEMS MISC","model":{"HPLUS":"ITEMS MISC ROMERO","on_false":{"HPLUS":"ITEMS RIFT","on_false":{"on_false":{"model":"item/rabbit_stew","type":"model"},"on_true":{"model":"hplus:skyblock/items/rift/agaricus_soup","type":"model"},"predicate":"custom_data","property":"component","type":"condition","value":{"id":"AGARICUS_SOUP"}},"on_true":{"model":"hplus:skyblock/items/misc/romero/warts_stew","type":"model"},"predicate":"custom_data","property":"component","type":"condition","value":{"id":"WARTS_STEW"}},"on_true":{"on_false":{"model":"hplus:skyblock/items/misc/matriarch_parfum","type":"model"},"on_true":{"keybind":"key.use","on_false":{"model":"hplus:skyblock/items/misc/matriarch_parfum","type":"model"},"on_true":{"model":"hplus:skyblock/items/misc/matriarch_parfum_spraying","type":"model"},"property":"keybind_down","type":"condition"},"property":"selected","type":"condition"},"predicate":"custom_data","property":"component","type":"condition","value":{"id":"MATRIARCH_PARFUM"}}}