{"model":{"HPLUS":"ITEMS PET_ITEMS","cases":[{"model":{"model":"hplus:ui/buttons/button_locked","type":"model"},"when":[{"extra":[{"color":"gray","text":"Slot 1: "},{"color":"red","text":"Locked"}],"italic":false,"text":""}]},{"model":{"model":"hplus:ui/buttons/button_locked","type":"model"},"when":[{"extra":[{"color":"gray","text":"Slot 2: "},{"color":"red","text":"Locked"}],"italic":false,"text":""}]},{"model":{"model":"hplus:ui/buttons/button_locked","type":"model"},"when":[{"extra":[{"color":"gray","text":"Slot 3: "},{"color":"red","text":"Locked"}],"italic":false,"text":""}]},{"model":{"model":"hplus:ui/buttons/button_locked","type":"model"},"when":[{"extra":[{"color":"gray","text":"Slot 4: "},{"color":"red","text":"Locked"}],"italic":false,"text":""}]},{"model":{"model":"hplus:ui/buttons/button_locked","type":"model"},"when":[{"extra":[{"color":"gray","text":"Slot 5: "},{"color":"red","text":"Locked"}],"italic":false,"text":""}]},{"model":{"model":"hplus:ui/buttons/button_locked","type":"model"},"when":[{"extra":[{"color":"gray","text":"Slot 6: "},{"color":"red","text":"Locked"}],"italic":false,"text":""}]},{"model":{"model":"hplus:ui/buttons/button_locked","type":"model"},"when":[{"extra":[{"color":"gray","text":"Slot 7: "},{"color":"red","text":"Locked"}],"italic":false,"text":""}]},{"model":{"model":"hplus:ui/buttons/button_locked","type":"model"},"when":[{"extra":[{"color":"gray","text":"Slot 8: "},{"color":"red","text":"Locked"}],"italic":false,"text":""}]},{"model":{"model":"hplus:ui/buttons/button_locked","type":"model"},"when":[{"extra":[{"color":"gray","text":"Slot 9: "},{"color":"red","text":"Locked"}],"italic":false,"text":""}]},{"model":{"model":"hplus:ui/buttons/button_locked","type":"model"},"when":[{"extra":[{"color":"gray","text":"Slot 10: "},{"color":"red","text":"Locked"}],"italic":false,"text":""}]},{"model":{"model":"hplus:ui/buttons/button_locked","type":"model"},"when":[{"extra":[{"color":"gray","text":"Slot 11: "},{"color":"red","text":"Locked"}],"italic":false,"text":""}]},{"model":{"model":"hplus:ui/buttons/button_locked","type":"model"},"when":[{"extra":[{"color":"gray","text":"Slot 12: "},{"color":"red","text":"Locked"}],"italic":false,"text":""}]},{"model":{"model":"hplus:ui/buttons/button_locked","type":"model"},"when":[{"extra":[{"color":"gray","text":"Slot 13: "},{"color":"red","text":"Locked"}],"italic":false,"text":""}]},{"model":{"model":"hplus:ui/buttons/button_locked","type":"model"},"when":[{"extra":[{"color":"gray","text":"Slot 14: "},{"color":"red","text":"Locked"}],"italic":false,"text":""}]},{"model":{"model":"hplus:ui/buttons/button_locked","type":"model"},"when":[{"extra":[{"color":"gray","text":"Slot 15: "},{"color":"red","text":"Locked"}],"italic":false,"text":""}]},{"model":{"model":"hplus:ui/buttons/button_locked","type":"model"},"when":[{"extra":[{"color":"gray","text":"Slot 16: "},{"color":"red","text":"Locked"}],"italic":false,"text":""}]},{"model":{"model":"hplus:ui/buttons/button_locked","type":"model"},"when":[{"extra":[{"color":"gray","text":"Slot 17: "},{"color":"red","text":"Locked"}],"italic":false,"text":""}]},{"model":{"model":"hplus:ui/buttons/button_locked","type":"model"},"when":[{"extra":[{"color":"gray","text":"Slot 18: "},{"color":"red","text":"Locked"}],"italic":false,"text":""}]},{"model":{"model":"hplus:skyblock/items/reforge_stones/red_nose","type":"model"},"when":[{"extra":[{"color":"green","text":"Rudolph's Nose"}],"italic":false,"text":""}]},{"model":{"model":"hplus:skyblock/items/reforge_stones/red_nose","type":"model"},"when":[{"extra":[{"color":"red","text":"Rudolph's Nose"}],"italic":false,"text":""}]},{"model":{"model":"hplus:skyblock/items/reforge_stones/beating_heart","type":"model"},"when":[{"extra":[{"color":"red","text":"Toggle Heartbeat Sounds"}],"italic":false,"text":""}]}],"component":"custom_name","fallback":{"HPLUS":"ITEMS SLAYER RIFTSTALKER_BLOODFIEND","on_false":{"HPLUS":"ITEMS SPECIAL CAKE_SOUL","on_false":{"HPLUS":"MURDER","on_false":{"on_false":{"model":"item/red_dye","type":"model"},"on_true":{"model":"hplus:skyblock/items/reforge_stones/red_nose","type":"model"},"predicate":"custom_data","property":"component","type":"condition","value":{"KNIFE":1}},"on_true":{"model":"hplus:skyblock/items/special/cake_soul/cake_soul_red","type":"model"},"predicate":"custom_data","property":"component","type":"condition","value":{"id":"CAKE_SOUL"}},"on_true":{"model":"hplus:skyblock/items/slayer/riftstalker_bloodfiend/bloodbadge","type":"model"},"predicate":"custom_data","property":"component","type":"condition","value":{"id":"BLOODBADGE"}},"on_true":{"model":"hplus:skyblock/items/pet_items/pet_item_tier_boost_drop","type":"model"},"predicate":"custom_data","property":"component","type":"condition","value":{"id":"PET_ITEM_TIER_BOOST_DROP"}},"property":"component","type":"select"}}