{"model":{"HPLUS":"ITEMS MISC","cases":[{"model":{"model":"hplus:ui/buttons/plus_hidden","type":"model"},"when":[{"extra":[{"color":"red","text":"Create Auction"}],"italic":false,"text":""}]},{"model":{"model":"hplus:ui/buttons/plus_hidden","type":"model"},"when":[{"extra":[{"color":"red","text":"Create BIN Auction"}],"italic":false,"text":""}]}],"component":"custom_name","fallback":{"on_false":{"on_false":{"on_false":{"on_false":{"on_false":{"model":"block/red_terracotta","type":"model"},"on_true":{"model":"item/barrier","type":"model"},"predicate":"custom_data","property":"component","type":"condition","value":{"id":"CANCEL_WIZARDMAN_RACE_ITEM"}},"on_true":{"model":"item/barrier","type":"model"},"predicate":"custom_data","property":"component","type":"condition","value":{"id":"CANCEL_RACE_ITEM"}},"on_true":{"model":"item/barrier","type":"model"},"predicate":"custom_data","property":"component","type":"condition","value":{"id":"CANCEL_PARKOUR_ITEM"}},"on_true":{"model":"item/barrier","type":"model"},"predicate":"custom_data","property":"component","type":"condition","value":{"id":"LEAVE_GAME_BUTTON"}},"on_true":{"model":"item/barrier","type":"model"},"predicate":"custom_data","property":"component","type":"condition","value":{"id":"LEAVE_CHALLENGE_BUTTON"}},"property":"component","type":"select"}}