{"model":{"HPLUS":"ARMOR","cases":[{"model":{"model":"hplus:ui/buttons/clear","type":"model"},"when":[{"extra":[{"color":"red","text":"Delete profile"}],"italic":false,"text":""}]}],"component":"custom_name","fallback":{"on_false":{"model":"block/red_stained_glass","type":"model"},"on_true":{"model":"hplus:skyblock/armor/misc/dctr_space_helm","type":"model"},"predicate":"custom_data","property":"component","type":"condition","value":{"id":"DCTR_SPACE_HELM"}},"property":"component","type":"select"}}