{"model":{"cases":[{"model":{"model":"hplus:ui/glass/menu_glass_red","type":"model"},"when":[{"extra":[" "],"italic":false,"text":""}]},{"model":{"model":"hplus:ui/glass/locked_page","type":"model"},"when":[{"extra":[{"color":"red","text":"Locked Page"}],"italic":false,"text":""}]},{"model":{"model":"hplus:ui/glass/locked_page","type":"model"},"when":[{"extra":[{"color":"red","text":"Quick Crafting Slot"}],"italic":false,"text":""}]}],"component":"custom_name","fallback":{"model":"item/red_stained_glass_pane","type":"model"},"property":"component","type":"select"}}