{"HPLUS":"ARMOR","model":{"on_false":{"on_false":{"model":"block/red_carpet","type":"model"},"on_true":{"cases":[{"model":{"model":"hplus:skyblock/armor/rift/anti_bite_scarf/anti_bite_scarf_2_armor","type":"model"},"when":"head"}],"fallback":{"model":"hplus:skyblock/armor/rift/anti_bite_scarf/anti_bite_scarf_2","type":"model"},"property":"display_context","type":"select"},"predicate":"custom_data","property":"component","type":"condition","value":{"id":"ANTI_BITE_SCARF_2"}},"on_true":{"cases":[{"model":{"model":"hplus:skyblock/armor/rift/anti_bite_scarf/anti_bite_scarf_armor","type":"model"},"when":"head"}],"fallback":{"model":"hplus:skyblock/armor/rift/anti_bite_scarf/anti_bite_scarf","type":"model"},"property":"display_context","type":"select"},"predicate":"custom_data","property":"component","type":"condition","value":{"id":"ANTI_BITE_SCARF"}}}