{"model":{"HPLUS":"WEAPONS STAVES","cases":[{"model":{"model":"hplus:ui/buttons/settings","type":"model"},"when":[{"extra":[{"color":"green","text":"Settings"}],"italic":false,"text":""}]},{"model":{"model":"hplus:ui/buttons/settings","type":"model"},"when":[{"extra":[{"color":"green","text":"Bazaar Settings"}],"italic":false,"text":""}]},{"model":{"model":"hplus:ui/icons/info","type":"model"},"when":[{"extra":[{"color":"green","text":"Information"}],"italic":false,"text":""}]},{"model":{"model":"hplus:ui/icons/info","type":"model"},"when":[{"extra":[{"color":"green","text":"Dungeon Rules and Tips"}],"italic":false,"text":""}]},{"model":{"model":"hplus:ui/icons/info","type":"model"},"when":[{"extra":[{"color":"green","text":"Quality Of Life Features"}],"italic":false,"text":""}]},{"model":{"model":"hplus:ui/icons/info","type":"model"},"when":[{"extra":[{"color":"yellow","text":"Useful Tips!"}],"italic":false,"text":""}]},{"model":{"model":"hplus:ui/icons/info","type":"model"},"when":[{"extra":[{"color":"gold","text":"SkyBlock Guide"}],"italic":false,"text":""}]},{"model":{"model":"hplus:ui/icons/info","type":"model"},"when":[{"extra":[{"color":"green","text":"Ways to Level Up"}],"italic":false,"text":""}]},{"model":{"model":"hplus:ui/icons/guidebooks/essence_guide","type":"model"},"when":[{"extra":[{"color":"green","text":"Essence Guide"}],"italic":false,"text":""}]},{"model":{"model":"hplus:ui/icons/guidebooks/gemstone_guide","type":"model"},"when":[{"extra":[{"color":"green","text":""},{"color":"green","text":"Gemstone Guide"}],"italic":false,"text":""}]},{"model":{"model":"hplus:ui/icons/guidebooks/chisel_gemstone_guide","type":"model"},"when":[{"extra":[{"color":"green","text":"Chisel Gemstone Guide"}],"italic":false,"text":""}]},{"model":{"model":"hplus:ui/icons/guidebooks/bait_guide","type":"model"},"when":[{"extra":[{"color":"gold","text":"Bait Guide"}],"italic":false,"text":""}]},{"model":{"model":"hplus:ui/icons/info","type":"model"},"when":[{"extra":[{"color":"light_purple","text":"Year of the Pig"}],"italic":false,"text":""}]},{"model":{"model":"hplus:ui/icons/info","type":"model"},"when":[{"extra":[{"color":"dark_aqua","text":"Year of the Seal"}],"italic":false,"text":""}]},{"model":{"model":"hplus:ui/icons/info","type":"model"},"when":[{"extra":[{"color":"green","text":"Obtain Slumber Tickets"}],"italic":false,"text":""}]}],"component":"custom_name","fallback":{"HPLUS":"ITEMS CRIMSON_ISLE","on_false":{"on_false":{"model":"item/redstone_torch","type":"model"},"on_true":{"model":"hplus:skyblock/items/crimson_isle/match_sticks","type":"model"},"predicate":"custom_data","property":"component","type":"condition","value":{"id":"MATCH_STICKS"}},"on_true":{"cases":[{"model":{"model":"hplus:skyblock/weapons/staves/hellstorm_staff","type":"model"},"when":"gui"}],"fallback":{"model":"hplus:skyblock/weapons/staves/hellstorm_staff_hand","type":"model"},"property":"display_context","type":"select"},"predicate":"custom_data","property":"component","type":"condition","value":{"id":"HELLSTORM_STAFF"}},"property":"component","type":"select"}}