{"model":{"cases":[{"model":{"model":"hplus:skyblock/items/slayer/riftstalker_bloodfiend/bloodbadge","type":"model"},"when":[{"extra":[{"color":"red","text":"☠ "},{"color":"yellow","text":"Riftstalker Bloodfiend"}],"italic":false,"text":""}]},{"model":{"model":"hplus:skyblock/items/slayer/riftstalker_bloodfiend/bloodbadge_locked","type":"model"},"when":[{"extra":[{"color":"red","text":"☠ "},{"color":"red","text":"Riftstalker Bloodfiend"}],"italic":false,"text":""}]},{"model":{"model":"hplus:skyblock/items/slayer/riftstalker_bloodfiend/bloodbadge","type":"model"},"when":[{"extra":[{"color":"green","text":"Riftstalker Bloodfiend I"}],"italic":false,"text":""}]},{"model":{"model":"hplus:skyblock/items/slayer/riftstalker_bloodfiend/bloodbadge","type":"model"},"when":[{"extra":[{"color":"yellow","text":"Riftstalker Bloodfiend II"}],"italic":false,"text":""}]},{"model":{"model":"hplus:skyblock/items/slayer/riftstalker_bloodfiend/bloodbadge","type":"model"},"when":[{"extra":[{"color":"red","text":"Riftstalker Bloodfiend III"}],"italic":false,"text":""}]},{"model":{"model":"hplus:skyblock/items/slayer/riftstalker_bloodfiend/bloodbadge","type":"model"},"when":[{"extra":[{"color":"dark_red","text":"Riftstalker Bloodfiend IV"}],"italic":false,"text":""}]},{"model":{"model":"hplus:skyblock/items/slayer/riftstalker_bloodfiend/bloodbadge","type":"model"},"when":[{"extra":[{"color":"dark_purple","text":"Riftstalker Bloodfiend V"}],"italic":false,"text":""}]},{"model":{"model":"hplus:ui/icons/lobby/hide_spectators","type":"model"},"when":[{"extra":[{"color":"red","text":"Hide Spectators"}],"italic":false,"text":""}]}],"component":"custom_name","fallback":{"model":"item/redstone","type":"model"},"property":"component","type":"select"}}