{"HPLUS":"WEAPONS SWORDS","model":{"HPLUS":"ITEMS MISC ROMERO","on_false":{"HPLUS":"ITEMS PET_ITEMS","on_false":{"HPLUS":"ITEMS RIFT","on_false":{"on_false":{"model":"item/rose_bush","type":"model"},"on_true":{"model":"hplus:skyblock/items/rift/caducous_stem","type":"model"},"predicate":"custom_data","property":"component","type":"condition","value":{"id":"CADUCOUS_STEM"}},"on_true":{"model":"hplus:skyblock/items/pet_items/kat_bouquet","type":"model"},"predicate":"custom_data","property":"component","type":"condition","value":{"id":"KAT_BOUQUET"}},"on_true":{"model":"hplus:skyblock/items/misc/romero/rose_bouquet","type":"model"},"predicate":"custom_data","property":"component","type":"condition","value":{"id":"ROSE_BOUQUET"}},"on_true":{"model":"hplus:skyblock/weapons/swords/bouquet_of_lies","type":"model"},"predicate":"custom_data","property":"component","type":"condition","value":{"id":"BOUQUET_OF_LIES"}}}