{"model":{"HPLUS":"ITEMS DUNGEONS","cases":[{"model":{"model":"hplus:skyblock/tools/abiphones/aatrox_batphone","type":"model"},"when":[{"extra":[{"color":"gold","text":"Max Slayers"}],"italic":false,"text":""}]},{"model":{"model":"hplus:skyblock/items/slayer/revenant_horror/revenant_flesh","type":"model"},"when":[{"extra":[{"color":"red","text":"☠ "},{"color":"yellow","text":"Revenant Horror"}],"italic":false,"text":""}]},{"model":{"model":"hplus:skyblock/items/slayer/revenant_horror/revenant_flesh_locked","type":"model"},"when":[{"extra":[{"color":"red","text":"☠ "},{"color":"red","text":"Revenant Horror"}],"italic":false,"text":""}]},{"model":{"model":"hplus:skyblock/items/slayer/revenant_horror/revenant_flesh","type":"model"},"when":[{"extra":[{"color":"green","text":"Revenant Horror I"}],"italic":false,"text":""}]},{"model":{"model":"hplus:skyblock/items/slayer/revenant_horror/revenant_flesh","type":"model"},"when":[{"extra":[{"color":"yellow","text":"Revenant Horror II"}],"italic":false,"text":""}]},{"model":{"model":"hplus:skyblock/items/slayer/revenant_horror/revenant_flesh","type":"model"},"when":[{"extra":[{"color":"red","text":"Revenant Horror III"}],"italic":false,"text":""}]},{"model":{"model":"hplus:skyblock/items/slayer/revenant_horror/revenant_flesh","type":"model"},"when":[{"extra":[{"color":"dark_red","text":"Revenant Horror IV"}],"italic":false,"text":""}]},{"model":{"model":"hplus:skyblock/items/slayer/revenant_horror/revenant_flesh","type":"model"},"when":[{"extra":[{"color":"dark_purple","text":"Revenant Horror V"}],"italic":false,"text":""}]}],"component":"custom_name","fallback":{"HPLUS":"ITEMS FISHING CRYSTAL_HOLLOWS","on_false":{"HPLUS":"ITEMS MISC","on_false":{"HPLUS":"ITEMS SLAYER REVENANT_HORROR","on_false":{"HPLUS":"ITEMS SLAYER TARANTULA_BROODFATHER","on_false":{"on_false":{"model":"item/rotten_flesh","type":"model"},"on_true":{"model":"hplus:skyblock/items/slayer/tarantula_broodfather/digested_mosquito","type":"model"},"predicate":"custom_data","property":"component","type":"condition","value":{"id":"DIGESTED_MOSQUITO"}},"on_true":{"model":"hplus:skyblock/items/slayer/revenant_horror/revenant_flesh","type":"model"},"predicate":"custom_data","property":"component","type":"condition","value":{"id":"REVENANT_FLESH"}},"on_true":{"model":"hplus:skyblock/items/misc/mysterious_meat","type":"model"},"predicate":"custom_data","property":"component","type":"condition","value":{"id":"MYSTERIOUS_MEAT"}},"on_true":{"model":"hplus:skyblock/items/fishing/crystal_hollows/worm_membrane","type":"model"},"predicate":"custom_data","property":"component","type":"condition","value":{"id":"WORM_MEMBRANE"}},"on_true":{"model":"hplus:skyblock/items/dungeons/healing_tissue","type":"model"},"predicate":"custom_data","property":"component","type":"condition","value":{"id":"HEALING_TISSUE"}},"property":"component","type":"select"}}