{"HPLUS":"ITEMS SLAYER SVEN_PACKMASTER","model":{"HPLUS":"ITEMS SPECIAL","on_false":{"HPLUS":"ITEMS SPECIAL THE_FISH","on_false":{"on_false":{"on_false":{"on_false":{"on_false":{"on_false":{"model":"item/salmon","type":"model"},"on_true":{"model":"hplus:skyblock/items/special/the_fish/zoop_the_fish","type":"model"},"predicate":"custom_data","property":"component","type":"condition","value":{"id":"ZOOP_THE_FISH"}},"on_true":{"model":"hplus:skyblock/items/special/the_fish/spook_the_fish","type":"model"},"predicate":"custom_data","property":"component","type":"condition","value":{"id":"SPOOK_THE_FISH"}},"on_true":{"model":"hplus:skyblock/items/special/the_fish/nope_the_fish","type":"model"},"predicate":"custom_data","property":"component","type":"condition","value":{"id":"NOPE_THE_FISH"}},"on_true":{"model":"hplus:skyblock/items/special/the_fish/herring_the_fish","type":"model"},"predicate":"custom_data","property":"component","type":"condition","value":{"id":"HERRING_THE_FISH"}},"on_true":{"model":"hplus:skyblock/items/special/the_fish/gabagool_the_fish","type":"model"},"predicate":"custom_data","property":"component","type":"condition","value":{"id":"GABAGOOL_THE_FISH"}},"on_true":{"on_false":{"model":"hplus:skyblock/items/special/singing_fish","type":"model"},"on_true":{"keybind":"key.use","on_false":{"model":"hplus:skyblock/items/special/singing_fish","type":"model"},"on_true":{"model":"hplus:skyblock/items/special/singing_fish_singing","type":"model"},"property":"keybind_down","type":"condition"},"property":"selected","type":"condition"},"predicate":"custom_data","property":"component","type":"condition","value":{"id":"SINGING_FISH"}},"on_true":{"model":"hplus:skyblock/items/slayer/sven_packmaster/grizzly_bait","type":"model"},"predicate":"custom_data","property":"component","type":"condition","value":{"id":"GRIZZLY_BAIT"}}}