{"HPLUS":"ARMOR","model":{"on_false":{"on_false":{"model":"block/sea_lantern","type":"model"},"on_true":{"cases":[{"model":{"model":"hplus:skyblock/armor/misc/sea_lantern_hat_armor","type":"model"},"when":"head"}],"fallback":{"model":"hplus:skyblock/armor/misc/sea_lantern_hat","type":"model"},"property":"display_context","type":"select"},"predicate":"custom_data","property":"component","type":"condition","value":{"id":"SEA_LANTERN_HAT"}},"on_true":{"cases":[{"model":{"model":"hplus:skyblock/armor/lapis_armor/lapis_armor_helmet_armor","type":"model"},"when":"head"}],"fallback":{"model":"hplus:skyblock/armor/lapis_armor/lapis_armor_helmet","type":"model"},"property":"display_context","type":"select"},"predicate":"custom_data","property":"component","type":"condition","value":{"id":"LAPIS_ARMOR_HELMET"}}}