{"HPLUS":"TOOLS FORAGING","model":{"HPLUS":"ITEMS DUNGEONS","on_false":{"HPLUS":"ITEMS MISC","on_false":{"HPLUS":"ITEMS SLAYER VOIDGLOOM_SERAPH","on_false":{"on_false":{"model":"item/shears","type":"model"},"on_true":{"model":"hplus:skyblock/items/slayer/voidgloom_seraph/null_blade","type":"model"},"predicate":"custom_data","property":"component","type":"condition","value":{"id":"NULL_BLADE"}},"on_true":{"model":"hplus:skyblock/items/misc/rock_paper_shears","type":"model"},"predicate":"custom_data","property":"component","type":"condition","value":{"id":"ROCK_PAPER_SHEARS"}},"on_true":{"model":"hplus:skyblock/items/dungeons/defuse_kit","type":"model"},"predicate":"custom_data","property":"component","type":"condition","value":{"id":"DEFUSE_KIT"}},"on_true":{"model":"hplus:skyblock/tools/foraging/mobys_shears","type":"model"},"predicate":"custom_data","property":"component","type":"condition","value":{"id":"MOBYS_SHEARS"}}}