{"model":{"HPLUS":"ITEMS RIFT","cases":[{"model":{"model":"hplus:ui/icons/lobby/arcade_games","type":"model"},"when":[{"extra":[{"color":"green","text":"Arcade Games "}],"italic":false,"text":""}]}],"component":"custom_name","fallback":{"on_false":{"model":"item/slime_ball","type":"model"},"on_true":{"model":"hplus:skyblock/items/rift/mirrored_slime_ball","type":"model"},"predicate":"custom_data","property":"component","type":"condition","value":{"id":"MIRRORED_SLIME_BALL"}},"property":"component","type":"select"}}