{"HPLUS":"ITEMS POTIONS","model":{"on_false":{"on_false":{"on_false":{"on_false":{"on_false":{"on_false":{"on_false":{"on_false":{"on_false":{"on_false":{"on_false":{"on_false":{"on_false":{"on_false":{"on_false":{"on_false":{"on_false":{"on_false":{"on_false":{"on_false":{"on_false":{"on_false":{"on_false":{"on_false":{"on_false":{"on_false":{"on_false":{"on_false":{"on_false":{"on_false":{"on_false":{"on_false":{"on_false":{"on_false":{"on_false":{"on_false":{"on_false":{"on_false":{"on_false":{"model":"item/splash_potion","tints":[{"default":-13083194,"type":"potion"}],"type":"model"},"on_true":{"model":"hplus:skyblock/items/potions/wounded_splash_potion","type":"model"},"predicate":"custom_data","property":"component","type":"condition","value":{"potion":"wounded","potion_type":"POTION"}},"on_true":{"model":"hplus:skyblock/items/potions/wisp_ice_potion","type":"model"},"predicate":"custom_data","property":"component","type":"condition","value":{"potion":"wisp_ice","potion_type":"POTION"}},"on_true":{"model":"hplus:skyblock/items/potions/venomous_splash_potion","type":"model"},"predicate":"custom_data","property":"component","type":"condition","value":{"potion":"venomous","potion_type":"POTION"}},"on_true":{"model":"hplus:skyblock/items/potions/true_defense_splash_potion","type":"model"},"predicate":"custom_data","property":"component","type":"condition","value":{"potion":"true_defense","potion_type":"POTION"}},"on_true":{"model":"hplus:skyblock/items/potions/stun_splash_potion","type":"model"},"predicate":"custom_data","property":"component","type":"condition","value":{"potion":"stun","potion_type":"POTION"}},"on_true":{"model":"hplus:skyblock/items/potions/stinky_cheese_splash_potion","type":"model"},"predicate":"custom_data","property":"component","type":"condition","value":{"potion":"stinky_cheese","potion_type":"POTION"}},"on_true":{"model":"hplus:skyblock/items/potions/stamina_splash_potion","type":"model"},"predicate":"custom_data","property":"component","type":"condition","value":{"potion":"stamina","potion_type":"POTION"}},"on_true":{"model":"hplus:skyblock/items/potions/spirit_splash_potion","type":"model"},"predicate":"custom_data","property":"component","type":"condition","value":{"potion":"spirit","potion_type":"POTION"}},"on_true":{"model":"hplus:skyblock/items/potions/spelunker_splash_potion","type":"model"},"predicate":"custom_data","property":"component","type":"condition","value":{"potion":"spelunker","potion_type":"POTION"}},"on_true":{"model":"hplus:skyblock/items/potions/secrets_splash_potion","type":"model"},"predicate":"custom_data","property":"component","type":"condition","value":{"potion":"secrets","potion_type":"POTION"}},"on_true":{"model":"hplus:skyblock/items/potions/rift_gravity_splash_potion","type":"model"},"predicate":"custom_data","property":"component","type":"condition","value":{"potion":"rift_gravity","potion_type":"POTION"}},"on_true":{"model":"hplus:skyblock/items/potions/resistance_splash_potion","type":"model"},"predicate":"custom_data","property":"component","type":"condition","value":{"potion":"resistance","potion_type":"POTION"}},"on_true":{"model":"hplus:skyblock/items/potions/rabbit_splash_potion","type":"model"},"predicate":"custom_data","property":"component","type":"condition","value":{"potion":"rabbit","potion_type":"POTION"}},"on_true":{"model":"hplus:skyblock/items/potions/poisoned_candy_splash_potion","type":"model"},"predicate":"custom_data","property":"component","type":"condition","value":{"potion":"poisoned_candy","potion_type":"POTION"}},"on_true":{"model":"hplus:skyblock/items/potions/pet_luck_splash_potion","type":"model"},"predicate":"custom_data","property":"component","type":"condition","value":{"potion":"pet_luck","potion_type":"POTION"}},"on_true":{"model":"hplus:skyblock/items/potions/mushed_glowy_tonic_splash_potion","type":"model"},"predicate":"custom_data","property":"component","type":"condition","value":{"potion":"mushed_glowy_tonic","potion_type":"POTION"}},"on_true":{"model":"hplus:skyblock/items/potions/mining_xp_boost_splash_potion","type":"model"},"predicate":"custom_data","property":"component","type":"condition","value":{"potion":"mining_xp_boost","potion_type":"POTION"}},"on_true":{"model":"hplus:skyblock/items/potions/mana_splash_potion","type":"model"},"predicate":"custom_data","property":"component","type":"condition","value":{"potion":"mana","potion_type":"POTION"}},"on_true":{"model":"hplus:skyblock/items/potions/magic_find_splash_potion","type":"model"},"predicate":"custom_data","property":"component","type":"condition","value":{"potion":"magic_find","potion_type":"POTION"}},"on_true":{"model":"hplus:skyblock/items/potions/knockback_splash_potion","type":"model"},"predicate":"custom_data","property":"component","type":"condition","value":{"potion":"knockback","potion_type":"POTION"}},"on_true":{"model":"hplus:skyblock/items/potions/haste_splash_potion","type":"model"},"predicate":"custom_data","property":"component","type":"condition","value":{"potion":"haste","potion_type":"POTION"}},"on_true":{"model":"hplus:skyblock/items/potions/harvest_harbinger_splash_potion","type":"model"},"predicate":"custom_data","property":"component","type":"condition","value":{"potion":"harvest_harbinger","potion_type":"POTION"}},"on_true":{"model":"hplus:skyblock/items/potions/goblin_king_scent_splash_potion","type":"model"},"predicate":"custom_data","property":"component","type":"condition","value":{"potion":"goblin_king_scent","potion_type":"POTION"}},"on_true":{"model":"hplus:skyblock/items/potions/foraging_xp_boost_splash_potion","type":"model"},"predicate":"custom_data","property":"component","type":"condition","value":{"potion":"foraging_xp_boost","potion_type":"POTION"}},"on_true":{"model":"hplus:skyblock/items/potions/fishing_xp_boost_splash_potion","type":"model"},"predicate":"custom_data","property":"component","type":"condition","value":{"potion":"fishing_xp_boost","potion_type":"POTION"}},"on_true":{"model":"hplus:skyblock/items/potions/farming_xp_boost_splash_potion","type":"model"},"predicate":"custom_data","property":"component","type":"condition","value":{"potion":"farming_xp_boost","potion_type":"POTION"}},"on_true":{"model":"hplus:skyblock/items/potions/experience_splash_potion","type":"model"},"predicate":"custom_data","property":"component","type":"condition","value":{"potion":"experience","potion_type":"POTION"}},"on_true":{"model":"hplus:skyblock/items/potions/enchanting_xp_boost_splash_potion","type":"model"},"predicate":"custom_data","property":"component","type":"condition","value":{"potion":"enchanting_xp_boost","potion_type":"POTION"}},"on_true":{"model":"hplus:skyblock/items/potions/dodge_splash_potion","type":"model"},"predicate":"custom_data","property":"component","type":"condition","value":{"potion":"dodge","potion_type":"POTION"}},"on_true":{"model":"hplus:skyblock/items/potions/critical_splash_potion","type":"model"},"predicate":"custom_data","property":"component","type":"condition","value":{"potion":"critical","potion_type":"POTION"}},"on_true":{"model":"hplus:skyblock/items/potions/combat_xp_boost_splash_potion","type":"model"},"predicate":"custom_data","property":"component","type":"condition","value":{"potion":"combat_xp_boost","potion_type":"POTION"}},"on_true":{"model":"hplus:skyblock/items/potions/cold_resistance_splash_potion","type":"model"},"predicate":"custom_data","property":"component","type":"condition","value":{"potion":"cold_resistance","potion_type":"POTION"}},"on_true":{"model":"hplus:skyblock/items/potions/burning_splash_potion","type":"model"},"predicate":"custom_data","property":"component","type":"condition","value":{"potion":"burning","potion_type":"POTION"}},"on_true":{"model":"hplus:skyblock/items/potions/blindness_splash_potion","type":"model"},"predicate":"custom_data","property":"component","type":"condition","value":{"potion":"blindness","potion_type":"POTION"}},"on_true":{"model":"hplus:skyblock/items/potions/archery_splash_potion","type":"model"},"predicate":"custom_data","property":"component","type":"condition","value":{"potion":"archery","potion_type":"POTION"}},"on_true":{"model":"hplus:skyblock/items/potions/alchemy_xp_boost_splash_potion","type":"model"},"predicate":"custom_data","property":"component","type":"condition","value":{"potion":"alchemy_xp_boost","potion_type":"POTION"}},"on_true":{"model":"hplus:skyblock/items/potions/agility_splash_potion","type":"model"},"predicate":"custom_data","property":"component","type":"condition","value":{"potion":"agility","potion_type":"POTION"}},"on_true":{"model":"hplus:skyblock/items/potions/adrenaline_splash_potion","type":"model"},"predicate":"custom_data","property":"component","type":"condition","value":{"potion":"adrenaline","potion_type":"POTION"}},"on_true":{"model":"hplus:skyblock/items/potions/absorption_splash_potion","type":"model"},"predicate":"custom_data","property":"component","type":"condition","value":{"potion":"absorption","potion_type":"POTION"}}}