{"HPLUS":"ITEMS MISC","model":{"HPLUS":"ARMOR","on_false":{"on_false":{"model":"block/sponge","type":"model"},"on_true":{"cases":[{"model":{"model":"hplus:skyblock/armor/sponge/sponge_helmet_armor","type":"model"},"when":"head"}],"fallback":{"model":"hplus:skyblock/armor/sponge/sponge_helmet","type":"model"},"property":"display_context","type":"select"},"predicate":"custom_data","property":"component","type":"condition","value":{"id":"SPONGE_HELMET"}},"on_true":{"model":"hplus:skyblock/items/misc/plumber_sponge","type":"model"},"predicate":"custom_data","property":"component","type":"condition","value":{"id":"PLUMBER_SPONGE"}}}