{"HPLUS":"ITEMS MINING CRYSTAL_HOLLOWS","model":{"HPLUS":"ITEMS RIFT","on_false":{"on_false":{"model":"item/squid_spawn_egg","type":"model"},"on_true":{"model":"hplus:skyblock/items/rift/lm_egg_cap","type":"model"},"predicate":"custom_data","property":"component","type":"condition","value":{"id":"LM_EGG_CAP"}},"on_true":{"model":"hplus:skyblock/items/mining/crystal_hollows/goblin_egg_blue","type":"model"},"predicate":"custom_data","property":"component","type":"condition","value":{"id":"GOBLIN_EGG_BLUE"}}}