{"HPLUS":"WEAPONS WANDS","model":{"on_false":{"on_false":{"on_false":{"on_false":{"on_false":{"HPLUS":"WEAPONS STAVES","on_false":{"HPLUS":"TOOLS BIOME_STICK","on_false":{"on_false":{"on_false":{"on_false":{"on_false":{"on_false":{"on_false":{"on_false":{"on_false":{"on_false":{"on_false":{"on_false":{"HPLUS":"TOOLS COMBAT","on_false":{"on_false":{"on_false":{"on_false":{"on_false":{"on_false":{"HPLUS":"TOOLS FARMING","on_false":{"HPLUS":"TOOLS FORAGING","on_false":{"HPLUS":"ITEMS DUNGEONS","on_false":{"HPLUS":"ITEMS MINING DWARVEN_MINES","on_false":{"HPLUS":"ITEMS EVENTS MYTHOLOGY","on_false":{"HPLUS":"ITEMS FISHING CRIMSON_ISLE HOTSPOT","on_false":{"HPLUS":"ITEMS PET_ITEMS","on_false":{"HPLUS":"ITEMS RIFT","on_false":{"on_false":{"on_false":{"HPLUS":"ITEMS SLAYER VOIDGLOOM_SERAPH","on_false":{"HPLUS":"BEDWARS","on_false":{"on_false":{"model":"item/stick","type":"model"},"on_true":{"model":"hplus:bedwars/lucky_blocks/toy_stick","type":"model"},"predicate":"custom_data","property":"component","type":"condition","value":{"toy_stick":1}},"on_true":{"model":"hplus:skyblock/items/slayer/voidgloom_seraph/null_edge","type":"model"},"predicate":"custom_data","property":"component","type":"condition","value":{"id":"NULL_EDGE"}},"on_true":{"model":"hplus:skyblock/items/rift/silkwire_stick","type":"model"},"predicate":"custom_data","property":"component","type":"condition","value":{"id":"SILKWIRE_STICK"}},"on_true":{"model":"hplus:skyblock/items/rift/mirrored_stick","type":"model"},"predicate":"custom_data","property":"component","type":"condition","value":{"id":"MIRRORED_STICK"}},"on_true":{"model":"hplus:skyblock/items/rift/berberis_blowgun","type":"model"},"predicate":"custom_data","property":"component","type":"condition","value":{"id":"BERBERIS_BLOWGUN"}},"on_true":{"model":"hplus:skyblock/items/pet_items/grandmas_knitting_needle","type":"model"},"predicate":"custom_data","property":"component","type":"condition","value":{"id":"GRANDMAS_KNITTING_NEEDLE"}},"on_true":{"model":"hplus:skyblock/items/fishing/crimson_isle/hotspot/brimstone_handle","type":"model"},"predicate":"custom_data","property":"component","type":"condition","value":{"id":"BRIMSTONE_HANDLE"}},"on_true":{"model":"hplus:skyblock/items/events/mythology/daedalus_stick","type":"model"},"predicate":"custom_data","property":"component","type":"condition","value":{"id":"DAEDALUS_STICK"}},"on_true":{"model":"hplus:skyblock/items/mining/dwarven_mines/bejeweled_handle","type":"model"},"predicate":"custom_data","property":"component","type":"condition","value":{"id":"BEJEWELED_HANDLE"}},"on_true":{"on_false":{"model":"hplus:skyblock/items/dungeons/necron_handle","type":"model"},"on_true":{"model":"hplus:skyblock/items/dungeons/shiny_necron_handle","type":"model"},"predicate":"custom_data","property":"component","type":"condition","value":{"is_shiny":1}},"predicate":"custom_data","property":"component","type":"condition","value":{"id":"NECRON_HANDLE"}},"on_true":{"model":"hplus:skyblock/tools/foraging/weather_stick","type":"model"},"predicate":"custom_data","property":"component","type":"condition","value":{"id":"WEATHER_STICK"}},"on_true":{"model":"hplus:skyblock/tools/farming/infinidirt_wand","type":"model"},"predicate":"custom_data","property":"component","type":"condition","value":{"id":"INFINIDIRT_WAND"}},"on_true":{"on_false":{"model":"hplus:skyblock/tools/combat/wand_of_strength","type":"model"},"on_true":{"keybind":"key.use","on_false":{"model":"hplus:skyblock/tools/combat/wand_of_strength","type":"model"},"on_true":{"model":"hplus:skyblock/tools/combat/wand_of_strength_life_blood","type":"model"},"property":"keybind_down","type":"condition"},"property":"selected","type":"condition"},"predicate":"custom_data","property":"component","type":"condition","value":{"id":"WAND_OF_STRENGTH"}},"on_true":{"on_false":{"model":"hplus:skyblock/tools/combat/wand_of_atonement","type":"model"},"on_true":{"keybind":"key.use","on_false":{"model":"hplus:skyblock/tools/combat/wand_of_atonement","type":"model"},"on_true":{"model":"hplus:skyblock/tools/combat/wand_of_atonement_heal","type":"model"},"property":"keybind_down","type":"condition"},"property":"selected","type":"condition"},"predicate":"custom_data","property":"component","type":"condition","value":{"id":"WAND_OF_ATONEMENT"}},"on_true":{"on_false":{"model":"hplus:skyblock/tools/combat/wand_of_restoration","type":"model"},"on_true":{"keybind":"key.use","on_false":{"model":"hplus:skyblock/tools/combat/wand_of_restoration","type":"model"},"on_true":{"model":"hplus:skyblock/tools/combat/wand_of_restoration_heal","type":"model"},"property":"keybind_down","type":"condition"},"property":"selected","type":"condition"},"predicate":"custom_data","property":"component","type":"condition","value":{"id":"WAND_OF_RESTORATION"}},"on_true":{"on_false":{"model":"hplus:skyblock/tools/combat/wand_of_mending","type":"model"},"on_true":{"keybind":"key.use","on_false":{"model":"hplus:skyblock/tools/combat/wand_of_mending","type":"model"},"on_true":{"model":"hplus:skyblock/tools/combat/wand_of_mending_heal","type":"model"},"property":"keybind_down","type":"condition"},"property":"selected","type":"condition"},"predicate":"custom_data","property":"component","type":"condition","value":{"id":"WAND_OF_MENDING"}},"on_true":{"on_false":{"model":"hplus:skyblock/tools/combat/wand_of_healing","type":"model"},"on_true":{"keybind":"key.use","on_false":{"model":"hplus:skyblock/tools/combat/wand_of_healing","type":"model"},"on_true":{"model":"hplus:skyblock/tools/combat/wand_of_healing_heal","type":"model"},"property":"keybind_down","type":"condition"},"property":"selected","type":"condition"},"predicate":"custom_data","property":"component","type":"condition","value":{"id":"WAND_OF_HEALING"}},"on_true":{"model":"hplus:skyblock/tools/combat/carnival_dart_tube","type":"model"},"predicate":"custom_data","property":"component","type":"condition","value":{"id":"CARNIVAL_DART_TUBE"}},"on_true":{"model":"hplus:skyblock/tools/biome_stick/taiga_biome_stick","type":"model"},"predicate":"custom_data","property":"component","type":"condition","value":{"id":"TAIGA_BIOME_STICK"}},"on_true":{"model":"hplus:skyblock/tools/biome_stick/savana_biome_stick","type":"model"},"predicate":"custom_data","property":"component","type":"condition","value":{"id":"SAVANA_BIOME_STICK"}},"on_true":{"model":"hplus:skyblock/tools/biome_stick/roofed_forest_biome_stick","type":"model"},"predicate":"custom_data","property":"component","type":"condition","value":{"id":"ROOFED_FOREST_BIOME_STICK"}},"on_true":{"model":"hplus:skyblock/tools/biome_stick/nether_biome_stick","type":"model"},"predicate":"custom_data","property":"component","type":"condition","value":{"id":"NETHER_BIOME_STICK"}},"on_true":{"model":"hplus:skyblock/tools/biome_stick/mushroom_biome_stick","type":"model"},"predicate":"custom_data","property":"component","type":"condition","value":{"id":"MUSHROOM_BIOME_STICK"}},"on_true":{"model":"hplus:skyblock/tools/biome_stick/mesa_biome_stick","type":"model"},"predicate":"custom_data","property":"component","type":"condition","value":{"id":"MESA_BIOME_STICK"}},"on_true":{"model":"hplus:skyblock/tools/biome_stick/jungle_biome_stick","type":"model"},"predicate":"custom_data","property":"component","type":"condition","value":{"id":"JUNGLE_BIOME_STICK"}},"on_true":{"model":"hplus:skyblock/tools/biome_stick/forest_biome_stick","type":"model"},"predicate":"custom_data","property":"component","type":"condition","value":{"id":"FOREST_BIOME_STICK"}},"on_true":{"model":"hplus:skyblock/tools/biome_stick/end_biome_stick","type":"model"},"predicate":"custom_data","property":"component","type":"condition","value":{"id":"END_BIOME_STICK"}},"on_true":{"model":"hplus:skyblock/tools/biome_stick/desert_biome_stick","type":"model"},"predicate":"custom_data","property":"component","type":"condition","value":{"id":"DESERT_BIOME_STICK"}},"on_true":{"model":"hplus:skyblock/tools/biome_stick/deep_ocean_biome_stick","type":"model"},"predicate":"custom_data","property":"component","type":"condition","value":{"id":"DEEP_OCEAN_BIOME_STICK"}},"on_true":{"model":"hplus:skyblock/tools/biome_stick/birch_forest_biome_stick","type":"model"},"predicate":"custom_data","property":"component","type":"condition","value":{"id":"BIRCH_FOREST_BIOME_STICK"}},"on_true":{"cases":[{"model":{"model":"hplus:skyblock/weapons/staves/tribal_spear","type":"model"},"when":"gui"}],"fallback":{"model":"hplus:skyblock/weapons/staves/tribal_spear_hand","type":"model"},"property":"display_context","type":"select"},"predicate":"custom_data","property":"component","type":"condition","value":{"id":"TRIBAL_SPEAR"}},"on_true":{"on_false":{"model":"hplus:skyblock/weapons/wands/starlight_wand","type":"model"},"on_true":{"keybind":"key.use","on_false":{"model":"hplus:skyblock/weapons/wands/starlight_wand","type":"model"},"on_true":{"model":"hplus:skyblock/weapons/wands/starlight_wand_starfall","type":"model"},"property":"keybind_down","type":"condition"},"property":"selected","type":"condition"},"predicate":"custom_data","property":"component","type":"condition","value":{"id":"STARLIGHT_WAND"}},"on_true":{"on_false":{"model":"hplus:skyblock/weapons/wands/ink_wand","type":"model"},"on_true":{"keybind":"key.use","on_false":{"model":"hplus:skyblock/weapons/wands/ink_wand","type":"model"},"on_true":{"model":"hplus:skyblock/weapons/wands/ink_wand_ink_bomb","type":"model"},"property":"keybind_down","type":"condition"},"property":"selected","type":"condition"},"predicate":"custom_data","property":"component","type":"condition","value":{"id":"INK_WAND"}},"on_true":{"model":"hplus:skyblock/weapons/wands/starred_ice_spray_wand","type":"model"},"predicate":"custom_data","property":"component","type":"condition","value":{"id":"STARRED_ICE_SPRAY_WAND"}},"on_true":{"model":"hplus:skyblock/weapons/wands/ice_spray_wand","type":"model"},"predicate":"custom_data","property":"component","type":"condition","value":{"id":"ICE_SPRAY_WAND"}},"on_true":{"model":"hplus:skyblock/weapons/wands/electric_wand_item","type":"model"},"predicate":"custom_data","property":"component","type":"condition","value":{"id":"ELECTRIC_WAND_ITEM"}},"on_true":{"on_false":{"model":"hplus:skyblock/weapons/wands/celeste_wand","type":"model"},"on_true":{"keybind":"key.use","on_false":{"model":"hplus:skyblock/weapons/wands/celeste_wand","type":"model"},"on_true":{"model":"hplus:skyblock/weapons/wands/celeste_wand_lightning_strike","type":"model"},"property":"keybind_down","type":"condition"},"property":"selected","type":"condition"},"predicate":"custom_data","property":"component","type":"condition","value":{"id":"CELESTE_WAND"}}}