{"HPLUS":"TOOLS MINING","model":{"on_false":{"on_false":{"on_false":{"model":"item/stone_pickaxe","type":"model"},"on_true":{"model":"hplus:skyblock/tools/mining/rookie_pickaxe","type":"model"},"predicate":"custom_data","property":"component","type":"condition","value":{"id":"ROOKIE_PICKAXE"}},"on_true":{"model":"hplus:skyblock/tools/mining/fractured_mithril_pickaxe","type":"model"},"predicate":"custom_data","property":"component","type":"condition","value":{"id":"FRACTURED_MITHRIL_PICKAXE"}},"on_true":{"model":"hplus:skyblock/tools/mining/bandaged_mithril_pickaxe","type":"model"},"predicate":"custom_data","property":"component","type":"condition","value":{"id":"BANDAGED_MITHRIL_PICKAXE"}}}