{"HPLUS":"TOOLS FARMING","model":{"on_false":{"HPLUS":"TOOLS FARMING THEORETICAL_HOE","on_false":{"on_false":{"on_false":{"on_false":{"on_false":{"on_false":{"model":"item/stone_hoe","type":"model"},"on_true":{"model":"hplus:skyblock/tools/farming/theoretical_hoe/theoretical_hoe_wheat_1","type":"model"},"predicate":"custom_data","property":"component","type":"condition","value":{"id":"THEORETICAL_HOE_WHEAT_1"}},"on_true":{"model":"hplus:skyblock/tools/farming/theoretical_hoe/theoretical_hoe_warts_1","type":"model"},"predicate":"custom_data","property":"component","type":"condition","value":{"id":"THEORETICAL_HOE_WARTS_1"}},"on_true":{"model":"hplus:skyblock/tools/farming/theoretical_hoe/theoretical_hoe_potato_1","type":"model"},"predicate":"custom_data","property":"component","type":"condition","value":{"id":"THEORETICAL_HOE_POTATO_1"}},"on_true":{"model":"hplus:skyblock/tools/farming/theoretical_hoe/theoretical_hoe_carrot_1","type":"model"},"predicate":"custom_data","property":"component","type":"condition","value":{"id":"THEORETICAL_HOE_CARROT_1"}},"on_true":{"model":"hplus:skyblock/tools/farming/theoretical_hoe/theoretical_hoe_cane_1","type":"model"},"predicate":"custom_data","property":"component","type":"condition","value":{"id":"THEORETICAL_HOE_CANE_1"}},"on_true":{"model":"hplus:skyblock/tools/farming/rookie_hoe","type":"model"},"predicate":"custom_data","property":"component","type":"condition","value":{"id":"ROOKIE_HOE"}},"on_true":{"model":"hplus:skyblock/tools/farming/hoe_of_great_tilling","type":"model"},"predicate":"custom_data","property":"component","type":"condition","value":{"id":"HOE_OF_GREAT_TILLING"}}}