{"model":{"HPLUS":"TOOLS MINING","cases":[{"model":{"model":"hplus:murder/stick_with_a_hat","type":"model"},"when":[{"extra":[{"color":"green","text":"Stick with a Hat"}],"italic":false,"text":""}]},{"model":{"model":"hplus:murder/stick_with_a_hat","type":"model"},"when":[{"extra":[{"color":"red","text":"Stick with a Hat"}],"italic":false,"text":""}]}],"component":"custom_name","fallback":{"HPLUS":"MURDER","on_false":{"on_false":{"model":"item/stone_shovel","type":"model"},"on_true":{"model":"hplus:murder/stick_with_a_hat","type":"model"},"predicate":"custom_data","property":"component","type":"condition","value":{"KNIFE":1}},"on_true":{"model":"hplus:skyblock/tools/mining/rookie_spade","type":"model"},"predicate":"custom_data","property":"component","type":"condition","value":{"id":"ROOKIE_SPADE"}},"property":"component","type":"select"}}