{"HPLUS":"WEAPONS SWORDS","model":{"on_false":{"on_false":{"on_false":{"on_false":{"on_false":{"on_false":{"on_false":{"on_false":{"on_false":{"HPLUS":"WEAPONS LONGSWORDS","on_false":{"on_false":{"model":"item/stone_sword","type":"model"},"on_true":{"cases":[{"model":{"model":"hplus:skyblock/weapons/longswords/dark_claymore","type":"model"},"when":"gui"}],"fallback":{"model":"hplus:skyblock/weapons/longswords/dark_claymore_hand","type":"model"},"property":"display_context","type":"select"},"predicate":"custom_data","property":"component","type":"condition","value":{"id":"DARK_CLAYMORE"}},"on_true":{"model":"hplus:skyblock/weapons/swords/wither_cloak","type":"model"},"predicate":"custom_data","property":"component","type":"condition","value":{"id":"WITHER_CLOAK"}},"on_true":{"model":"hplus:skyblock/weapons/swords/tactician_murder_weapon","type":"model"},"predicate":"custom_data","property":"component","type":"condition","value":{"id":"TACTICIAN_MURDER_WEAPON"}},"on_true":{"model":"hplus:skyblock/weapons/swords/starred_stone_blade","type":"model"},"predicate":"custom_data","property":"component","type":"condition","value":{"id":"STARRED_STONE_BLADE"}},"on_true":{"model":"hplus:skyblock/weapons/swords/stone_blade","type":"model"},"predicate":"custom_data","property":"component","type":"condition","value":{"id":"STONE_BLADE"}},"on_true":{"model":"hplus:skyblock/weapons/swords/heartfire_dagger_ashen","type":"model"},"predicate":"custom_data","property":"component","type":"condition","value":{"id":"HEARTFIRE_DAGGER"}},"on_true":{"model":"hplus:skyblock/weapons/swords/firedust_dagger_ashen","type":"model"},"predicate":"custom_data","property":"component","type":"condition","value":{"id":"FIREDUST_DAGGER"}},"on_true":{"model":"hplus:skyblock/weapons/swords/fel_sword","type":"model"},"predicate":"custom_data","property":"component","type":"condition","value":{"id":"FEL_SWORD"}},"on_true":{"model":"hplus:skyblock/weapons/swords/earth_shard","type":"model"},"predicate":"custom_data","property":"component","type":"condition","value":{"id":"EARTH_SHARD"}},"on_true":{"model":"hplus:skyblock/weapons/swords/conjuring_sword","type":"model"},"predicate":"custom_data","property":"component","type":"condition","value":{"id":"CONJURING_SWORD"}},"on_true":{"model":"hplus:skyblock/weapons/swords/burstfire_dagger_ashen","type":"model"},"predicate":"custom_data","property":"component","type":"condition","value":{"id":"BURSTFIRE_DAGGER"}}}