{"HPLUS":"ACCESSORIES","model":{"HPLUS":"ITEMS CRIMSON_ISLE MOB_LOOT","on_false":{"HPLUS":"ITEMS RIFT","on_false":{"on_false":{"HPLUS":"ITEMS SLAYER TARANTULA_BROODFATHER","on_false":{"on_false":{"HPLUS":"ITEMS SLAYER VOIDGLOOM_SERAPH","on_false":{"on_false":{"model":"item/string","type":"model"},"on_true":{"model":"hplus:skyblock/items/slayer/voidgloom_seraph/braided_griffin_feather","type":"model"},"predicate":"custom_data","property":"component","type":"condition","value":{"id":"BRAIDED_GRIFFIN_FEATHER"}},"on_true":{"model":"hplus:skyblock/items/slayer/tarantula_broodfather/tarantula_web","type":"model"},"predicate":"custom_data","property":"component","type":"condition","value":{"id":"TARANTULA_WEB"}},"on_true":{"model":"hplus:skyblock/items/slayer/tarantula_broodfather/soul_string","type":"model"},"predicate":"custom_data","property":"component","type":"condition","value":{"id":"SOUL_STRING"}},"on_true":{"model":"hplus:skyblock/items/rift/mirrored_string","type":"model"},"predicate":"custom_data","property":"component","type":"condition","value":{"id":"MIRRORED_STRING"}},"on_true":{"model":"hplus:skyblock/items/rift/larva_silk","type":"model"},"predicate":"custom_data","property":"component","type":"condition","value":{"id":"LARVA_SILK"}},"on_true":{"model":"hplus:skyblock/items/crimson_isle/mob_loot/lumino_fiber","type":"model"},"predicate":"custom_data","property":"component","type":"condition","value":{"id":"LUMINO_FIBER"}},"on_true":{"model":"hplus:skyblock/accessories/melody_hair","type":"model"},"predicate":"custom_data","property":"component","type":"condition","value":{"id":"MELODY_HAIR"}}}