{"HPLUS":"TOOLS FARMING","model":{"on_false":{"model":"item/tnt_minecart","type":"model"},"on_true":{"models":[{"model":"hplus:skyblock/tools/farming/infini_vacuum_hooverius","type":"model"},{"on_false":{"type":"empty"},"on_true":{"keybind":"key.use","on_false":{"type":"empty"},"on_true":{"model":"hplus:skyblock/tools/farming/vacuum_particle","type":"model"},"property":"keybind_down","type":"condition"},"property":"selected","type":"condition"}],"type":"composite"},"predicate":"custom_data","property":"component","type":"condition","value":{"id":"INFINI_VACUUM_HOOVERIUS"}}}