{"HPLUS":"BEDWARS","model":{"on_false":{"cases":[{"model":{"base":"minecraft:item/trapped_chest","model":{"texture":"minecraft:christmas","type":"minecraft:chest"},"type":"minecraft:special"},"when":["12-24","12-25","12-26"]}],"fallback":{"base":"minecraft:item/trapped_chest","model":{"texture":"minecraft:trapped","type":"minecraft:chest"},"type":"minecraft:special"},"pattern":"MM-dd","property":"minecraft:local_time","type":"minecraft:select"},"on_true":{"model":"hplus:bedwars/compact_popup_tower","type":"model"},"predicate":"custom_data","property":"component","type":"condition","value":{"TOWER_ITEM":1}}}