{"model":{"HPLUS":"ITEMS DUNGEONS","cases":[{"model":{"model":"hplus:bedwars/blindness_trap","type":"model"},"when":[{"extra":[{"color":"red","text":"Blindness Trap"}],"italic":false,"text":""}]},{"model":{"model":"hplus:bedwars/blindness_trap","type":"model"},"when":[{"extra":[{"color":"yellow","text":"Blindness Trap"}],"italic":false,"text":""}]}],"component":"custom_name","fallback":{"HPLUS":"TOOLS COMBAT","on_false":{"HPLUS":"ITEMS_MINING CRYSTAL_HOLLOWS","on_false":{"HPLUS":"ITEMS_MINING GLACITE_TUNNELS","on_false":{"HPLUS":"ITEMS RIFT","on_false":{"on_false":{"model":"item/tripwire_hook","type":"model"},"on_true":{"on_false":{"model":"hplus:skyblock/items/rift/larva_hook","type":"model"},"on_true":{"model":"hplus:skyblock/items/rift/larva_hook_damaged","type":"model"},"predicate":"custom_data","property":"component","type":"condition","value":"{'larvas_collected': 7}"},"predicate":"custom_data","property":"component","type":"condition","value":{"id":"LARVA_HOOK"}},"on_true":{"model":"hplus:skyblock/items/mining/glacite_tunnels/skeleton_key","type":"model"},"predicate":"custom_data","property":"component","type":"condition","value":{"id":"SKELETON_KEY"}},"on_true":{"model":"hplus:skyblock/items/mining/crystal_hollows/jungle_key","type":"model"},"predicate":"custom_data","property":"component","type":"condition","value":{"id":"JUNGLE_KEY"}},"on_true":{"model":"hplus:skyblock/tools/combat/moody_grappleshot","type":"model"},"predicate":"custom_data","property":"component","type":"condition","value":{"id":"MOODY_GRAPPLESHOT"}},"on_true":{"model":"hplus:skyblock/items/dungeons/dungeon_chest_key","type":"model"},"predicate":"custom_data","property":"component","type":"condition","value":{"id":"DUNGEON_CHEST_KEY"}},"property":"component","type":"select"}}