{"HPLUS":"ITEMS SPECIAL THE_FISH","model":{"on_false":{"on_false":{"on_false":{"on_false":{"model":"item/tropical_fish","type":"model"},"on_true":{"model":"hplus:skyblock/items/special/the_fish/party_the_fish","type":"model"},"predicate":"custom_data","property":"component","type":"condition","value":{"id":"PARTY_THE_FISH"}},"on_true":{"model":"hplus:skyblock/items/special/the_fish/oops_the_fish","type":"model"},"predicate":"custom_data","property":"component","type":"condition","value":{"id":"OOPS_THE_FISH"}},"on_true":{"model":"hplus:skyblock/items/special/the_fish/clown_the_fish","type":"model"},"predicate":"custom_data","property":"component","type":"condition","value":{"id":"CLOWN_THE_FISH"}},"on_true":{"model":"hplus:skyblock/items/special/the_fish/century_the_fish","type":"model"},"predicate":"custom_data","property":"component","type":"condition","value":{"id":"CENTURY_THE_FISH"}}}