{"HPLUS":"TOOLS FARMING","model":{"HPLUS":"ITEMS MISC","on_false":{"on_false":{"on_false":{"model":"item/water_bucket","type":"model"},"on_true":{"model":"hplus:skyblock/items/misc/magical_water_bucket","type":"model"},"predicate":"custom_data","property":"component","type":"condition","value":{"id":"RIFT_BUCKET"}},"on_true":{"model":"hplus:skyblock/items/misc/magical_water_bucket","type":"model"},"predicate":"custom_data","property":"component","type":"condition","value":{"id":"MAGICAL_WATER_BUCKET"}},"on_true":{"model":"hplus:skyblock/tools/farming/portable_washer","type":"model"},"predicate":"custom_data","property":"component","type":"condition","value":{"id":"PORTABLE_WASHER"}}}