{"model":{"HPLUS":"WEAPONS STAVES","cases":[{"model":{"model":"hplus:ui/jacob_contest/extra_farming_fortune","type":"model"},"when":[{"extra":[{"color":"yellow","text":"Extra Farming Fortune"}],"italic":false,"text":""}]},{"model":{"model":"hplus:ui/jacob_contest/crop_upgrades","type":"model"},"when":[{"extra":[{"color":"green","text":"Crop Upgrades"}],"italic":false,"text":""}]}],"component":"custom_name","fallback":{"on_false":{"model":"item/wheat","type":"model"},"on_true":{"cases":[{"model":{"model":"hplus:skyblock/weapons/staves/staff_of_the_volcano","type":"model"},"when":"gui"}],"fallback":{"model":"hplus:skyblock/weapons/staves/staff_of_the_volcano_hand","type":"model"},"property":"display_context","type":"select"},"predicate":"custom_data","property":"component","type":"condition","value":{"id":"STAFF_OF_THE_VOLCANO"}},"property":"component","type":"select"}}