{"HPLUS":"TOOLS COMBAT","model":{"on_false":{"base":"minecraft:item/template_banner","model":{"color":"white","type":"minecraft:banner"},"type":"minecraft:special"},"on_true":{"cases":[{"model":{"models":[{"model":"hplus:skyblock/tools/combat/totem_of_corruption_model0","type":"model"},{"model":"hplus:skyblock/tools/combat/totem_of_corruption_model1","type":"model"},{"model":"hplus:skyblock/tools/combat/totem_of_corruption_model2","type":"model"},{"model":"hplus:skyblock/tools/combat/totem_of_corruption_model3","type":"model"},{"model":"hplus:skyblock/tools/combat/totem_of_corruption_model4","type":"model"},{"model":"hplus:skyblock/tools/combat/totem_of_corruption_model5","type":"model"},{"model":"hplus:skyblock/tools/combat/totem_of_corruption_model6","type":"model"},{"model":"hplus:skyblock/tools/combat/totem_of_corruption_model7","type":"model"}],"type":"composite"},"when":"head"}],"fallback":{"model":"hplus:skyblock/tools/combat/totem_of_corruption","type":"model"},"property":"display_context","type":"select"},"predicate":"custom_data","property":"component","type":"condition","value":{"id":"TOTEM_OF_CORRUPTION"}}}