{"model":{"HPLUS":"ITEMS DUNGEONS","cases":[{"model":{"model":"hplus:ui/catacombs/catacombs","type":"model"},"when":[{"extra":[{"color":"dark_purple","text":"Boss Collections"}],"italic":false,"text":""}]}],"component":"custom_name","fallback":{"HPLUS":"ITEMS EVENTS CHUCKLETON","on_false":{"on_false":{"base":"item/template_skull","model":{"kind":"wither_skeleton","type":"head"},"type":"special"},"on_true":{"model":"hplus:skyblock/items/events/chuckleton/novice_skull","type":"model"},"predicate":"custom_data","property":"component","type":"condition","value":{"id":"NOVICE_SKULL"}},"on_true":{"model":"hplus:skyblock/items/dungeons/wither_catalyst","type":"model"},"predicate":"custom_data","property":"component","type":"condition","value":{"id":"WITHER_CATALYST"}},"property":"component","type":"select"}}