{"HPLUS":"TOOLS MINING","model":{"on_false":{"on_false":{"on_false":{"HPLUS":"ITEMS SPECIAL","on_false":{"on_false":{"model":"item/wooden_pickaxe","type":"model"},"on_true":{"model":"hplus:skyblock/items/special/alpha_pick","type":"model"},"predicate":"custom_data","property":"component","type":"condition","value":{"id":"ALPHA_PICK"}},"on_true":{"model":"hplus:skyblock/tools/mining/zoom_pickaxe","type":"model"},"predicate":"custom_data","property":"component","type":"condition","value":{"id":"ZOOM_PICKAXE"}},"on_true":{"model":"hplus:skyblock/tools/mining/rusty_titanium_pickaxe","type":"model"},"predicate":"custom_data","property":"component","type":"condition","value":{"id":"RUSTY_TITANIUM_PICKAXE"}},"on_true":{"model":"hplus:skyblock/tools/mining/jungle_pickaxe","type":"model"},"predicate":"custom_data","property":"component","type":"condition","value":{"id":"JUNGLE_PICKAXE"}},"on_true":{"model":"hplus:skyblock/tools/mining/anti_sentient_pickaxe","type":"model"},"predicate":"custom_data","property":"component","type":"condition","value":{"id":"ANTI_SENTIENT_PICKAXE"}}}