{"HPLUS":"TOOLS COMBAT","model":{"HPLUS":"ITEMS RIFT","on_false":{"on_false":{"on_false":{"on_false":{"model":"item/wooden_shovel","type":"model"},"on_true":{"on_false":{"model":"hplus:skyblock/items/rift/aspect_of_the_leech_3","type":"model"},"on_true":{"keybind":"key.use","on_false":{"model":"hplus:skyblock/items/rift/aspect_of_the_leech_3","type":"model"},"on_true":{"model":"hplus:skyblock/items/rift/aspect_of_the_leech_3_transmission","type":"model"},"property":"keybind_down","type":"condition"},"property":"selected","type":"condition"},"predicate":"custom_data","property":"component","type":"condition","value":{"id":"ASPECT_OF_THE_LEECH_3"}},"on_true":{"on_false":{"model":"hplus:skyblock/items/rift/aspect_of_the_leech_2","type":"model"},"on_true":{"keybind":"key.use","on_false":{"model":"hplus:skyblock/items/rift/aspect_of_the_leech_2","type":"model"},"on_true":{"model":"hplus:skyblock/items/rift/aspect_of_the_leech_2_transmission","type":"model"},"property":"keybind_down","type":"condition"},"property":"selected","type":"condition"},"predicate":"custom_data","property":"component","type":"condition","value":{"id":"ASPECT_OF_THE_LEECH_2"}},"on_true":{"on_false":{"model":"hplus:skyblock/items/rift/aspect_of_the_leech_1","type":"model"},"on_true":{"keybind":"key.use","on_false":{"model":"hplus:skyblock/items/rift/aspect_of_the_leech_1","type":"model"},"on_true":{"model":"hplus:skyblock/items/rift/aspect_of_the_leech_1_transmission","type":"model"},"property":"keybind_down","type":"condition"},"property":"selected","type":"condition"},"predicate":"custom_data","property":"component","type":"condition","value":{"id":"ASPECT_OF_THE_LEECH_1"}},"on_true":{"model":"hplus:skyblock/tools/combat/ancestral_spade","type":"model"},"predicate":"custom_data","property":"component","type":"condition","value":{"id":"ANCESTRAL_SPADE"}}}