{"HPLUS":"WEAPONS SWORDS","model":{"on_false":{"on_false":{"on_false":{"on_false":{"on_false":{"on_false":{"on_false":{"on_false":{"on_false":{"model":"item/wooden_sword","type":"model"},"on_true":{"model":"hplus:skyblock/weapons/swords/wyld_sword","type":"model"},"predicate":"custom_data","property":"component","type":"condition","value":{"id":"WYLD_SWORD"}},"on_true":{"model":"hplus:skyblock/weapons/swords/tactician_sword","type":"model"},"predicate":"custom_data","property":"component","type":"condition","value":{"id":"TACTICIAN_SWORD"}},"on_true":{"model":"hplus:skyblock/weapons/swords/sword_of_revelations","type":"model"},"predicate":"custom_data","property":"component","type":"condition","value":{"id":"SWORD_OF_REVELATIONS"}},"on_true":{"model":"hplus:skyblock/weapons/swords/sword_of_bad_health","type":"model"},"predicate":"custom_data","property":"component","type":"condition","value":{"id":"SWORD_OF_BAD_HEALTH"}},"on_true":{"model":"hplus:skyblock/weapons/swords/scorpion_foil","type":"model"},"predicate":"custom_data","property":"component","type":"condition","value":{"id":"SCORPION_FOIL"}},"on_true":{"model":"hplus:skyblock/weapons/swords/leech_sword","type":"model"},"predicate":"custom_data","property":"component","type":"condition","value":{"id":"LEECH_SWORD"}},"on_true":{"on_false":{"model":"hplus:skyblock/weapons/swords/great_spook_sword","type":"model"},"on_true":{"model":"hplus:skyblock/weapons/swords/great_spook_sword_1st","type":"model"},"predicate":"custom_data","property":"component","type":"condition","value":{"edition":"1"}},"predicate":"custom_data","property":"component","type":"condition","value":{"id":"GREAT_SPOOK_SWORD"}},"on_true":{"on_false":{"model":"hplus:skyblock/weapons/swords/aspect_of_the_jerry_signature","type":"model"},"on_true":{"keybind":"key.use","on_false":{"model":"hplus:skyblock/weapons/swords/aspect_of_the_jerry_signature","type":"model"},"on_true":{"model":"hplus:skyblock/weapons/swords/aspect_of_the_jerry_signature_parley","type":"model"},"property":"keybind_down","type":"condition"},"property":"selected","type":"condition"},"predicate":"custom_data","property":"component","type":"condition","value":{"id":"ASPECT_OF_THE_JERRY_SIGNATURE"}},"on_true":{"on_false":{"model":"hplus:skyblock/weapons/swords/aspect_of_the_jerry","type":"model"},"on_true":{"keybind":"key.use","on_false":{"model":"hplus:skyblock/weapons/swords/aspect_of_the_jerry","type":"model"},"on_true":{"model":"hplus:skyblock/weapons/swords/aspect_of_the_jerry_signature","type":"model"},"property":"keybind_down","type":"condition"},"property":"selected","type":"condition"},"predicate":"custom_data","property":"component","type":"condition","value":{"id":"ASPECT_OF_THE_JERRY"}}}