{"HPLUS":"TOOLS FARMING","model":{"HPLUS":"TOOLS FARMING THEORETICAL_HOE","on_false":{"on_false":{"model":"item/wooden_hoe","type":"model"},"on_true":{"model":"hplus:skyblock/tools/farming/theoretical_hoe/theoretical_hoe","type":"model"},"predicate":"custom_data","property":"component","type":"condition","value":{"id":"THEORETICAL_HOE"}},"on_true":{"cases":[{"model":{"model":"hplus:skyblock/tools/farming/sam_scythe","type":"model"},"when":"gui"}],"fallback":{"model":"hplus:skyblock/tools/farming/sam_scythe_hand","type":"model"},"property":"display_context","type":"select"},"predicate":"custom_data","property":"component","type":"condition","value":{"id":"SAM_SCYTHE"}}}