{"HPLUS":"WEAPONS SWORDS","model":{"on_false":{"on_false":{"on_false":{"on_false":{"on_false":{"HPLUS":"TOOLS FORAGING","on_false":{"HPLUS":"ITEMS_MINING CRYSTAL_HOLLOWS","on_false":{"on_false":{"model":"item/wooden_axe","type":"model"},"on_true":{"model":"hplus:skyblock/items/mining/crystal_hollows/dwarven_emerald_hammer","type":"model"},"predicate":"custom_data","property":"component","type":"condition","value":{"id":"DWARVEN_EMERALD_HAMMER"}},"on_true":{"model":"hplus:skyblock/tools/foraging/jungle_axe","type":"model"},"predicate":"custom_data","property":"component","type":"condition","value":{"id":"JUNGLE_AXE"}},"on_true":{"model":"hplus:skyblock/weapons/swords/sheep_axe","type":"model"},"predicate":"custom_data","property":"component","type":"condition","value":{"id":"SHEEP_AXE"}},"on_true":{"model":"hplus:skyblock/weapons/swords/rabbit_axe","type":"model"},"predicate":"custom_data","property":"component","type":"condition","value":{"id":"RABBIT_AXE"}},"on_true":{"model":"hplus:skyblock/weapons/swords/pig_axe","type":"model"},"predicate":"custom_data","property":"component","type":"condition","value":{"id":"PIG_AXE"}},"on_true":{"model":"hplus:skyblock/weapons/swords/mushroom_cow_axe","type":"model"},"predicate":"custom_data","property":"component","type":"condition","value":{"id":"MUSHROOM_COW_AXE"}},"on_true":{"model":"hplus:skyblock/weapons/swords/cow_axe","type":"model"},"predicate":"custom_data","property":"component","type":"condition","value":{"id":"COW_AXE"}},"on_true":{"model":"hplus:skyblock/weapons/swords/chicken_axe","type":"model"},"predicate":"custom_data","property":"component","type":"condition","value":{"id":"CHICKEN_AXE"}}}