{"model":{"HPLUS":"ITEMS MODIFIERS","cases":[{"model":{"model":"hplus:ui/icons/guidebooks/bestiary","type":"model"},"when":[{"extra":[{"color":"dark_aqua","text":"Bestiary"}],"italic":false,"text":""}]},{"model":{"model":"hplus:ui/icons/guidebooks/rift_guide","type":"model"},"when":[{"extra":[{"color":"green","text":"Rift Guide"}],"italic":false,"text":""}]},{"model":{"model":"hplus:skyblock/items/special/wiki_journal","type":"model"},"when":[{"extra":[{"color":"gold","text":"The SkyBlock Wiki"}],"italic":false,"text":""}]}],"component":"custom_name","fallback":{"on_false":{"on_false":{"on_false":{"on_false":{"on_false":{"on_false":{"on_false":{"on_false":{"on_false":{"on_false":{"on_false":{"on_false":{"model":"item/writable_book","type":"model"},"on_true":{"model":"hplus:skyblock/items/modifiers/ultimate_wither_scroll","type":"model"},"predicate":"custom_data","property":"component","type":"condition","value":{"id":"ULTIMATE_WITHER_SCROLL"}},"on_true":{"model":"hplus:skyblock/items/modifiers/wither_shield_scroll","type":"model"},"predicate":"custom_data","property":"component","type":"condition","value":{"id":"WITHER_SHIELD_SCROLL"}},"on_true":{"model":"hplus:skyblock/items/modifiers/shadow_warp_scroll","type":"model"},"predicate":"custom_data","property":"component","type":"condition","value":{"id":"SHADOW_WARP_SCROLL"}},"on_true":{"model":"hplus:skyblock/items/modifiers/implosion_scroll","type":"model"},"predicate":"custom_data","property":"component","type":"condition","value":{"id":"IMPLOSION_SCROLL"}},"on_true":{"model":"hplus:skyblock/items/modifiers/topaz_power_scroll","type":"model"},"predicate":"custom_data","property":"component","type":"condition","value":{"id":"TOPAZ_POWER_SCROLL"}},"on_true":{"model":"hplus:skyblock/items/modifiers/sapphire_power_scroll","type":"model"},"predicate":"custom_data","property":"component","type":"condition","value":{"id":"SAPPHIRE_POWER_SCROLL"}},"on_true":{"model":"hplus:skyblock/items/modifiers/ruby_power_scroll","type":"model"},"predicate":"custom_data","property":"component","type":"condition","value":{"id":"RUBY_POWER_SCROLL"}},"on_true":{"model":"hplus:skyblock/items/modifiers/opal_power_scroll","type":"model"},"predicate":"custom_data","property":"component","type":"condition","value":{"id":"OPAL_POWER_SCROLL"}},"on_true":{"model":"hplus:skyblock/items/modifiers/jasper_power_scroll","type":"model"},"predicate":"custom_data","property":"component","type":"condition","value":{"id":"JASPER_POWER_SCROLL"}},"on_true":{"model":"hplus:skyblock/items/modifiers/jade_power_scroll","type":"model"},"predicate":"custom_data","property":"component","type":"condition","value":{"id":"JADE_POWER_SCROLL"}},"on_true":{"model":"hplus:skyblock/items/modifiers/amethyst_power_scroll","type":"model"},"predicate":"custom_data","property":"component","type":"condition","value":{"id":"AMETHYST_POWER_SCROLL"}},"on_true":{"model":"hplus:skyblock/items/modifiers/amber_power_scroll","type":"model"},"predicate":"custom_data","property":"component","type":"condition","value":{"id":"AMBER_POWER_SCROLL"}},"property":"component","type":"select"}}