{"model":{"cases":[{"model":{"model":"hplus:ui/buttons/timer_3","type":"model"},"when":[{"extra":[{"color":"yellow","text":"Deal timer! "},{"color":"gray","text":"("},{"color":"yellow","text":"3"},{"color":"gray","text":")"}],"italic":false,"text":""}]},{"model":{"model":"hplus:ui/buttons/timer_2","type":"model"},"when":[{"extra":[{"color":"yellow","text":"Deal timer! "},{"color":"gray","text":"("},{"color":"yellow","text":"2"},{"color":"gray","text":")"}],"italic":false,"text":""}]},{"model":{"model":"hplus:ui/buttons/timer_1","type":"model"},"when":[{"extra":[{"color":"yellow","text":"Deal timer! "},{"color":"gray","text":"("},{"color":"yellow","text":"1"},{"color":"gray","text":")"}],"italic":false,"text":""}]}],"component":"custom_name","fallback":{"model":"block/yellow_terracotta","type":"model"},"property":"component","type":"select"}}