{"model":{"cases":[{"model":{"model":"hplus:ui/glass/menu_glass_yellow","type":"model"},"when":[{"extra":[" "],"italic":false,"text":""}]},{"model":{"model":"hplus:ui/icons/chisel/chisel_dirt_finish","type":"model"},"when":[{"extra":[{"color":"gold","text":"Dirt"}],"italic":false,"text":""}]},{"model":{"model":"hplus:ui/icons/misc_skyblock_ui/minion_upgrade_slot","type":"model"},"when":[{"extra":[{"color":"green","text":"Upgrade Slot"}],"italic":false,"text":""}]}],"component":"custom_name","fallback":{"model":"item/yellow_stained_glass_pane","type":"model"},"property":"component","type":"select"}}