{"model":{"HPLUS":"ITEMS PET_ITEMS","cases":[{"model":{"model":"hplus:skyblock/items/pet_items/pet_item_exp_share","type":"model"},"when":[{"extra":[{"color":"gold","text":"Exp Sharing"}],"italic":false,"text":""}]}],"component":"custom_name","fallback":{"HPLUS":"ITEMS SPECIAL CAKE_SOUL","on_false":{"on_false":{"model":"item/yellow_dye","type":"model"},"on_true":{"model":"hplus:skyblock/items/special/cake_soul/cake_soul_yellow","type":"model"},"predicate":"custom_data","property":"component","type":"condition","value":{"id":"CAKE_SOUL"}},"on_true":{"model":"hplus:skyblock/items/pet_items/pet_item_exp_share_drop","type":"model"},"predicate":"custom_data","property":"component","type":"condition","value":{"id":"PET_ITEM_EXP_SHARE_DROP"}},"property":"component","type":"select"}}