{"item_ids":["ANGLER_HELMET","ANGLER_CHESTPLATE","ANGLER_LEGGINGS","ANGLER_BOOTS"],"layers":[{"identifier":"hplus:angler_dyed","tint":true},{"identifier":"hplus:angler_overlay"}],"overrides":[{"layers":[{"identifier":"hplus:angler"}],"predicate":{"firmament:component":{"component":"minecraft:equippable","match":{"string":"minecraft:diamond"},"path":"asset_id"}}},{"layers":[{"identifier":"hplus:angler"}],"predicate":{"firmament:component":{"component":"minecraft:dyed_color","match":{"int":720975},"path":[]}}}]}