{"item_ids":["ARMOR_OF_THE_RESISTANCE_CHESTPLATE","ARMOR_OF_THE_RESISTANCE_LEGGINGS","ARMOR_OF_THE_RESISTANCE_BOOTS"],"layers":[{"identifier":"hplus:armor_of_the_resistance_dyed","tint":true},{"identifier":"hplus:armor_of_the_resistance_overlay"}],"overrides":[{"layers":[{"identifier":"hplus:armor_of_the_resistance"}],"predicate":{"firmament:component":{"component":"minecraft:equippable","match":{"string":"minecraft:gold"},"path":"asset_id"}}},{"layers":[{"identifier":"hplus:armor_of_the_resistance"}],"predicate":{"firmament:component":{"component":"minecraft:dyed_color","match":{"int":14597141},"path":[]}}},{"layers":[{"identifier":"hplus:armor_of_the_resistance"}],"predicate":{"firmament:component":{"component":"minecraft:dyed_color","match":{"int":10454537},"path":[]}}}]}