{"item_ids":["AURORA_CHESTPLATE","AURORA_LEGGINGS","AURORA_BOOTS"],"layers":[{"identifier":"hplus:aurora_dyed","tint":true},{"identifier":"hplus:aurora_overlay"}],"overrides":[{"layers":[{"identifier":"hplus:aurora"}],"predicate":{"firmament:component":{"component":"minecraft:dyed_color","match":{"int":2638321},"path":[]}}},{"layers":[{"identifier":"hplus:aurora"}],"predicate":{"firmament:component":{"component":"minecraft:dyed_color","match":{"int":4151035},"path":[]}}},{"layers":[{"identifier":"hplus:aurora"}],"predicate":{"firmament:component":{"component":"minecraft:dyed_color","match":{"int":6391036},"path":[]}}}]}