{"item_ids":["BERSERKER_CHESTPLATE","BERSERKER_LEGGINGS","BERSERKER_BOOTS"],"layers":[{"identifier":"hplus:berserker_dyed","tint":true},{"identifier":"hplus:berserker_overlay"}],"overrides":[{"layers":[{"identifier":"hplus:berserker"}],"predicate":{"firmament:component":{"component":"minecraft:dyed_color","match":{"int":16753467},"path":[]}}},{"layers":[{"identifier":"hplus:berserker"}],"predicate":{"firmament:component":{"component":"minecraft:dyed_color","match":{"int":16758567},"path":[]}}},{"layers":[{"identifier":"hplus:berserker"}],"predicate":{"firmament:component":{"component":"minecraft:dyed_color","match":{"int":16765991},"path":[]}}}]}