{"item_ids":["BURNING_CRIMSON_CHESTPLATE","BURNING_CRIMSON_LEGGINGS","BURNING_CRIMSON_BOOTS"],"layers":[{"identifier":"hplus:burning_crimson_dyed","tint":true},{"identifier":"hplus:burning_crimson_overlay"}],"overrides":[{"layers":[{"identifier":"hplus:burning_crimson"}],"predicate":{"firmament:component":{"component":"minecraft:dyed_color","match":{"int":16740108},"path":[]}}},{"layers":[{"identifier":"hplus:burning_crimson"}],"predicate":{"firmament:component":{"component":"minecraft:dyed_color","match":{"int":15098117},"path":[]}}},{"layers":[{"identifier":"hplus:burning_crimson"}],"predicate":{"firmament:component":{"component":"minecraft:dyed_color","match":{"int":15094528},"path":[]}}}]}