{"item_ids":["BURNING_AURORA_CHESTPLATE","BURNING_AURORA_LEGGINGS","BURNING_AURORA_BOOTS"],"layers":[{"identifier":"hplus:burning_aurora_dyed","tint":true},{"identifier":"hplus:burning_aurora_overlay"}],"overrides":[{"layers":[{"identifier":"hplus:burning_aurora"}],"predicate":{"firmament:component":{"component":"minecraft:dyed_color","match":{"int":2638321},"path":[]}}},{"layers":[{"identifier":"hplus:burning_aurora"}],"predicate":{"firmament:component":{"component":"minecraft:dyed_color","match":{"int":4151035},"path":[]}}},{"layers":[{"identifier":"hplus:burning_aurora"}],"predicate":{"firmament:component":{"component":"minecraft:dyed_color","match":{"int":6391036},"path":[]}}}]}