{"item_ids":["BURNING_FERVOR_CHESTPLATE","BURNING_FERVOR_LEGGINGS","BURNING_FERVOR_BOOTS"],"layers":[{"identifier":"hplus:burning_fervor_dyed","tint":true},{"identifier":"hplus:burning_fervor_overlay"}],"overrides":[{"layers":[{"identifier":"hplus:burning_fervor"}],"predicate":{"firmament:component":{"component":"minecraft:dyed_color","match":{"int":15746857},"path":[]}}},{"layers":[{"identifier":"hplus:burning_fervor"}],"predicate":{"firmament:component":{"component":"minecraft:dyed_color","match":{"int":1556361},"path":[]}}},{"layers":[{"identifier":"hplus:burning_fervor"}],"predicate":{"firmament:component":{"component":"minecraft:dyed_color","match":{"int":501364},"path":[]}}}]}