{"item_ids":["BURNING_HOLLOW_CHESTPLATE","BURNING_HOLLOW_LEGGINGS","BURNING_HOLLOW_BOOTS"],"layers":[{"identifier":"hplus:burning_hollow_dyed","tint":true},{"identifier":"hplus:burning_hollow_overlay"}],"overrides":[{"layers":[{"identifier":"hplus:burning_hollow"}],"predicate":{"firmament:component":{"component":"minecraft:dyed_color","match":{"int":16763661},"path":[]}}},{"layers":[{"identifier":"hplus:burning_hollow"}],"predicate":{"firmament:component":{"component":"minecraft:dyed_color","match":{"int":16774819},"path":[]}}},{"layers":[{"identifier":"hplus:burning_hollow"}],"predicate":{"firmament:component":{"component":"minecraft:dyed_color","match":{"int":14942202},"path":[]}}}]}