{"item_ids":["BURNING_TERROR_CHESTPLATE","BURNING_TERROR_LEGGINGS","BURNING_TERROR_BOOTS"],"layers":[{"identifier":"hplus:burning_terror_dyed","tint":true},{"identifier":"hplus:burning_terror_overlay"}],"overrides":[{"layers":[{"identifier":"hplus:burning_terror"}],"predicate":{"firmament:component":{"component":"minecraft:dyed_color","match":{"int":4064687},"path":[]}}},{"layers":[{"identifier":"hplus:burning_terror"}],"predicate":{"firmament:component":{"component":"minecraft:dyed_color","match":{"int":6104017},"path":[]}}},{"layers":[{"identifier":"hplus:burning_terror"}],"predicate":{"firmament:component":{"component":"minecraft:dyed_color","match":{"int":8144108},"path":[]}}}]}