{"item_ids":["CHEAP_TUXEDO_CHESTPLATE","CHEAP_TUXEDO_LEGGINGS","CHEAP_TUXEDO_BOOTS"],"layers":[{"identifier":"hplus:cheap_tuxedo_dyed","tint":true},{"identifier":"hplus:cheap_tuxedo_overlay"}],"overrides":[{"layers":[{"identifier":"hplus:cheap_tuxedo"}],"predicate":{"firmament:component":{"component":"minecraft:dyed_color","match":{"int":3684408},"path":[]}}},{"layers":[{"identifier":"hplus:cheap_tuxedo"}],"predicate":{"firmament:component":{"component":"minecraft:dyed_color","match":{"int":13092807},"path":[]}}}]}