{"item_ids":["CRIMSON_CHESTPLATE","CRIMSON_LEGGINGS","CRIMSON_BOOTS"],"layers":[{"identifier":"hplus:crimson_dyed","tint":true},{"identifier":"hplus:crimson_overlay"}],"overrides":[{"layers":[{"identifier":"hplus:crimson"}],"predicate":{"firmament:component":{"component":"minecraft:dyed_color","match":{"int":16740108},"path":[]}}},{"layers":[{"identifier":"hplus:crimson"}],"predicate":{"firmament:component":{"component":"minecraft:dyed_color","match":{"int":15098117},"path":[]}}},{"layers":[{"identifier":"hplus:crimson"}],"predicate":{"firmament:component":{"component":"minecraft:dyed_color","match":{"int":15094528},"path":[]}}}]}