{"item_ids":["CROPIE_CHESTPLATE","CROPIE_LEGGINGS","CROPIE_BOOTS"],"layers":[{"identifier":"hplus:cropie_dyed","tint":true},{"identifier":"hplus:cropie_overlay"}],"overrides":[{"layers":[{"identifier":"hplus:cropie"}],"predicate":{"firmament:component":{"component":"minecraft:dyed_color","match":{"int":8005888},"path":[]}}},{"layers":[{"identifier":"hplus:cropie"}],"predicate":{"firmament:component":{"component":"minecraft:dyed_color","match":{"int":9717023},"path":[]}}},{"layers":[{"identifier":"hplus:cropie"}],"predicate":{"firmament:component":{"component":"minecraft:dyed_color","match":{"int":12281141},"path":[]}}}]}