{"item_ids":["ELEGANT_TUXEDO_CHESTPLATE","ELEGANT_TUXEDO_LEGGINGS","ELEGANT_TUXEDO_BOOTS"],"layers":[{"identifier":"hplus:elegant_tuxedo_dyed","tint":true},{"identifier":"hplus:elegant_tuxedo_overlay"}],"overrides":[{"layers":[{"identifier":"hplus:elegant_tuxedo"}],"predicate":{"firmament:component":{"component":"minecraft:dyed_color","match":{"int":1644825},"path":[]}}},{"layers":[{"identifier":"hplus:elegant_tuxedo"}],"predicate":{"firmament:component":{"component":"minecraft:dyed_color","match":{"int":16711164},"path":[]}}}]}