{"item_ids":["FANCY_TUXEDO_CHESTPLATE","FANCY_TUXEDO_LEGGINGS","FANCY_TUXEDO_BOOTS"],"layers":[{"identifier":"hplus:fancy_tuxedo_dyed","tint":true},{"identifier":"hplus:fancy_tuxedo_overlay"}],"overrides":[{"layers":[{"identifier":"hplus:fancy_tuxedo"}],"predicate":{"firmament:component":{"component":"minecraft:dyed_color","match":{"int":3353130},"path":[]}}},{"layers":[{"identifier":"hplus:fancy_tuxedo"}],"predicate":{"firmament:component":{"component":"minecraft:dyed_color","match":{"int":13948116},"path":[]}}}]}