{"item_ids":["FERMENTO_CHESTPLATE","FERMENTO_LEGGINGS","FERMENTO_BOOTS"],"layers":[{"identifier":"hplus:fermento_dyed","tint":true},{"identifier":"hplus:fermento_overlay"}],"overrides":[{"layers":[{"identifier":"hplus:fermento"}],"predicate":{"firmament:component":{"component":"minecraft:dyed_color","match":{"int":5802252},"path":[]}}},{"layers":[{"identifier":"hplus:fermento"}],"predicate":{"firmament:component":{"component":"minecraft:dyed_color","match":{"int":6986779},"path":[]}}},{"layers":[{"identifier":"hplus:fermento"}],"predicate":{"firmament:component":{"component":"minecraft:dyed_color","match":{"int":8630331},"path":[]}}}]}