{"item_ids":["FERVOR_CHESTPLATE","FERVOR_LEGGINGS","FERVOR_BOOTS"],"layers":[{"identifier":"hplus:fervor_dyed","tint":true},{"identifier":"hplus:fervor_overlay"}],"overrides":[{"layers":[{"identifier":"hplus:fervor"}],"predicate":{"firmament:component":{"component":"minecraft:dyed_color","match":{"int":15746857},"path":[]}}},{"layers":[{"identifier":"hplus:fervor"}],"predicate":{"firmament:component":{"component":"minecraft:dyed_color","match":{"int":1556361},"path":[]}}},{"layers":[{"identifier":"hplus:fervor"}],"predicate":{"firmament:component":{"component":"minecraft:dyed_color","match":{"int":501364},"path":[]}}}]}