{"item_ids":["FIERY_HOLLOW_CHESTPLATE","FIERY_HOLLOW_LEGGINGS","FIERY_HOLLOW_BOOTS"],"layers":[{"identifier":"hplus:fiery_hollow_dyed","tint":true},{"identifier":"hplus:fiery_hollow_overlay"}],"overrides":[{"layers":[{"identifier":"hplus:fiery_hollow"}],"predicate":{"firmament:component":{"component":"minecraft:dyed_color","match":{"int":16763661},"path":[]}}},{"layers":[{"identifier":"hplus:fiery_hollow"}],"predicate":{"firmament:component":{"component":"minecraft:dyed_color","match":{"int":16774819},"path":[]}}},{"layers":[{"identifier":"hplus:fiery_hollow"}],"predicate":{"firmament:component":{"component":"minecraft:dyed_color","match":{"int":14942202},"path":[]}}}]}