{"item_ids":["FIERY_TERROR_CHESTPLATE","FIERY_TERROR_LEGGINGS","FIERY_TERROR_BOOTS"],"layers":[{"identifier":"hplus:fiery_terror_dyed","tint":true},{"identifier":"hplus:fiery_terror_overlay"}],"overrides":[{"layers":[{"identifier":"hplus:fiery_terror"}],"predicate":{"firmament:component":{"component":"minecraft:dyed_color","match":{"int":4064687},"path":[]}}},{"layers":[{"identifier":"hplus:fiery_terror"}],"predicate":{"firmament:component":{"component":"minecraft:dyed_color","match":{"int":6104017},"path":[]}}},{"layers":[{"identifier":"hplus:fiery_terror"}],"predicate":{"firmament:component":{"component":"minecraft:dyed_color","match":{"int":8144108},"path":[]}}}]}