{"item_ids":["FIERY_CRIMSON_CHESTPLATE","FIERY_CRIMSON_LEGGINGS","FIERY_CRIMSON_BOOTS"],"layers":[{"identifier":"hplus:fiery_crimson_dyed","tint":true},{"identifier":"hplus:fiery_crimson_overlay"}],"overrides":[{"layers":[{"identifier":"hplus:fiery_crimson"}],"predicate":{"firmament:component":{"component":"minecraft:dyed_color","match":{"int":16740108},"path":[]}}},{"layers":[{"identifier":"hplus:fiery_crimson"}],"predicate":{"firmament:component":{"component":"minecraft:dyed_color","match":{"int":15098117},"path":[]}}},{"layers":[{"identifier":"hplus:fiery_crimson"}],"predicate":{"firmament:component":{"component":"minecraft:dyed_color","match":{"int":15094528},"path":[]}}}]}