{"item_ids":["FIERY_FERVOR_CHESTPLATE","FIERY_FERVOR_LEGGINGS","FIERY_FERVOR_BOOTS"],"layers":[{"identifier":"hplus:fiery_fervor_dyed","tint":true},{"identifier":"hplus:fiery_fervor_overlay"}],"overrides":[{"layers":[{"identifier":"hplus:fiery_fervor"}],"predicate":{"firmament:component":{"component":"minecraft:dyed_color","match":{"int":15746857},"path":[]}}},{"layers":[{"identifier":"hplus:fiery_fervor"}],"predicate":{"firmament:component":{"component":"minecraft:dyed_color","match":{"int":1556361},"path":[]}}},{"layers":[{"identifier":"hplus:fiery_fervor"}],"predicate":{"firmament:component":{"component":"minecraft:dyed_color","match":{"int":501364},"path":[]}}}]}