{"item_ids":["FIERY_AURORA_CHESTPLATE","FIERY_AURORA_LEGGINGS","FIERY_AURORA_BOOTS"],"layers":[{"identifier":"hplus:fiery_aurora_dyed","tint":true},{"identifier":"hplus:fiery_aurora_overlay"}],"overrides":[{"layers":[{"identifier":"hplus:fiery_aurora"}],"predicate":{"firmament:component":{"component":"minecraft:dyed_color","match":{"int":2638321},"path":[]}}},{"layers":[{"identifier":"hplus:fiery_aurora"}],"predicate":{"firmament:component":{"component":"minecraft:dyed_color","match":{"int":4151035},"path":[]}}},{"layers":[{"identifier":"hplus:fiery_aurora"}],"predicate":{"firmament:component":{"component":"minecraft:dyed_color","match":{"int":6391036},"path":[]}}}]}