{"item_ids":["FINAL_DESTINATION_CHESTPLATE","FINAL_DESTINATION_LEGGINGS","FINAL_DESTINATION_BOOTS"],"layers":[{"identifier":"hplus:final_destination_dyed","tint":true},{"identifier":"hplus:final_destination_overlay"}],"overrides":[{"layers":[{"identifier":"hplus:final_destination"}],"predicate":{"firmament:component":{"component":"minecraft:dyed_color","match":{"int":655377},"path":[]}}},{"layers":[{"identifier":"hplus:final_destination"}],"predicate":{"firmament:component":{"component":"minecraft:dyed_color","match":{"int":16741887},"path":[]}}}]}