{"item_ids":["HOLLOW_CHESTPLATE","HOLLOW_LEGGINGS","HOLLOW_BOOTS"],"layers":[{"identifier":"hplus:hollow_dyed","tint":true},{"identifier":"hplus:hollow_overlay"}],"overrides":[{"layers":[{"identifier":"hplus:hollow"}],"predicate":{"firmament:component":{"component":"minecraft:dyed_color","match":{"int":16763661},"path":[]}}},{"layers":[{"identifier":"hplus:hollow"}],"predicate":{"firmament:component":{"component":"minecraft:dyed_color","match":{"int":16774819},"path":[]}}},{"layers":[{"identifier":"hplus:hollow"}],"predicate":{"firmament:component":{"component":"minecraft:dyed_color","match":{"int":14942202},"path":[]}}}]}