{"item_ids":["HOT_AURORA_CHESTPLATE","HOT_AURORA_LEGGINGS","HOT_AURORA_BOOTS"],"layers":[{"identifier":"hplus:hot_aurora_dyed","tint":true},{"identifier":"hplus:hot_aurora_overlay"}],"overrides":[{"layers":[{"identifier":"hplus:hot_aurora"}],"predicate":{"firmament:component":{"component":"minecraft:dyed_color","match":{"int":2638321},"path":[]}}},{"layers":[{"identifier":"hplus:hot_aurora"}],"predicate":{"firmament:component":{"component":"minecraft:dyed_color","match":{"int":4151035},"path":[]}}},{"layers":[{"identifier":"hplus:hot_aurora"}],"predicate":{"firmament:component":{"component":"minecraft:dyed_color","match":{"int":6391036},"path":[]}}}]}