{"item_ids":["HOT_CRIMSON_CHESTPLATE","HOT_CRIMSON_LEGGINGS","HOT_CRIMSON_BOOTS"],"layers":[{"identifier":"hplus:hot_crimson_dyed","tint":true},{"identifier":"hplus:hot_crimson_overlay"}],"overrides":[{"layers":[{"identifier":"hplus:hot_crimson"}],"predicate":{"firmament:component":{"component":"minecraft:dyed_color","match":{"int":16740108},"path":[]}}},{"layers":[{"identifier":"hplus:hot_crimson"}],"predicate":{"firmament:component":{"component":"minecraft:dyed_color","match":{"int":15098117},"path":[]}}},{"layers":[{"identifier":"hplus:hot_crimson"}],"predicate":{"firmament:component":{"component":"minecraft:dyed_color","match":{"int":15094528},"path":[]}}}]}