{"item_ids":["HOT_TERROR_CHESTPLATE","HOT_TERROR_LEGGINGS","HOT_TERROR_BOOTS"],"layers":[{"identifier":"hplus:hot_terror_dyed","tint":true},{"identifier":"hplus:hot_terror_overlay"}],"overrides":[{"layers":[{"identifier":"hplus:hot_terror"}],"predicate":{"firmament:component":{"component":"minecraft:dyed_color","match":{"int":4064687},"path":[]}}},{"layers":[{"identifier":"hplus:hot_terror"}],"predicate":{"firmament:component":{"component":"minecraft:dyed_color","match":{"int":6104017},"path":[]}}},{"layers":[{"identifier":"hplus:hot_terror"}],"predicate":{"firmament:component":{"component":"minecraft:dyed_color","match":{"int":8144108},"path":[]}}}]}