{"item_ids":["HOT_FERVOR_CHESTPLATE","HOT_FERVOR_LEGGINGS","HOT_FERVOR_BOOTS"],"layers":[{"identifier":"hplus:hot_fervor_dyed","tint":true},{"identifier":"hplus:hot_fervor_overlay"}],"overrides":[{"layers":[{"identifier":"hplus:hot_fervor"}],"predicate":{"firmament:component":{"component":"minecraft:dyed_color","match":{"int":15746857},"path":[]}}},{"layers":[{"identifier":"hplus:hot_fervor"}],"predicate":{"firmament:component":{"component":"minecraft:dyed_color","match":{"int":1556361},"path":[]}}},{"layers":[{"identifier":"hplus:hot_fervor"}],"predicate":{"firmament:component":{"component":"minecraft:dyed_color","match":{"int":501364},"path":[]}}}]}