{"item_ids":["HOT_HOLLOW_CHESTPLATE","HOT_HOLLOW_LEGGINGS","HOT_HOLLOW_BOOTS"],"layers":[{"identifier":"hplus:hot_hollow_dyed","tint":true},{"identifier":"hplus:hot_hollow_overlay"}],"overrides":[{"layers":[{"identifier":"hplus:hot_hollow"}],"predicate":{"firmament:component":{"component":"minecraft:dyed_color","match":{"int":16763661},"path":[]}}},{"layers":[{"identifier":"hplus:hot_hollow"}],"predicate":{"firmament:component":{"component":"minecraft:dyed_color","match":{"int":16774819},"path":[]}}},{"layers":[{"identifier":"hplus:hot_hollow"}],"predicate":{"firmament:component":{"component":"minecraft:dyed_color","match":{"int":14942202},"path":[]}}}]}