{"item_ids":["INFERNAL_FERVOR_CHESTPLATE","INFERNAL_FERVOR_LEGGINGS","INFERNAL_FERVOR_BOOTS"],"layers":[{"identifier":"hplus:infernal_fervor_dyed","tint":true},{"identifier":"hplus:infernal_fervor_overlay"}],"overrides":[{"layers":[{"identifier":"hplus:infernal_fervor"}],"predicate":{"firmament:component":{"component":"minecraft:dyed_color","match":{"int":15746857},"path":[]}}},{"layers":[{"identifier":"hplus:infernal_fervor"}],"predicate":{"firmament:component":{"component":"minecraft:dyed_color","match":{"int":1556361},"path":[]}}},{"layers":[{"identifier":"hplus:infernal_fervor"}],"predicate":{"firmament:component":{"component":"minecraft:dyed_color","match":{"int":501364},"path":[]}}}]}