{"item_ids":["INFERNAL_TERROR_CHESTPLATE","INFERNAL_TERROR_LEGGINGS","INFERNAL_TERROR_BOOTS"],"layers":[{"identifier":"hplus:infernal_terror_dyed","tint":true},{"identifier":"hplus:infernal_terror_overlay"}],"overrides":[{"layers":[{"identifier":"hplus:infernal_terror"}],"predicate":{"firmament:component":{"component":"minecraft:dyed_color","match":{"int":4064687},"path":[]}}},{"layers":[{"identifier":"hplus:infernal_terror"}],"predicate":{"firmament:component":{"component":"minecraft:dyed_color","match":{"int":6104017},"path":[]}}},{"layers":[{"identifier":"hplus:infernal_terror"}],"predicate":{"firmament:component":{"component":"minecraft:dyed_color","match":{"int":8144108},"path":[]}}}]}