{"item_ids":["INFERNAL_AURORA_CHESTPLATE","INFERNAL_AURORA_LEGGINGS","INFERNAL_AURORA_BOOTS"],"layers":[{"identifier":"hplus:infernal_aurora_dyed","tint":true},{"identifier":"hplus:infernal_aurora_overlay"}],"overrides":[{"layers":[{"identifier":"hplus:infernal_aurora"}],"predicate":{"firmament:component":{"component":"minecraft:dyed_color","match":{"int":2638321},"path":[]}}},{"layers":[{"identifier":"hplus:infernal_aurora"}],"predicate":{"firmament:component":{"component":"minecraft:dyed_color","match":{"int":4151035},"path":[]}}},{"layers":[{"identifier":"hplus:infernal_aurora"}],"predicate":{"firmament:component":{"component":"minecraft:dyed_color","match":{"int":6391036},"path":[]}}}]}