{"item_ids":["INFERNAL_CRIMSON_CHESTPLATE","INFERNAL_CRIMSON_LEGGINGS","INFERNAL_CRIMSON_BOOTS"],"layers":[{"identifier":"hplus:infernal_crimson_dyed","tint":true},{"identifier":"hplus:infernal_crimson_overlay"}],"overrides":[{"layers":[{"identifier":"hplus:infernal_crimson"}],"predicate":{"firmament:component":{"component":"minecraft:dyed_color","match":{"int":16740108},"path":[]}}},{"layers":[{"identifier":"hplus:infernal_crimson"}],"predicate":{"firmament:component":{"component":"minecraft:dyed_color","match":{"int":15098117},"path":[]}}},{"layers":[{"identifier":"hplus:infernal_crimson"}],"predicate":{"firmament:component":{"component":"minecraft:dyed_color","match":{"int":15094528},"path":[]}}}]}