{"item_ids":["INFERNAL_HOLLOW_CHESTPLATE","INFERNAL_HOLLOW_LEGGINGS","INFERNAL_HOLLOW_BOOTS"],"layers":[{"identifier":"hplus:infernal_hollow_dyed","tint":true},{"identifier":"hplus:infernal_hollow_overlay"}],"overrides":[{"layers":[{"identifier":"hplus:infernal_hollow"}],"predicate":{"firmament:component":{"component":"minecraft:dyed_color","match":{"int":16763661},"path":[]}}},{"layers":[{"identifier":"hplus:infernal_hollow"}],"predicate":{"firmament:component":{"component":"minecraft:dyed_color","match":{"int":16774819},"path":[]}}},{"layers":[{"identifier":"hplus:infernal_hollow"}],"predicate":{"firmament:component":{"component":"minecraft:dyed_color","match":{"int":14942202},"path":[]}}}]}