{"item_ids":["FLAMING_CHESTPLATE","MOOGMA_LEGGINGS","SLUG_BOOTS"],"layers":[{"identifier":"hplus:lava_sea_creature_dyed","tint":true},{"identifier":"hplus:lava_sea_creature_overlay"}],"overrides":[{"layers":[{"identifier":"hplus:lava_sea_creature"}],"predicate":{"firmament:component":{"component":"minecraft:dyed_color","match":{"int":15558162},"path":[]}}},{"layers":[{"identifier":"hplus:lava_sea_creature"}],"predicate":{"firmament:component":{"component":"minecraft:dyed_color","match":{"int":13511724},"path":[]}}},{"layers":[{"identifier":"hplus:lava_sea_creature"}],"predicate":{"firmament:component":{"component":"minecraft:dyed_color","match":{"int":2580756},"path":[]}}}]}