{"item_ids":["MASTIFF_CHESTPLATE","MASTIFF_LEGGINGS","MASTIFF_BOOTS"],"layers":[{"identifier":"hplus:mastiff_dyed","tint":true},{"identifier":"hplus:mastiff_overlay"}],"overrides":[{"layers":[{"identifier":"hplus:mastiff"}],"predicate":{"firmament:component":{"component":"minecraft:equippable","match":{"string":"minecraft:gold"},"path":"asset_id"}}},{"layers":[{"identifier":"hplus:mastiff"}],"predicate":{"firmament:component":{"component":"minecraft:equippable","match":{"string":"minecraft:diamond"},"path":"asset_id"}}}]}