{"item_ids":["MERCENARY_HELMET","MERCENARY_CHESTPLATE","MERCENARY_LEGGINGS","MERCENARY_BOOTS"],"layers":[{"identifier":"hplus:mercenary_dyed","tint":true},{"identifier":"hplus:mercenary_overlay"}],"overrides":[{"layers":[{"identifier":"hplus:mercenary"}],"predicate":{"firmament:component":{"component":"minecraft:dyed_color","match":{"int":14744823},"path":[]}}},{"layers":[{"identifier":"hplus:mercenary"}],"predicate":{"firmament:component":{"component":"minecraft:equippable","match":{"string":"minecraft:chainmail"},"path":"asset_id"}}},{"layers":[{"identifier":"hplus:mercenary"}],"predicate":{"firmament:component":{"component":"minecraft:equippable","match":{"string":"minecraft:iron"},"path":"asset_id"}}}]}