{"item_ids":["SKELETON_HELMET","GUARDIAN_CHESTPLATE","CREEPER_LEGGINGS","SPIDER_BOOTS"],"layers":[{"identifier":"hplus:monster_hunter_dyed","tint":true},{"identifier":"hplus:monster_hunter_overlay"}],"overrides":[{"layers":[{"identifier":"hplus:monster_hunter"}],"predicate":{"firmament:component":{"component":"minecraft:equippable","match":{"string":"minecraft:iron"},"path":"asset_id"}}},{"layers":[{"identifier":"hplus:monster_hunter"}],"predicate":{"firmament:component":{"component":"minecraft:dyed_color","match":{"int":1143697},"path":[]}}},{"layers":[{"identifier":"hplus:monster_hunter"}],"predicate":{"firmament:component":{"component":"minecraft:dyed_color","match":{"int":8054828},"path":[]}}}]}