{"item_ids":["NECROMANCER_LORD_CHESTPLATE","NECROMANCER_LORD_LEGGINGS","NECROMANCER_LORD_BOOTS"],"layers":[{"identifier":"hplus:necromancer_lord_dyed","tint":true},{"identifier":"hplus:necromancer_lord_overlay"}],"overrides":[{"layers":[{"identifier":"hplus:necromancer_lord"}],"predicate":{"firmament:component":{"component":"minecraft:dyed_color","match":{"int":0},"path":[]}}},{"layers":[{"identifier":"hplus:necromancer_lord"}],"predicate":{"firmament:component":{"component":"minecraft:dyed_color","match":{"int":3604807},"path":[]}}},{"layers":[{"identifier":"hplus:necromancer_lord"}],"predicate":{"firmament:component":{"component":"minecraft:dyed_color","match":{"int":4195154},"path":[]}}}]}