{"item_ids":["NUTCRACKER_CHESTPLATE","NUTCRACKER_LEGGINGS","NUTCRACKER_BOOTS"],"layers":[{"identifier":"hplus:nutcracker_dyed","tint":true},{"identifier":"hplus:nutcracker_overlay"}],"overrides":[{"layers":[{"identifier":"hplus:nutcracker"}],"predicate":{"firmament:component":{"component":"minecraft:dyed_color","match":{"int":16527164},"path":[]}}},{"layers":[{"identifier":"hplus:nutcracker"}],"predicate":{"firmament:component":{"component":"minecraft:dyed_color","match":{"int":16775659},"path":[]}}},{"layers":[{"identifier":"hplus:nutcracker"}],"predicate":{"firmament:component":{"component":"minecraft:dyed_color","match":{"int":4600890},"path":[]}}}]}