{"item_ids":["HELMET_OF_THE_PACK","CHESTPLATE_OF_THE_PACK","LEGGINGS_OF_THE_PACK","BOOTS_OF_THE_PACK"],"layers":[{"identifier":"hplus:of_the_pack_dyed","tint":true},{"identifier":"hplus:of_the_pack_overlay"}],"overrides":[{"layers":[{"identifier":"hplus:of_the_pack"}],"predicate":{"firmament:component":{"component":"minecraft:dyed_color","match":{"int":16777215},"path":[]}}},{"layers":[{"identifier":"hplus:of_the_pack"}],"predicate":{"firmament:component":{"component":"minecraft:dyed_color","match":{"int":16711680},"path":[]}}},{"layers":[{"identifier":"hplus:of_the_pack"}],"predicate":{"firmament:component":{"component":"minecraft:equippable","match":{"string":"minecraft:iron"},"path":"asset_id"}}}]}