{"item_ids":["POWER_WITHER_CHESTPLATE","POWER_WITHER_LEGGINGS","POWER_WITHER_BOOTS"],"layers":[{"identifier":"hplus:power_wither_dyed","tint":true},{"identifier":"hplus:power_wither_overlay"}],"overrides":[{"layers":[{"identifier":"hplus:shiny_power_wither"}],"predicate":{"firmament:all":[{"firmament:component":{"component":"minecraft:dyed_color","match":{"int":15155516},"path":[]}},{"firmament:extra_attributes":{"match":{"byte":1},"path":"is_shiny"}}]}},{"layers":[{"identifier":"hplus:shiny_power_wither_dyed","tint":true},{"identifier":"hplus:shiny_power_wither_overlay"}],"predicate":{"firmament:extra_attributes":{"match":{"byte":1},"path":"is_shiny"}}},{"layers":[{"identifier":"hplus:power_wither"}],"predicate":{"firmament:component":{"component":"minecraft:dyed_color","match":{"int":15155516},"path":[]}}},{"layers":[{"identifier":"hplus:shiny_power_wither"}],"predicate":{"firmament:all":[{"firmament:component":{"component":"minecraft:dyed_color","match":{"int":15162428},"path":[]}},{"firmament:extra_attributes":{"match":{"byte":1},"path":"is_shiny"}}]}},{"layers":[{"identifier":"hplus:shiny_power_wither_dyed","tint":true},{"identifier":"hplus:shiny_power_wither_overlay"}],"predicate":{"firmament:extra_attributes":{"match":{"byte":1},"path":"is_shiny"}}},{"layers":[{"identifier":"hplus:power_wither"}],"predicate":{"firmament:component":{"component":"minecraft:dyed_color","match":{"int":15162428},"path":[]}}},{"layers":[{"identifier":"hplus:shiny_power_wither"}],"predicate":{"firmament:all":[{"firmament:component":{"component":"minecraft:dyed_color","match":{"int":15167036},"path":[]}},{"firmament:extra_attributes":{"match":{"byte":1},"path":"is_shiny"}}]}},{"layers":[{"identifier":"hplus:shiny_power_wither_dyed","tint":true},{"identifier":"hplus:shiny_power_wither_overlay"}],"predicate":{"firmament:extra_attributes":{"match":{"byte":1},"path":"is_shiny"}}},{"layers":[{"identifier":"hplus:power_wither"}],"predicate":{"firmament:component":{"component":"minecraft:dyed_color","match":{"int":15167036},"path":[]}}}]}