{"item_ids":["PRIMAL_DRAGON_CHESTPLATE","PRIMAL_DRAGON_LEGGINGS","PRIMAL_DRAGON_BOOTS"],"layers":[{"identifier":"hplus:primal_dragon_dyed","tint":true},{"identifier":"hplus:primal_dragon_overlay"}],"overrides":[{"layers":[{"identifier":"hplus:primal_dragon"}],"predicate":{"firmament:component":{"component":"minecraft:dyed_color","match":{"int":1644825},"path":[]}}},{"layers":[{"identifier":"hplus:primal_dragon"}],"predicate":{"firmament:component":{"component":"minecraft:equippable","match":{"string":"minecraft:gold"},"path":"asset_id"}}}]}