{"item_ids":["SALMON_HELMET_NEW","SALMON_CHESTPLATE_NEW","SALMON_LEGGINGS_NEW","SALMON_BOOTS_NEW"],"layers":[{"identifier":"hplus:salmon_dyed","tint":true},{"identifier":"hplus:salmon_overlay"}],"overrides":[{"layers":[{"identifier":"hplus:salmon"}],"predicate":{"firmament:component":{"component":"minecraft:dyed_color","match":{"int":12663823},"path":[]}}},{"layers":[{"identifier":"hplus:salmon"}],"predicate":{"firmament:component":{"component":"minecraft:dyed_color","match":{"int":11021174},"path":[]}}}]}