{"item_ids":["SKELETON_LORD_HELMET","SKELETON_LORD_CHESTPLATE","SKELETON_LORD_LEGGINGS","SKELETON_LORD_BOOTS"],"layers":[{"identifier":"hplus:skeleton_lord_dyed","tint":true},{"identifier":"hplus:skeleton_lord_overlay"}],"overrides":[{"layers":[{"identifier":"hplus:skeleton_lord"}],"predicate":{"firmament:component":{"component":"minecraft:dyed_color","match":{"int":2523397},"path":[]}}},{"layers":[{"identifier":"hplus:skeleton_lord"}],"predicate":{"firmament:component":{"component":"minecraft:equippable","match":{"string":"minecraft:gold"},"path":"asset_id"}}}]}