{"item_ids":["SPEED_WITHER_CHESTPLATE","SPEED_WITHER_LEGGINGS","SPEED_WITHER_BOOTS"],"layers":[{"identifier":"hplus:speed_wither_dyed","tint":true},{"identifier":"hplus:speed_wither_overlay"}],"overrides":[{"layers":[{"identifier":"hplus:shiny_speed_wither"}],"predicate":{"firmament:all":[{"firmament:component":{"component":"minecraft:dyed_color","match":{"int":4854967},"path":[]}},{"firmament:extra_attributes":{"match":{"byte":1},"path":"is_shiny"}}]}},{"layers":[{"identifier":"hplus:shiny_speed_wither_dyed","tint":true},{"identifier":"hplus:shiny_speed_wither_overlay"}],"predicate":{"firmament:extra_attributes":{"match":{"byte":1},"path":"is_shiny"}}},{"layers":[{"identifier":"hplus:speed_wither"}],"predicate":{"firmament:component":{"component":"minecraft:dyed_color","match":{"int":4854967},"path":[]}}},{"layers":[{"identifier":"hplus:shiny_speed_wither"}],"predicate":{"firmament:all":[{"firmament:component":{"component":"minecraft:dyed_color","match":{"int":6107065},"path":[]}},{"firmament:extra_attributes":{"match":{"byte":1},"path":"is_shiny"}}]}},{"layers":[{"identifier":"hplus:shiny_speed_wither_dyed","tint":true},{"identifier":"hplus:shiny_speed_wither_overlay"}],"predicate":{"firmament:extra_attributes":{"match":{"byte":1},"path":"is_shiny"}}},{"layers":[{"identifier":"hplus:speed_wither"}],"predicate":{"firmament:component":{"component":"minecraft:dyed_color","match":{"int":6107065},"path":[]}}},{"layers":[{"identifier":"hplus:shiny_speed_wither"}],"predicate":{"firmament:all":[{"firmament:component":{"component":"minecraft:dyed_color","match":{"int":9005512},"path":[]}},{"firmament:extra_attributes":{"match":{"byte":1},"path":"is_shiny"}}]}},{"layers":[{"identifier":"hplus:shiny_speed_wither_dyed","tint":true},{"identifier":"hplus:shiny_speed_wither_overlay"}],"predicate":{"firmament:extra_attributes":{"match":{"byte":1},"path":"is_shiny"}}},{"layers":[{"identifier":"hplus:speed_wither"}],"predicate":{"firmament:component":{"component":"minecraft:dyed_color","match":{"int":9005512},"path":[]}}}]}