{"item_ids":["SQUASH_CHESTPLATE","SQUASH_LEGGINGS","SQUASH_BOOTS"],"layers":[{"identifier":"hplus:squash_dyed","tint":true},{"identifier":"hplus:squash_overlay"}],"overrides":[{"layers":[{"identifier":"hplus:squash"}],"predicate":{"firmament:component":{"component":"minecraft:dyed_color","match":{"int":213774},"path":[]}}},{"layers":[{"identifier":"hplus:squash"}],"predicate":{"firmament:component":{"component":"minecraft:dyed_color","match":{"int":805398},"path":[]}}},{"layers":[{"identifier":"hplus:squash"}],"predicate":{"firmament:component":{"component":"minecraft:dyed_color","match":{"int":1267230},"path":[]}}}]}