{"item_ids":["SQUIRE_HELMET","SQUIRE_CHESTPLATE","SQUIRE_LEGGINGS","SQUIRE_BOOTS"],"layers":[{"identifier":"hplus:squire_dyed","tint":true},{"identifier":"hplus:squire_overlay"}],"overrides":[{"layers":[{"identifier":"hplus:squire"}],"predicate":{"firmament:component":{"component":"minecraft:dyed_color","match":{"int":5526612},"path":[]}}},{"layers":[{"identifier":"hplus:squire"}],"predicate":{"firmament:component":{"component":"minecraft:equippable","match":{"string":"minecraft:chainmail"},"path":"asset_id"}}},{"layers":[{"identifier":"hplus:squire"}],"predicate":{"firmament:component":{"component":"minecraft:equippable","match":{"string":"minecraft:iron"},"path":"asset_id"}}}]}