{"item_ids":["STARRED_ADAPTIVE_CHESTPLATE","STARRED_ADAPTIVE_LEGGINGS","STARRED_ADAPTIVE_BOOTS"],"layers":[{"identifier":"hplus:starred_adaptive_dyed","tint":true},{"identifier":"hplus:starred_adaptive_overlay"}],"overrides":[{"layers":[{"identifier":"hplus:starred_adaptive"}],"predicate":{"firmament:component":{"component":"minecraft:dyed_color","match":{"int":12565682},"path":[]}}},{"layers":[{"identifier":"hplus:adaptive_archer"}],"predicate":{"firmament:component":{"component":"minecraft:dyed_color","match":{"int":1482583},"path":[]}}},{"layers":[{"identifier":"hplus:adaptive_archer"}],"predicate":{"firmament:component":{"component":"minecraft:dyed_color","match":{"int":3849848},"path":[]}}},{"layers":[{"identifier":"hplus:adaptive_berserker"}],"predicate":{"firmament:component":{"component":"minecraft:dyed_color","match":{"int":12255232},"path":[]}}},{"layers":[{"identifier":"hplus:adaptive_berserker"}],"predicate":{"firmament:component":{"component":"minecraft:dyed_color","match":{"int":16728642},"path":[]}}},{"layers":[{"identifier":"hplus:adaptive_healer"}],"predicate":{"firmament:component":{"component":"minecraft:dyed_color","match":{"int":16775142},"path":[]}}},{"layers":[{"identifier":"hplus:adaptive_healer"}],"predicate":{"firmament:component":{"component":"minecraft:dyed_color","match":{"int":16761396},"path":[]}}},{"layers":[{"identifier":"hplus:adaptive_mage"}],"predicate":{"firmament:component":{"component":"minecraft:dyed_color","match":{"int":7209120},"path":[]}}},{"layers":[{"identifier":"hplus:adaptive_mage"}],"predicate":{"firmament:component":{"component":"minecraft:dyed_color","match":{"int":13990399},"path":[]}}},{"layers":[{"identifier":"hplus:adaptive_tank"}],"predicate":{"firmament:component":{"component":"minecraft:dyed_color","match":{"int":2799013},"path":[]}}},{"layers":[{"identifier":"hplus:adaptive_tank"}],"predicate":{"firmament:component":{"component":"minecraft:dyed_color","match":{"int":8578008},"path":[]}}}]}