{"item_ids":["STARLIGHT_HELMET","STARLIGHT_CHESTPLATE","STARLIGHT_LEGGINGS","STARLIGHT_BOOTS"],"layers":[{"identifier":"hplus:starlight_dyed","tint":true},{"identifier":"hplus:starlight_overlay"}],"overrides":[{"layers":[{"identifier":"hplus:starlight"}],"predicate":{"firmament:component":{"component":"minecraft:dyed_color","match":{"int":13893887},"path":[]}}},{"layers":[{"identifier":"hplus:starlight"}],"predicate":{"firmament:component":{"component":"minecraft:equippable","match":{"string":"minecraft:gold"},"path":"asset_id"}}}]}