{"item_ids":["STRONG_DRAGON_CHESTPLATE","STRONG_DRAGON_LEGGINGS","STRONG_DRAGON_BOOTS"],"layers":[{"identifier":"hplus:strong_dragon_dyed","tint":true},{"identifier":"hplus:strong_dragon_overlay"}],"overrides":[{"layers":[{"identifier":"hplus:strong_dragon"}],"predicate":{"firmament:component":{"component":"minecraft:dyed_color","match":{"int":14229057},"path":[]}}},{"layers":[{"identifier":"hplus:strong_dragon"}],"predicate":{"firmament:component":{"component":"minecraft:dyed_color","match":{"int":14717977},"path":[]}}},{"layers":[{"identifier":"hplus:strong_dragon"}],"predicate":{"firmament:component":{"component":"minecraft:dyed_color","match":{"int":15782180},"path":[]}}}]}