{"item_ids":["SUPER_HEAVY_HELMET","SUPER_HEAVY_CHESTPLATE","SUPER_HEAVY_LEGGINGS","SUPER_HEAVY_BOOTS"],"layers":[{"identifier":"hplus:super_heavy_dyed","tint":true},{"identifier":"hplus:super_heavy_overlay"}],"overrides":[{"layers":[{"identifier":"hplus:super_heavy"}],"predicate":{"firmament:component":{"component":"minecraft:dyed_color","match":{"int":5923940},"path":[]}}},{"layers":[{"identifier":"hplus:super_heavy"}],"predicate":{"firmament:component":{"component":"minecraft:dyed_color","match":{"int":15132390},"path":[]}}}]}