{"item_ids":["SUPERIOR_DRAGON_CHESTPLATE","SUPERIOR_DRAGON_LEGGINGS","SUPERIOR_DRAGON_BOOTS"],"layers":[{"identifier":"hplus:superior_dragon_dyed","tint":true},{"identifier":"hplus:superior_dragon_overlay"}],"overrides":[{"layers":[{"identifier":"hplus:superior_dragon"}],"predicate":{"firmament:component":{"component":"minecraft:dyed_color","match":{"int":15916817},"path":[]}}},{"layers":[{"identifier":"hplus:superior_dragon"}],"predicate":{"firmament:component":{"component":"minecraft:dyed_color","match":{"int":15883544},"path":[]}}}]}