{"item_ids":["TANK_WITHER_CHESTPLATE","TANK_WITHER_LEGGINGS","TANK_WITHER_BOOTS"],"layers":[{"identifier":"hplus:tank_wither_dyed","tint":true},{"identifier":"hplus:tank_wither_overlay"}],"overrides":[{"layers":[{"identifier":"hplus:shiny_tank_wither"}],"predicate":{"firmament:all":[{"firmament:component":{"component":"minecraft:dyed_color","match":{"int":4538684},"path":[]}},{"firmament:extra_attributes":{"match":{"byte":1},"path":"is_shiny"}}]}},{"layers":[{"identifier":"hplus:shiny_tank_wither_dyed","tint":true},{"identifier":"hplus:shiny_tank_wither_overlay"}],"predicate":{"firmament:extra_attributes":{"match":{"byte":1},"path":"is_shiny"}}},{"layers":[{"identifier":"hplus:tank_wither"}],"predicate":{"firmament:component":{"component":"minecraft:dyed_color","match":{"int":4538684},"path":[]}}},{"layers":[{"identifier":"hplus:shiny_tank_wither"}],"predicate":{"firmament:all":[{"firmament:component":{"component":"minecraft:dyed_color","match":{"int":6643802},"path":[]}},{"firmament:extra_attributes":{"match":{"byte":1},"path":"is_shiny"}}]}},{"layers":[{"identifier":"hplus:shiny_tank_wither_dyed","tint":true},{"identifier":"hplus:shiny_tank_wither_overlay"}],"predicate":{"firmament:extra_attributes":{"match":{"byte":1},"path":"is_shiny"}}},{"layers":[{"identifier":"hplus:tank_wither"}],"predicate":{"firmament:component":{"component":"minecraft:dyed_color","match":{"int":6643802},"path":[]}}},{"layers":[{"identifier":"hplus:shiny_tank_wither"}],"predicate":{"firmament:all":[{"firmament:component":{"component":"minecraft:dyed_color","match":{"int":8946558},"path":[]}},{"firmament:extra_attributes":{"match":{"byte":1},"path":"is_shiny"}}]}},{"layers":[{"identifier":"hplus:shiny_tank_wither_dyed","tint":true},{"identifier":"hplus:shiny_tank_wither_overlay"}],"predicate":{"firmament:extra_attributes":{"match":{"byte":1},"path":"is_shiny"}}},{"layers":[{"identifier":"hplus:tank_wither"}],"predicate":{"firmament:component":{"component":"minecraft:dyed_color","match":{"int":8946558},"path":[]}}}]}