{"item_ids":["TERROR_CHESTPLATE","TERROR_LEGGINGS","TERROR_BOOTS"],"layers":[{"identifier":"hplus:terror_dyed","tint":true},{"identifier":"hplus:terror_overlay"}],"overrides":[{"layers":[{"identifier":"hplus:terror"}],"predicate":{"firmament:component":{"component":"minecraft:dyed_color","match":{"int":4064687},"path":[]}}},{"layers":[{"identifier":"hplus:terror"}],"predicate":{"firmament:component":{"component":"minecraft:dyed_color","match":{"int":6104017},"path":[]}}},{"layers":[{"identifier":"hplus:terror"}],"predicate":{"firmament:component":{"component":"minecraft:dyed_color","match":{"int":8144108},"path":[]}}}]}