{"item_ids":["WISE_WITHER_CHESTPLATE","WISE_WITHER_LEGGINGS","WISE_WITHER_BOOTS"],"layers":[{"identifier":"hplus:wise_wither_dyed","tint":true},{"identifier":"hplus:wise_wither_overlay"}],"overrides":[{"layers":[{"identifier":"hplus:shiny_wise_wither"}],"predicate":{"firmament:all":[{"firmament:component":{"component":"minecraft:dyed_color","match":{"int":1545156},"path":[]}},{"firmament:extra_attributes":{"match":{"byte":1},"path":"is_shiny"}}]}},{"layers":[{"identifier":"hplus:shiny_wise_wither_dyed","tint":true},{"identifier":"hplus:shiny_wise_wither_overlay"}],"predicate":{"firmament:extra_attributes":{"match":{"byte":1},"path":"is_shiny"}}},{"layers":[{"identifier":"hplus:wise_wither"}],"predicate":{"firmament:component":{"component":"minecraft:dyed_color","match":{"int":1545156},"path":[]}}},{"layers":[{"identifier":"hplus:shiny_wise_wither"}],"predicate":{"firmament:all":[{"firmament:component":{"component":"minecraft:dyed_color","match":{"int":1550532},"path":[]}},{"firmament:extra_attributes":{"match":{"byte":1},"path":"is_shiny"}}]}},{"layers":[{"identifier":"hplus:shiny_wise_wither_dyed","tint":true},{"identifier":"hplus:shiny_wise_wither_overlay"}],"predicate":{"firmament:extra_attributes":{"match":{"byte":1},"path":"is_shiny"}}},{"layers":[{"identifier":"hplus:wise_wither"}],"predicate":{"firmament:component":{"component":"minecraft:dyed_color","match":{"int":1550532},"path":[]}}},{"layers":[{"identifier":"hplus:shiny_wise_wither"}],"predicate":{"firmament:all":[{"firmament:component":{"component":"minecraft:dyed_color","match":{"int":1889508},"path":[]}},{"firmament:extra_attributes":{"match":{"byte":1},"path":"is_shiny"}}]}},{"layers":[{"identifier":"hplus:shiny_wise_wither_dyed","tint":true},{"identifier":"hplus:shiny_wise_wither_overlay"}],"predicate":{"firmament:extra_attributes":{"match":{"byte":1},"path":"is_shiny"}}},{"layers":[{"identifier":"hplus:wise_wither"}],"predicate":{"firmament:component":{"component":"minecraft:dyed_color","match":{"int":1889508},"path":[]}}}]}