{"item_ids":["WITHER_CHESTPLATE","WITHER_LEGGINGS","WITHER_BOOTS"],"layers":[{"identifier":"hplus:wither_dyed","tint":true},{"identifier":"hplus:wither_overlay"}],"overrides":[{"layers":[{"identifier":"hplus:shiny_wither"}],"predicate":{"firmament:all":[{"firmament:component":{"component":"minecraft:dyed_color","match":{"int":0},"path":[]}},{"firmament:extra_attributes":{"match":{"byte":1},"path":"is_shiny"}}]}},{"layers":[{"identifier":"hplus:shiny_wither_dyed","tint":true},{"identifier":"hplus:shiny_wither_overlay"}],"predicate":{"firmament:extra_attributes":{"match":{"byte":1},"path":"is_shiny"}}},{"layers":[{"identifier":"hplus:wither"}],"predicate":{"firmament:component":{"component":"minecraft:dyed_color","match":{"int":0},"path":[]}}}]}