{
  "predicates": {
    "label": {
      "regex": "InventoryScreenEquipmentQuickNavSkyblocker"
    }
  },
  "background": {
    "texture": "firmskyblock:textures/screen_layout/skyblocker_crafting_equipment.png",
    "x": -25,
    "y": 0,
    "width": 204,
    "height": 166
  },
  "containerTitle": {
    "x": -5000,
    "y": -5000
  },
  "slots": [
    {
      "index": 0,
      "x": 154,
      "y": 27
    },
    {
      "index": 1,
      "x": 104,
      "y": 17
    },
    {
      "index": 2,
      "x": 122,
      "y": 17
    },
    {
      "index": 3,
      "x": 104,
      "y": 35
    },
    {
      "index": 4,
      "x": 122,
      "y": 35
    },
    {
      "index": 45,
      "x": -5000,
      "y": -5000
    }
  ]
}