{
  "item_ids": [
    "SPEED_WITHER_CHESTPLATE",
    "SPEED_WITHER_LEGGINGS",
    "SPEED_WITHER_BOOTS"
  ],
  "layers": [
    {
      "identifier": "cittofirmgenerated:maxor"
    }
  ],
  "overrides": [
    {
      "layers": [
        {
          "identifier": "cittofirmgenerated:dungeon_master"
        }
      ],
      "predicate": {
        "firmament:extra_attributes": {
          "path": "uuid",
          "string": {
            "regex": "7fbad358-729e-4e18-b016-607ffe4e2920"
          }
        }
      }
    }
  ]
}