{
  "item_ids": [
    "POWER_WITHER_CHESTPLATE",
    "POWER_WITHER_LEGGINGS",
    "POWER_WITHER_BOOTS"
  ],
  "layers": [
    {
      "identifier": "cittofirmgenerated:necron"
    }
  ],
  "overrides": [
    {
      "layers": [
        {
          "identifier": "cittofirmgenerated:dungeon_master"
        }
      ],
      "predicate": {
        "firmament:extra_attributes": {
          "path": "uuid",
          "string": {
            "regex": "6664f22c-5af1-47f2-9e67-c3ebfcb99210"
          }
        }
      }
    }
  ]
}