{
    "modes": [
        "mining_3"
    ],
    "replacements": {
        "minecraft:light_blue_wool": {
            "block": "firmskyblock:high_tier_mithril",
            "sound": "minecraft:block.amethyst_block.hit"
        },
        "minecraft:prismarine": {
            "block": "firmskyblock:mid_tier_mithril",
            "sound": "minecraft:block.amethyst_block.hit"
        },
        "minecraft:prismarine_bricks": {
            "block": "firmskyblock:mid_tier_mithril_bricks",
            "sound": "minecraft:block.amethyst_block.hit"
        },
        "minecraft:dark_prismarine": {
            "block": "firmskyblock:mid_tier_mithril_dark",
            "sound": "minecraft:block.amethyst_block.hit"
        },
        "minecraft:gray_wool": {
            "block": "firmskyblock:low_tier_mithril_wool",
            "sound": "minecraft:block.amethyst_block.hit"
        },
        "minecraft:cyan_terracotta": {
            "block": "firmskyblock:low_tier_mithril_clay",
            "sound": "minecraft:block.amethyst_block.hit"
        }
    }
}